True_Sector,Pattern,F_T_STL,F_S_STL,F_R_STL,F_T_STL_EMD,F_S_STL_EMD,F_I_STL_EMD,Num_Kernels,Kernel_Expression,Operations
S2,Seasonal,0.396838504851064,0.39986466166677415,0.0,0.6139193064313437,0.6083047673843827,0.5957817687748994,4,(((Per(p=12)+Per(p=96))+RQ(α=1))+RBF(l=1)),"[np.str_('+'), np.str_('+'), np.str_('+')]"
S2,Seasonal,0.16012737138670852,0.3508515777550224,0.0,0.18219278234769765,0.3503887345868375,0.0,1,Per(p=336),['None']
S2,Seasonal,0.08172969394907603,0.24572858297363864,0.0,0.1629463423210662,0.365745791545672,0.3061884048097758,2,(Per(p=10)+WN(σ=1)),[np.str_('+')]
S2,Seasonal,0.0059059233187797044,0.9999866385086384,0.0,0.02201787295192137,0.9999914898697979,0.3630839336711309,1,Per(p=26),['None']
S2,Seasonal,0.9996833292765237,0.05780136094217214,0.0,0.9999897718545099,0.907157079725805,0.9684070344656015,1,Per(p=365),['None']
S2,Seasonal,0.025976399056297006,0.48120341510183695,0.0,0.007693963981090457,0.012610474902013946,0.0,2,(Per(p=336)+RBF(l=0.1)),[np.str_('+')]
S2,Seasonal,0.0,0.8577245644278019,0.0,0.09341716131036593,0.8970487517179442,0.38326588736531875,2,(Per(p=12)*Per(p=48)),[np.str_('*')]
S2,Seasonal,0.026530323869624062,0.21305886979929767,0.0,0.19342155551885576,0.4194408168954653,0.3824081315972686,4,(((Per(p=96)+Per(p=672))+Per(p=96))*WN(σ=0.1)),"[np.str_('+'), np.str_('+'), np.str_('*')]"
S2,Seasonal,0.21464612293270502,0.23002395530742203,0.0,0.32336143696377173,0.3151440396456755,0.3162646775115665,3,((RQ(α=0.1)+RQ(α=1))*Per(p=4)),"[np.str_('+'), np.str_('*')]"
S2,Seasonal,0.09506053458295027,0.999935423743293,0.0,0.2018472014825171,0.9999531185836136,0.2750476673977479,1,Per(p=7),['None']
S4,Trending,0.9998930035408066,0.15850770456625696,0.0,0.9999356003120338,0.2787838183593562,0.39746292222104584,2,(RBF(l=0.1)+Lin(σ=0)),[np.str_('+')]
S2,Seasonal,0.17599001158668526,0.5011373010394584,0.0,0.46047622962990176,0.8272743221106391,0.786358291628724,3,((RBF(l=10)*Per(p=52))+Per(p=30)),"[np.str_('*'), np.str_('+')]"
S2,Seasonal,0.7011054028253615,0.8706606385004113,0.0,0.879668718167328,0.9805601138356375,0.8693374688888713,2,(Per(p=60)+Per(p=30)),[np.str_('+')]
S1,Composite,0.9998660322101887,0.27088119720871295,0.0,0.999959352288071,0.5917879242537076,0.6964780628685056,5,((((RBF(l=10)*Per(p=48))+Per(p=26))*RQ(α=10))+Lin(σ=0)),"[np.str_('*'), np.str_('+'), np.str_('*'), np.str_('+')]"
S3,Stationary,0.2024495772902425,0.2976263922742963,0.0,0.25977790691025837,0.37779538509621746,0.23589691342669095,1,RBF(l=0.1),['None']
S3,Stationary,0.2564627851651894,0.5541792544802828,0.0,0.47980882726134,0.8557529715472277,0.7893468477428115,1,RQ(α=10),['None']
S2,Seasonal,0.9876188798282337,0.9966147528218083,0.0,0.99402690435797,0.9983583177617993,0.5293377207026513,3,((Per(p=10)*Per(p=672))*Per(p=365)),"[np.str_('*'), np.str_('*')]"
S4,Trending,0.9999999997031357,0.17118088240327267,0.0,0.9999999998009372,0.3171990753244822,0.3294480285313912,1,Lin(σ=1),['None']
S2,Seasonal,0.6588271002744538,0.6270455769754892,0.0,0.6588234003241549,0.6269970853730028,0.0,1,Per(p=4),['None']
S2,Seasonal,0.6764146646998934,0.9642092903410142,0.0,0.7303639425318734,0.9894628264883921,0.7119004207991976,1,Per(p=30),['None']
S2,Seasonal,0.9983881363458114,0.04188685180067675,0.0,0.9999865815559826,0.5741934131736937,0.9919238837596941,1,Per(p=365),['None']
S2,Seasonal,0.02745383768107912,0.41185272349949076,0.0,0.04418638964791899,0.6446337639767671,0.5874029054540126,5,((((Per(p=168)+Per(p=96))+RBF(l=1))*Per(p=26))+Per(p=96)),"[np.str_('+'), np.str_('+'), np.str_('*'), np.str_('+')]"
S2,Seasonal,0.14794572162165576,0.37546951072627144,0.0,0.035402195634322675,0.28408843686077634,0.19166968972002385,3,((Per(p=10)+Per(p=6))*Per(p=30)),"[np.str_('+'), np.str_('*')]"
S2,Seasonal,0.97210097826465,0.9811538785518386,0.0,0.9775603572806003,0.9866869625793144,0.2975862164122587,3,((Per(p=52)+Per(p=7))+Per(p=60)),"[np.str_('+'), np.str_('+')]"
S2,Seasonal,0.0,0.997544434368611,0.0,0.1366297953626342,0.9994963887641283,0.7954593205529391,1,Per(p=48),['None']
S2,Seasonal,0.9865406962351356,0.9516629452493308,0.0,0.9975690911408821,0.9905999376682898,0.8380915718947402,3,((Const(1)*Per(p=96))+Per(p=730)),"[np.str_('*'), np.str_('+')]"
S2,Seasonal,0.9788320910207704,0.9416737825989424,0.0,0.9784195392171837,0.9423133158244185,0.01293723420530346,3,((Per(p=6)+Per(p=52))+RBF(l=10)),"[np.str_('+'), np.str_('+')]"
S2,Seasonal,0.018035550017951874,0.22006597261428618,0.0,0.17235982773951797,0.35517928008697885,0.3585047126254919,5,((((WN(σ=1)+Per(p=52))+Per(p=4))+RBF(l=1))*WN(σ=1)),"[np.str_('+'), np.str_('+'), np.str_('+'), np.str_('*')]"
S2,Seasonal,0.11884576233507815,0.6012973392044564,0.0,0.3213716877912821,0.8752682509059211,0.8086119395749165,3,((Per(p=52)+Per(p=40))*Per(p=52)),"[np.str_('+'), np.str_('*')]"
S2,Seasonal,0.0,0.3132753610402176,0.0,0.011341405315023922,0.4708772629283139,0.41141478559732925,2,(Per(p=7)*Per(p=52)),[np.str_('*')]
S2,Seasonal,0.45380480581103844,0.23876691480317658,0.0,0.630561762925842,0.3538861121738879,0.5093029231876416,3,((Per(p=10)*RBF(l=10))+Per(p=24)),"[np.str_('*'), np.str_('+')]"
S2,Seasonal,0.2013698293373235,0.1976114412886325,0.0,0.25848354038255483,0.349580924313072,0.3842857210849663,4,(((Per(p=96)*RQ(α=10))*Per(p=4))*Per(p=730)),"[np.str_('*'), np.str_('*'), np.str_('*')]"
S1,Composite,0.9723347913753768,0.9966926376431057,0.0,0.9887289731866814,0.9987007311513582,0.6065830144178725,3,((Per(p=52)*Lin(σ=1))+Per(p=26)),"[np.str_('*'), np.str_('+')]"
S2,Seasonal,0.11184772130737552,0.13759400381434572,0.0,0.26206278693246376,0.2444498915710419,0.25920332770072885,4,(((Per(p=730)*Per(p=24))*RBF(l=10))*WN(σ=1)),"[np.str_('*'), np.str_('*'), np.str_('*')]"
S2,Seasonal,0.03595037568040571,0.6124034961053351,0.0,0.30460898982283635,0.6170598942783982,0.018971889211518045,1,Per(p=4),['None']
S2,Seasonal,0.32702925660234294,0.5423646468011702,0.0,0.5991543178595389,0.822241078774185,0.7599413943799318,5,((((RQ(α=1)+Per(p=96))*RBF(l=10))*RQ(α=10))+Per(p=26)),"[np.str_('+'), np.str_('*'), np.str_('*'), np.str_('+')]"
S2,Seasonal,0.1336026581608093,0.29257972936884336,0.0,0.4902747739158684,0.7916760131797708,0.8388507902416381,3,((RBF(l=10)*Per(p=40))*Per(p=365)),"[np.str_('*'), np.str_('*')]"
S2,Seasonal,0.16164643957863845,0.2120981185696651,0.0,0.2200287770358622,0.33238504027621973,0.28696636750642424,3,((Const(1)*WN(σ=0.1))*Per(p=52)),"[np.str_('*'), np.str_('*')]"
S2,Seasonal,0.07246666006229707,0.9999886396996955,0.0,0.18969562178227262,0.9999927731089429,0.363652911026061,2,(Per(p=10)*Per(p=10)),[np.str_('*')]
S1,Composite,0.9999999991816566,0.999996276884328,0.0,0.999999999438808,0.9999974467038909,0.3142329564320788,2,(Per(p=6)+Lin(σ=10)),[np.str_('+')]
S2,Seasonal,0.1910759152857131,0.1452301534575431,0.0,0.43097668538561396,0.20454270584526202,0.2653058240809901,2,(WN(σ=0.1)*Per(p=7)),[np.str_('*')]
S2,Seasonal,0.27073627754685503,0.11341405367784996,0.0,0.5618763721064104,0.14212114925781216,0.27051215855590216,3,((RBF(l=0.1)*Per(p=24))*RBF(l=10)),"[np.str_('*'), np.str_('*')]"
S2,Seasonal,0.3078809381077219,0.6233719794463144,0.0,0.0,1.678252237613531e-05,0.0,3,((Per(p=672)*Per(p=168))+RQ(α=0.1)),"[np.str_('*'), np.str_('+')]"
S2,Seasonal,0.023126129667828565,0.9999873891685817,0.0,0.05445735947883601,0.9999917507134137,0.34567945188963833,1,Per(p=26),['None']
S1,Composite,0.9997535202944438,0.13758412391699082,0.0,0.9999136681671017,0.602615680586122,0.6498994721081555,4,(((RBF(l=10)*Per(p=168))+Lin(σ=10))+Per(p=14)),"[np.str_('*'), np.str_('+'), np.str_('+')]"
S2,Seasonal,0.19158135138079424,0.2305812461736687,0.0,0.32740282102239315,0.35874108516654846,0.44391311322608806,2,(RBF(l=1)*Per(p=10)),[np.str_('*')]
S2,Seasonal,0.7048801520766436,0.37487517486742783,0.0,0.812446270331262,0.5245915625505824,0.42250540169476825,4,(((Per(p=7)*RBF(l=1))+Per(p=730))+Per(p=24)),"[np.str_('*'), np.str_('+'), np.str_('+')]"
S2,Seasonal,0.49281517767568583,0.5076920601224735,0.0,0.4519604585143716,0.6155037190127969,0.34228971883455306,5,((((Per(p=4)+Per(p=7))+Per(p=60))+Per(p=4))*Per(p=10)),"[np.str_('+'), np.str_('+'), np.str_('+'), np.str_('*')]"
S2,Seasonal,0.39661552009615075,0.5284602739627267,0.0,0.36681144725485704,0.5329764036861193,0.020856489349334817,1,Per(p=24),['None']
S4,Trending,0.999999998620346,0.217284967176279,0.0,0.9999999990025774,0.32213316888324894,0.27704879577165475,1,Lin(σ=0),['None']
S2,Seasonal,0.07375607309901933,0.5128903007227581,0.0,0.08244695432855376,0.6991564066237177,0.540630148989431,3,((RQ(α=1)+Per(p=10))*Per(p=6)),"[np.str_('+'), np.str_('*')]"
S2,Seasonal,0.22705421630078038,0.04424148314677745,0.0,0.5141442286470934,0.06352691474384242,0.24786385588165427,4,(((Per(p=52)+Per(p=26))*Per(p=24))*WN(σ=0.1)),"[np.str_('+'), np.str_('*'), np.str_('*')]"
S2,Seasonal,0.002708456931653891,0.989775523034131,0.0,0.004282413316194278,0.9908423664560095,0.13206055352545665,2,(Per(p=48)+Per(p=24)),[np.str_('+')]
S1,Composite,0.9982404815118631,0.0,0.0,0.9993319230019364,0.08255886230929999,0.6368163322241248,5,((((Lin(σ=0)*Lin(σ=1))*Per(p=730))*Per(p=730))+Per(p=6)),"[np.str_('*'), np.str_('*'), np.str_('*'), np.str_('+')]"
S2,Seasonal,0.3992535040405387,0.5473676451237186,0.0,0.2325440735218559,0.6939630165071013,0.4884658507477152,2,(Per(p=60)+Per(p=26)),[np.str_('+')]
S1,Composite,0.10731729938196999,0.16376952988299176,0.0,0.40090291433531844,0.6234357664936231,0.8342069826607483,4,(((Per(p=26)+Lin(σ=10))*RQ(α=10))*Per(p=365)),"[np.str_('+'), np.str_('*'), np.str_('*')]"
S2,Seasonal,0.3138229431797206,0.8493260507948717,0.0,0.1942260932288542,0.8910411240792293,0.2853204392529317,2,(Per(p=24)+Per(p=40)),[np.str_('+')]
S2,Seasonal,0.10097699279801164,0.3069375782002909,0.0,0.19327503569783488,0.7339658450376189,0.6552753095708731,3,((Per(p=730)+RBF(l=0.1))+RQ(α=1)),"[np.str_('+'), np.str_('+')]"
S1,Composite,0.99999993256623,0.9999941203232289,0.0,0.9999999530136268,0.999995901581421,0.30323890936442144,3,((Lin(σ=1)+Per(p=14))+Per(p=14)),"[np.str_('+'), np.str_('+')]"
S4,Trending,0.9998609104895984,0.20019093010733424,0.0,0.999922180694247,0.3767387751541378,0.4406044915831817,2,(Lin(σ=10)+RQ(α=0.1)),[np.str_('+')]
S1,Composite,0.9999890156970802,0.11434037568282107,0.0,0.9999922884035716,0.1880043258286751,0.29851759344905904,3,((Per(p=24)*RBF(l=0.1))+Lin(σ=1)),"[np.str_('*'), np.str_('+')]"
S2,Seasonal,0.6729522524886125,0.8125767062400809,0.0,0.853913005486958,0.9560382947994885,0.8005454443565692,3,((Per(p=24)+Per(p=60))+Per(p=336)),"[np.str_('+'), np.str_('+')]"
S2,Seasonal,0.9139924889499886,0.7271989163649422,0.0,0.9819750545198245,0.9433406832742294,0.8389759865731159,2,(Per(p=12)+RBF(l=10)),[np.str_('+')]
S2,Seasonal,0.005837003865983403,0.6566836356902198,0.0,0.025004974661846147,0.7445054938408078,0.35945650867786405,3,((Per(p=30)*WN(σ=0.1))+Per(p=52)),"[np.str_('*'), np.str_('+')]"
S2,Seasonal,0.0,0.5197663302092532,0.0,0.05188418650206206,0.7578351091645048,0.6898311419633412,2,(Per(p=24)+Per(p=30)),[np.str_('+')]
S2,Seasonal,0.12825438965607106,0.24172517168875474,0.0,0.21925453184488108,0.38708584984328276,0.341359837148541,3,((Per(p=26)*RQ(α=0.1))+WN(σ=0.1)),"[np.str_('*'), np.str_('+')]"
S2,Seasonal,0.0,0.884602938193453,0.0,0.01761848268504107,0.8681344797779361,0.0,3,((Per(p=365)+RBF(l=0.1))*Per(p=730)),"[np.str_('+'), np.str_('*')]"
S3,Stationary,0.09639108993731171,0.09556316951260546,0.0,0.3766560439287868,0.21982030161855692,0.35328096996929215,1,Const(1),['None']
S2,Seasonal,0.045339132854395725,0.15648626606990168,0.0,0.13966454141886675,0.7960571079611851,0.8548108159443479,3,((Per(p=365)*Per(p=40))*RQ(α=10)),"[np.str_('*'), np.str_('*')]"
S2,Seasonal,0.9078266836977761,0.867528380023888,0.0,0.9346547692701515,0.90925676597872,0.34530361647551755,2,(RBF(l=10)+Per(p=672)),[np.str_('+')]
S2,Seasonal,0.1714456395448699,0.21655318368320953,0.0,0.30735877382217003,0.41362849808058144,0.5844863539419802,3,((RQ(α=1)*Per(p=48))*Per(p=48)),"[np.str_('*'), np.str_('*')]"
S2,Seasonal,0.3196613444136772,0.6074720951029327,0.0,0.5155350947386199,0.732086128038417,0.43239284486254104,4,(((Per(p=26)+Per(p=96))+RBF(l=1))*Per(p=4)),"[np.str_('+'), np.str_('+'), np.str_('*')]"
S2,Seasonal,0.2192371609666014,0.4775333789438576,0.0,0.26183672338343456,0.6852663639212331,0.5544903893943356,3,((Per(p=7)*Per(p=10))*Per(p=336)),"[np.str_('*'), np.str_('*')]"
S3,Stationary,0.32832980897540875,0.5993766161569984,0.0,0.6055704488714418,0.89114051978529,0.7603000312534257,2,(RBF(l=10)+RQ(α=10)),[np.str_('+')]
S2,Seasonal,0.11692107895053871,0.6276289091931682,0.0,0.0,0.0,0.0,5,((((RQ(α=10)+Per(p=336))+Const(1))+RQ(α=1))+Per(p=365)),"[np.str_('+'), np.str_('+'), np.str_('+'), np.str_('+')]"
S3,Stationary,0.09872179705100115,0.222751134105324,0.0,0.31760907082598855,0.5299971830476369,0.7116580618408112,1,RQ(α=1),['None']
S2,Seasonal,0.7164423865898117,0.46347465769993024,0.0,0.7134856996497452,0.4687216997922514,0.02278444165955118,2,(Per(p=168)+Per(p=4)),[np.str_('+')]
S2,Seasonal,0.39038255859895354,0.45901410381024876,0.0,0.47478812027667827,0.5813227174049782,0.3500004989893075,5,((((RBF(l=0.1)*Per(p=336))*RQ(α=0.1))+Per(p=672))*Per(p=48)),"[np.str_('*'), np.str_('*'), np.str_('+'), np.str_('*')]"
S2,Seasonal,0.0,0.9975722148230931,0.0,0.5774616603092873,0.9998905947479452,0.9553235434437077,1,Per(p=52),['None']
S2,Seasonal,0.1871794436686648,0.3331467766169771,0.0,0.27702181663630854,0.5884260636167344,0.5673616039316098,4,(((Per(p=52)+RBF(l=0.1))*RBF(l=10))+Per(p=96)),"[np.str_('+'), np.str_('*'), np.str_('+')]"
S2,Seasonal,0.1287043054425655,0.34305870131456084,0.0,0.32751685173675515,0.4520202288868673,0.3650756538778148,3,((Per(p=12)*Per(p=7))*Per(p=336)),"[np.str_('*'), np.str_('*')]"
S4,Trending,0.9999999804605373,0.15346369342044675,0.0,0.9999999860239803,0.21078074102611977,0.2847208019791655,1,Lin(σ=0),['None']
S3,Stationary,0.21674406271213287,0.5178665787731297,0.0,0.6712514834466841,0.9310323316900496,0.926389795382938,2,(RBF(l=10)+WN(σ=0.1)),[np.str_('+')]
S1,Composite,0.21823545030371005,0.1583932359884208,0.0,0.4639883952475009,0.34345323174592113,0.7071434570062299,5,((((Per(p=48)*Lin(σ=1))*Per(p=26))*Per(p=12))+Per(p=730)),"[np.str_('*'), np.str_('*'), np.str_('*'), np.str_('+')]"
S2,Seasonal,0.9048082952214659,0.9828927461186161,0.0,0.8981750750636524,0.98294520285652,0.0037507601362158915,2,(Per(p=40)+Per(p=6)),[np.str_('+')]
S3,Stationary,0.13571497518888087,0.1370238586321939,0.0,0.36592490710562775,0.2526639133616061,0.3588277353631557,1,WN(σ=1),['None']
S2,Seasonal,0.02227544593441899,0.38636827152083986,0.0,0.6812570110328293,0.9444227607385584,0.9079096724549814,3,((Per(p=365)+Per(p=96))*RBF(l=10)),"[np.str_('+'), np.str_('*')]"
S1,Composite,0.46901961621096966,0.6741059027623839,0.0,0.9068247803839982,0.9597745797018906,0.9127609049965812,4,(((Per(p=96)*Lin(σ=1))*Per(p=96))+Per(p=26)),"[np.str_('*'), np.str_('*'), np.str_('+')]"
S2,Seasonal,0.14913028845364762,0.696846432091347,0.0,0.4673143248639935,0.9373598772667795,0.8522128266007942,3,((Per(p=60)*Const(1))*Per(p=52)),"[np.str_('*'), np.str_('*')]"
S2,Seasonal,0.10301800835588115,0.31122228903699944,0.0,0.21934485001219106,0.5195872208345309,0.5139320551535171,3,((Per(p=14)+Per(p=14))*RBF(l=1)),"[np.str_('+'), np.str_('*')]"
S4,Trending,0.9999906413513127,0.3001000028906461,0.0,0.9999951076298865,0.47187642661080076,0.4772932777924349,2,(RBF(l=1)+Lin(σ=10)),[np.str_('+')]
S1,Composite,0.9191241566711039,0.8222185567788806,0.0,0.9496183183277905,0.9088420837502049,0.5042321368744264,4,(((WN(σ=0.1)+Per(p=12))+Per(p=365))*Lin(σ=1)),"[np.str_('+'), np.str_('+'), np.str_('*')]"
S2,Seasonal,0.11873483229569115,0.9999896789568976,0.0,0.24141653690031672,0.999993193486782,0.3407931434297059,1,Per(p=6),['None']
S2,Seasonal,0.055301806691434474,0.999979575982115,0.0,0.05606944547955672,0.9999872057810305,0.37401000135422025,1,Per(p=26),['None']
S2,Seasonal,0.0,0.9959969312272619,0.0,0.4577388678520574,0.9996678706851659,0.9178654852290649,1,Per(p=48),['None']
S3,Stationary,0.11525985817131812,0.1838268987642212,0.0,0.2779485726041423,0.2972141328302832,0.2865745222807484,1,WN(σ=1),['None']
S1,Composite,0.9999994212264165,0.9783215049368122,0.0,0.9999998679918273,0.9948570143483302,0.7719413539351956,3,((Per(p=30)*Per(p=730))+Lin(σ=1)),"[np.str_('*'), np.str_('+')]"
S1,Composite,0.9974975634995187,0.5772434943567778,0.0,0.9983574379476216,0.6906546955640278,0.3465083169305915,5,((((Per(p=40)+RQ(α=1))+Per(p=4))+Const(1))+Lin(σ=10)),"[np.str_('+'), np.str_('+'), np.str_('+'), np.str_('+')]"
S2,Seasonal,0.0,0.9468421076445729,0.0,0.2784115481642586,0.9915340038840582,0.8283035757468111,2,(Per(p=52)+Per(p=96)),[np.str_('+')]
S2,Seasonal,0.0,0.27005250672962,0.0,0.022342634265063666,0.49528486086076906,0.45936389594090066,5,((((Per(p=24)+Per(p=30))*Per(p=52))*WN(σ=0.1))*Const(1)),"[np.str_('+'), np.str_('*'), np.str_('*'), np.str_('*')]"
S1,Composite,0.9999220534975224,0.03330959320903515,0.0,0.999987060097528,0.46430981827818163,0.8354972314299391,3,((Lin(σ=10)+Per(p=14))*Per(p=672)),"[np.str_('+'), np.str_('*')]"
S3,Stationary,0.036863903080383564,0.23562511527875107,0.0,0.13684667393472716,0.38194522648698714,0.33277098695965235,1,WN(σ=0.1),['None']
S2,Seasonal,0.059864028267911484,0.9999916251970622,0.0,0.15867124615623585,0.9999943733208675,0.3278124618109811,1,Per(p=12),['None']
S2,Seasonal,0.5586984329448588,0.7300157549663482,0.0,0.8641214385762633,0.9311104554582863,0.8095309035030516,5,((((Per(p=40)*RBF(l=10))+Per(p=14))+RQ(α=10))+Per(p=30)),"[np.str_('*'), np.str_('+'), np.str_('+'), np.str_('+')]"
S2,Seasonal,0.1838396986143942,0.1867932236704305,0.0,0.2514549725579712,0.36023488113641344,0.4466981848025915,3,((Per(p=24)+RBF(l=1))*RBF(l=1)),"[np.str_('+'), np.str_('*')]"
S1,Composite,0.4635976568897274,0.8210456240249863,0.0,0.8767762008431891,0.9843348625628605,0.9218309477192916,3,((Per(p=48)+Per(p=14))*Lin(σ=1)),"[np.str_('+'), np.str_('*')]"
S2,Seasonal,0.3474571620050394,0.4914675160541775,0.0,0.47709272201391795,0.6756619168013056,0.5478233220379614,5,((((Per(p=12)*Per(p=48))+Per(p=336))*Per(p=12))+Per(p=40)),"[np.str_('*'), np.str_('+'), np.str_('*'), np.str_('+')]"
S2,Seasonal,0.11718945767299638,0.5432353790373194,0.0,0.24276982434419547,0.650162440930375,0.3246661140582787,4,(((RBF(l=10)*RBF(l=0.1))*RQ(α=1))+Per(p=7)),"[np.str_('*'), np.str_('*'), np.str_('+')]"
S4,Trending,0.9999999998216558,0.265142028594227,0.0,0.9999999998784586,0.36049258730903777,0.31850080677019965,1,Lin(σ=10),['None']
S1,Composite,0.9999762637379515,0.6622756058498948,0.0,0.9999907186117497,0.8298663604686424,0.6088528209522892,5,((((RQ(α=1)*Const(1))+RBF(l=1))+Lin(σ=0))+Per(p=52)),"[np.str_('*'), np.str_('+'), np.str_('+'), np.str_('+')]"
S3,Stationary,0.19091432883161974,0.11757553125893716,0.0,0.4288151326999776,0.1539959861117508,0.23702676145653911,1,WN(σ=1),['None']
S3,Stationary,0.040914226663400166,0.41237439299422585,0.0,0.20046017664359606,0.7732188453833883,0.8312776412189797,3,((Const(1)+RQ(α=1))+RQ(α=10)),"[np.str_('+'), np.str_('+')]"
S1,Composite,0.5123172026202627,0.5621038870669641,0.0,0.913425143484412,0.9370117107383571,0.8967313389113146,3,((Per(p=24)*Per(p=168))*Lin(σ=0)),"[np.str_('*'), np.str_('*')]"
S2,Seasonal,0.0,0.9976920623256135,0.0,0.3842733193096006,0.9989278984674579,0.5451789754980473,1,Per(p=48),['None']
S2,Seasonal,0.33595334168967717,0.4500951978407134,0.0,0.4311261954169514,0.544028617219454,0.47195741246028944,5,((((Per(p=4)+RBF(l=10))+Per(p=40))*Per(p=7))*Per(p=7)),"[np.str_('+'), np.str_('+'), np.str_('*'), np.str_('*')]"
S1,Composite,0.9997794439928068,0.8286857274520454,0.0,0.999986623638085,0.986498243098893,0.939372611935798,2,(Per(p=96)+Lin(σ=0)),[np.str_('+')]
S2,Seasonal,0.22777603904691734,0.24284078770093742,0.0,0.3414439283995405,0.4509262096965134,0.5050802226153803,4,(((Per(p=730)+Per(p=40))*Per(p=60))*RBF(l=1)),"[np.str_('+'), np.str_('*'), np.str_('*')]"
S1,Composite,0.08737948866926204,0.16248045000187883,0.0,0.22769140114752273,0.3124307327378366,0.5661735254818286,4,(((Per(p=12)+RBF(l=1))+Lin(σ=0))*RQ(α=1)),"[np.str_('+'), np.str_('+'), np.str_('*')]"
S2,Seasonal,0.23862046620100064,0.2814797389511554,0.0,0.350943118234055,0.48598242947058,0.4906420706681557,4,(((RBF(l=10)*RBF(l=1))*Per(p=40))*Per(p=26)),"[np.str_('*'), np.str_('*'), np.str_('*')]"
S1,Composite,0.011687375776858189,0.08060043197689015,0.0,0.07668646101082444,0.2677677954157912,0.4121749175560824,5,((((Lin(σ=10)*Per(p=26))+RBF(l=10))*RQ(α=0.1))+Lin(σ=1)),"[np.str_('*'), np.str_('+'), np.str_('*'), np.str_('+')]"
S2,Seasonal,0.08157947126562481,0.6727143348325189,0.0,0.0,0.7271278095316449,0.21536967939742235,1,Per(p=7),['None']
S2,Seasonal,0.18048704694705076,0.2104986134194038,0.0,0.34326923482290217,0.3316861054165803,0.36192448449919223,5,((((RBF(l=0.1)+Per(p=7))*RBF(l=1))*Per(p=12))*Per(p=730)),"[np.str_('+'), np.str_('*'), np.str_('*'), np.str_('*')]"
S2,Seasonal,0.35343314293291794,0.4499861996736719,0.0,0.6458546973501486,0.8291593148597715,0.8465230828769706,4,(((Per(p=40)+RQ(α=1))+Per(p=24))+Per(p=60)),"[np.str_('+'), np.str_('+'), np.str_('+')]"
S2,Seasonal,0.024003627339285405,0.6070467257498406,0.0,0.060608689282927064,0.7485285336586497,0.4594433015356014,3,((Per(p=30)*RQ(α=0.1))+Per(p=52)),"[np.str_('*'), np.str_('+')]"
S2,Seasonal,0.06430856704921395,0.8618643773195986,0.0,0.0,0.4007440577220486,0.0,1,Per(p=365),['None']
S2,Seasonal,0.048902396514637125,0.5264999577529399,0.0,0.13044662119090533,0.7431458749914568,0.5874107897076056,3,((WN(σ=0.1)+RBF(l=1))+Per(p=52)),"[np.str_('+'), np.str_('+')]"
S2,Seasonal,0.20822424192560196,0.23104944945359862,0.0,0.6019237400669566,0.7087198351701351,0.793471996781983,5,((((Per(p=365)+RBF(l=1))+Per(p=365))*Per(p=26))*Per(p=96)),"[np.str_('+'), np.str_('+'), np.str_('*'), np.str_('*')]"
S2,Seasonal,0.058328416516715276,0.5375973595546963,0.0,0.015455581843476063,0.0,0.0,5,((((Const(1)+RBF(l=10))+Per(p=24))*Per(p=10))*Per(p=365)),"[np.str_('+'), np.str_('+'), np.str_('*'), np.str_('*')]"
S1,Composite,0.9273296211715905,0.5365647423625846,0.0,0.9718861500877342,0.8065337708052601,0.6265501070195988,4,(((RQ(α=0.1)+RQ(α=1))+Per(p=168))+Lin(σ=10)),"[np.str_('+'), np.str_('+'), np.str_('+')]"
S2,Seasonal,0.14269585612194025,0.9999889518228573,0.0,0.2463065653660722,0.9999920623825046,0.2813029961603748,1,Per(p=6),['None']
S1,Composite,0.9986456766276922,0.3018214178240417,0.0,0.9994616813170843,0.5649832820417475,0.6034124006519528,4,(((Lin(σ=0)+RBF(l=0.1))+RBF(l=1))+Per(p=96)),"[np.str_('+'), np.str_('+'), np.str_('+')]"
S2,Seasonal,0.20549666019000845,0.6182131722301851,0.0,0.20603733772917932,0.7954998071540259,0.5407451210153293,5,((((Per(p=14)+Per(p=60))+Per(p=60))*Per(p=10))+Per(p=6)),"[np.str_('+'), np.str_('+'), np.str_('*'), np.str_('+')]"
S1,Composite,0.33422451797932373,0.8402460675218678,0.0,0.0,0.5160808367790306,0.0,5,((((Per(p=4)+Lin(σ=0))*Per(p=365))+RBF(l=1))+Per(p=6)),"[np.str_('+'), np.str_('*'), np.str_('+'), np.str_('+')]"
S2,Seasonal,0.2139814180618328,0.4368654517312871,0.0,0.30831733586404264,0.529525778342707,0.26305647906519214,3,((Per(p=6)*Per(p=4))*Per(p=60)),"[np.str_('*'), np.str_('*')]"
S2,Seasonal,0.5352200196942787,0.677542594586505,0.0,0.6084581749474869,0.7291879268631712,0.22200081245953962,4,(((Const(1)+Per(p=30))+RQ(α=10))*Per(p=4)),"[np.str_('+'), np.str_('+'), np.str_('*')]"
S2,Seasonal,0.07587231182846721,0.4612119390467485,0.0,0.09144845462182916,0.7526008303028862,0.5156429155326074,5,((((RQ(α=1)*Per(p=30))+RBF(l=10))*RQ(α=10))+Per(p=672)),"[np.str_('*'), np.str_('+'), np.str_('*'), np.str_('+')]"
S2,Seasonal,0.6382795302620976,0.7116097716072454,0.0,0.749086798521887,0.8011154351557008,0.3683058032449169,3,((Per(p=14)*Per(p=336))*Const(1)),"[np.str_('*'), np.str_('*')]"
S2,Seasonal,0.29180350227384866,0.43492773893555436,0.0,0.38400070562333133,0.7094113923106402,0.6862379608765539,5,((((Per(p=10)*Per(p=7))+Per(p=96))+Per(p=14))+Per(p=24)),"[np.str_('*'), np.str_('+'), np.str_('+'), np.str_('+')]"
S1,Composite,0.2203773830675807,0.23916006264043488,0.0,0.45359785358496774,0.3836903233121183,0.60166700771753,4,(((Per(p=7)+Lin(σ=10))*Per(p=10))*Per(p=24)),"[np.str_('+'), np.str_('*'), np.str_('*')]"
S2,Seasonal,0.8058112199556822,0.7012299225997338,0.0,0.8433125331510979,0.7960119644957864,0.3494710536835439,4,(((Per(p=12)+Per(p=168))+WN(σ=0.1))+Per(p=365)),"[np.str_('+'), np.str_('+'), np.str_('+')]"
S2,Seasonal,0.14841506016661143,0.9999734567779021,0.0,0.27718809846988524,0.9999810265257604,0.28527202696391873,1,Per(p=4),['None']
S2,Seasonal,0.19463919579817857,0.37087089397936757,0.0,0.5686392351091173,0.8658707192868292,0.8968360321070441,4,(((Per(p=96)*Per(p=96))+Per(p=60))*Per(p=336)),"[np.str_('*'), np.str_('+'), np.str_('*')]"
S3,Stationary,0.1382942010643493,0.135362888891585,0.0,0.32494856571555786,0.22745352777067585,0.2712012403287447,1,RBF(l=0.1),['None']
S2,Seasonal,0.03918843508812231,0.9999636748950037,0.0,0.03135990625329854,0.9999768973149218,0.36446860788740154,1,Per(p=30),['None']
S3,Stationary,0.12115228807420442,0.27617838020944907,0.0,0.17193927034092216,0.3537270498065632,0.3452581503078831,1,RQ(α=0.1),['None']
S2,Seasonal,0.10448562000276773,0.2781473115338359,0.0,0.18522613934551468,0.4973892002468321,0.5839835050855248,4,(((Per(p=40)+Per(p=6))+Per(p=30))*RBF(l=1)),"[np.str_('+'), np.str_('+'), np.str_('*')]"
S2,Seasonal,0.00688292719114203,0.7996176259510704,0.0,0.056636572998189916,0.8239162088354697,0.18497074109725464,3,((Per(p=26)+Per(p=30))+Per(p=24)),"[np.str_('+'), np.str_('+')]"
S2,Seasonal,0.13466581298836922,0.26240435028297227,0.0,0.23473977162352444,0.3901223468826769,0.3323355489376314,4,(((Per(p=12)*RQ(α=1))+RQ(α=10))*RQ(α=0.1)),"[np.str_('*'), np.str_('+'), np.str_('*')]"
S2,Seasonal,0.009553526532239953,0.6404610667983431,0.0,0.04814210518951911,0.7182652565906456,0.3285978353066423,3,((Per(p=26)*RBF(l=0.1))+Per(p=48)),"[np.str_('*'), np.str_('+')]"
S2,Seasonal,0.26322211974033094,0.8067787551358016,0.0,0.17339539592976305,0.8170067612653307,0.054171437515142196,4,(((Per(p=48)*Per(p=6))*Per(p=48))+Per(p=4)),"[np.str_('*'), np.str_('*'), np.str_('+')]"
S2,Seasonal,0.980897704609192,0.9865783952289835,0.0,0.999465040250466,0.999675585157084,0.9753196075977273,2,(Per(p=365)+Per(p=30)),[np.str_('+')]
S2,Seasonal,0.15553354141784725,0.18955386420060216,0.0,0.19628807990144448,0.32970093875051143,0.47391883798204426,5,((((Per(p=60)+Per(p=40))+RQ(α=0.1))*RBF(l=1))+RBF(l=1)),"[np.str_('+'), np.str_('+'), np.str_('*'), np.str_('+')]"
S2,Seasonal,0.6951162695549753,0.4927933057399446,0.0,0.8503218232405387,0.6052016115941572,0.6036384005588294,3,((Per(p=30)*Per(p=26))+Per(p=730)),"[np.str_('*'), np.str_('+')]"
S2,Seasonal,0.13298912801257579,0.1882271650455173,0.0,0.3202751649730221,0.3303360709994052,0.32875449864670814,3,((Per(p=26)*RBF(l=0.1))*RQ(α=0.1)),"[np.str_('*'), np.str_('*')]"
S2,Seasonal,0.0,0.9952429962966524,0.0,0.17385276021181284,0.9996054213822092,0.9166607884779425,1,Per(p=52),['None']
S2,Seasonal,0.3856378063955723,0.4469139791164647,0.0,0.42523030323463906,0.612563863347208,0.44147647794111167,4,(((Per(p=168)+Per(p=6))*Per(p=40))+Const(1)),"[np.str_('+'), np.str_('*'), np.str_('+')]"
S2,Seasonal,0.47936871201837206,0.49587733523699107,0.0,0.9325149831105684,0.947570669677895,0.9577742448409406,2,(RBF(l=10)+Per(p=52)),[np.str_('+')]
S2,Seasonal,0.8186714129908431,0.0,0.0,0.9604267059740595,0.7598812096833667,0.8660718592210731,3,((Per(p=730)*RBF(l=10))+Per(p=336)),"[np.str_('*'), np.str_('+')]"
S2,Seasonal,0.12856861612754666,0.2979215019217023,0.0,0.27033799282974913,0.5268916218659873,0.5908367884006278,2,(RBF(l=1)+Per(p=24)),[np.str_('+')]
S3,Stationary,0.14937203527743692,0.17240055921583752,0.0,0.3233753967397238,0.31227561083436217,0.3458423255184627,1,WN(σ=1),['None']
S2,Seasonal,0.980873752113046,0.986781674082388,0.0,0.9951623914557062,0.9966588344456966,0.7608928656545864,2,(Per(p=730)*Per(p=24)),[np.str_('*')]
S2,Seasonal,0.5975019891044429,0.7990561884139953,0.0,0.559916661684825,0.921067743109052,0.6581213215766752,1,Per(p=12),['None']
S2,Seasonal,0.05014302092546652,0.9178007679026781,0.0,0.18069625864453176,0.9720493239538308,0.6475352890253103,1,Per(p=60),['None']
S4,Trending,0.9999999993021135,0.23797772758043734,0.0,0.9999999994858407,0.2965593492813725,0.2632614848774977,2,(Lin(σ=1)*Const(1)),[np.str_('*')]
S2,Seasonal,0.062072570085549006,0.9999799993469716,0.0,0.09592086140544165,0.9999866532439492,0.33228135713813645,2,(Per(p=4)*Per(p=24)),[np.str_('*')]
S2,Seasonal,0.7100650830614652,0.5278548268981578,0.0,0.9308350397525078,0.8781866777577665,0.8477616046055684,3,((RQ(α=10)+Per(p=730))+Per(p=26)),"[np.str_('+'), np.str_('+')]"
S4,Trending,0.9999999994864572,0.0952498020832655,0.0,0.9999999996712883,0.24410980335175392,0.3599130854488275,1,Lin(σ=1),['None']
S1,Composite,0.9996042082693833,0.31540311299445756,0.0,0.9998590079535209,0.6003264865344153,0.644391544564523,5,((((Per(p=168)*Per(p=40))*Per(p=6))+Lin(σ=1))+RBF(l=10)),"[np.str_('*'), np.str_('*'), np.str_('+'), np.str_('+')]"
S2,Seasonal,0.14917407967679208,0.20096249224289953,0.0,0.22583927963634298,0.38767984583469983,0.4547567241936207,2,(Per(p=12)*RBF(l=1)),[np.str_('*')]
S2,Seasonal,0.9877864064697405,0.9975910405053111,0.0,0.9989957797531284,0.9998205718021089,0.9263768853319251,2,(Per(p=52)+Per(p=672)),[np.str_('+')]
S1,Composite,0.9999999974964251,0.093605461224886,0.0,0.9999999998057044,0.4944428468494386,0.9223888459972882,2,(Per(p=730)+Lin(σ=0)),[np.str_('+')]
S2,Seasonal,0.39953635901885376,0.2505017253714219,0.0,0.5512406862362084,0.3224299269520642,0.31264683642826485,3,((Per(p=6)+RBF(l=1))+WN(σ=1)),"[np.str_('+'), np.str_('+')]"
S2,Seasonal,0.28274657570923667,0.40921682565062245,0.0,0.47617814954516524,0.5620478373460791,0.5075875323870327,5,((((RBF(l=10)*Per(p=52))+Per(p=168))*Per(p=12))+RBF(l=0.1)),"[np.str_('*'), np.str_('+'), np.str_('*'), np.str_('+')]"
S2,Seasonal,0.2276946971403334,0.042475692174329116,0.0,0.5018918788355189,0.05871364862830708,0.2499581079730656,2,(Per(p=6)+RQ(α=0.1)),[np.str_('+')]
S2,Seasonal,0.9832854543702697,0.9863501024327392,0.0,0.9986774700873893,0.9990587572420246,0.9315359483533779,3,((Per(p=7)+Per(p=96))+RBF(l=10)),"[np.str_('+'), np.str_('+')]"
S2,Seasonal,0.4735081403193997,0.5897502346927113,0.0,0.0,0.6974086792499339,0.0,1,Per(p=365),['None']
S3,Stationary,0.39248790007579093,0.6034943971545532,0.0,0.4648234408619636,0.7115887237128425,0.41477256265216156,1,RBF(l=10),['None']
S2,Seasonal,0.28984634637999507,0.4297387496981465,0.0,0.3796405907719147,0.5076244041783178,0.2719958732851363,5,((((RQ(α=1)*RQ(α=0.1))*RBF(l=1))+RBF(l=1))+Per(p=6)),"[np.str_('*'), np.str_('*'), np.str_('+'), np.str_('+')]"
S2,Seasonal,0.07021500555269022,0.35056324887065937,0.0,0.11645403660252718,0.4560437609522273,0.3953376473279443,4,(((Per(p=730)*RQ(α=0.1))*Const(1))*Per(p=168)),"[np.str_('*'), np.str_('*'), np.str_('*')]"
S2,Seasonal,0.10582910725711558,0.9999653899947767,0.0,0.1829669551857922,0.9999771442849095,0.3400672522147472,1,Per(p=7),['None']
S2,Seasonal,0.040403253574291864,0.9999930833414128,0.0,0.08768903359814717,0.9999956844117864,0.3760037817501055,1,Per(p=14),['None']
S2,Seasonal,0.6330821967714764,0.5729642089334803,0.0,0.6340383023190845,0.5714312754051416,0.0,1,Per(p=4),['None']
S1,Composite,0.9999832860857424,0.9999960295610617,0.0,0.9999941484628071,0.999998611643084,0.6497930396676509,5,((((Lin(σ=10)+RBF(l=10))+Lin(σ=0))*Per(p=10))*Lin(σ=10)),"[np.str_('+'), np.str_('+'), np.str_('*'), np.str_('*')]"
S2,Seasonal,0.9747366825335215,0.9668748317577138,0.0,0.8162005382769244,0.7672673602555341,0.0,2,(Per(p=672)+Per(p=6)),[np.str_('+')]
S3,Stationary,0.15914112958764604,0.0925420340163432,0.0,0.43059831404671456,0.15304118026601887,0.31618166878818177,2,(Const(1)+RBF(l=0.1)),[np.str_('+')]
S1,Composite,0.999999983848985,0.999999999845792,0.0,0.9999999896026104,0.9999999999007262,0.3562331972135915,3,((Const(1)+Per(p=26))*Lin(σ=10)),"[np.str_('+'), np.str_('*')]"
S1,Composite,0.14517938755952076,0.2981734610384479,0.0,0.4071337522763543,0.7290345012739743,0.7723047211832939,5,((((Per(p=52)*Per(p=52))*Lin(σ=1))*Per(p=60))*Per(p=10)),"[np.str_('*'), np.str_('*'), np.str_('*'), np.str_('*')]"
S1,Composite,0.30110979226622403,0.9243554261142516,0.0,0.2606482079609047,0.8278649274911036,0.0,3,((Per(p=336)*Lin(σ=0))+Per(p=96)),"[np.str_('*'), np.str_('+')]"
S2,Seasonal,0.4183388732052039,0.4042852512569364,0.0,0.49662458484848304,0.5298286085245645,0.447494155777338,4,(((RQ(α=0.1)*RBF(l=10))+Per(p=6))+RQ(α=1)),"[np.str_('*'), np.str_('+'), np.str_('+')]"
S1,Composite,0.052105151255660065,0.7885262403136483,0.0,0.16911312378898413,0.9018345963236639,0.5702538247907951,5,((((RQ(α=1)+Lin(σ=10))*Per(p=96))*Per(p=26))+RBF(l=0.1)),"[np.str_('+'), np.str_('*'), np.str_('*'), np.str_('+')]"
S1,Composite,0.9999916147422759,0.7200958160777594,0.0,0.9999920910048423,0.7319449183528989,0.05685430900742161,4,(((Lin(σ=0)+Per(p=10))+Per(p=10))+Per(p=6)),"[np.str_('+'), np.str_('+'), np.str_('+')]"
S2,Seasonal,0.0,0.5559194905367434,0.0,0.0,0.6049681258719626,0.19226193988650153,3,((Per(p=14)+Per(p=7))+Per(p=52)),"[np.str_('+'), np.str_('+')]"
S4,Trending,0.9998279092292229,0.2732343765265687,0.0,0.9998858595623566,0.4029134932776912,0.33617022692739673,4,(((WN(σ=1)+Lin(σ=10))+WN(σ=0.1))+WN(σ=1)),"[np.str_('+'), np.str_('+'), np.str_('+')]"
S2,Seasonal,0.18706567215218983,0.25021166410288953,0.0,0.3857027173800064,0.5187004163793212,0.6970801836606701,3,((Per(p=60)+Per(p=60))*RQ(α=1)),"[np.str_('+'), np.str_('*')]"
S1,Composite,0.7021074513180416,0.7137840220963185,0.0,0.9310297404157508,0.9185270677213531,0.8413813384921699,3,((Lin(σ=0)*Per(p=24))*Per(p=336)),"[np.str_('*'), np.str_('*')]"
S2,Seasonal,0.16205437269334932,0.06200040307753074,0.0,0.4976468062216629,0.08170219405024215,0.25233495449380416,4,(((Per(p=14)+Per(p=168))*Per(p=48))*RBF(l=0.1)),"[np.str_('+'), np.str_('*'), np.str_('*')]"
S2,Seasonal,0.965091348004928,0.9748932900492261,0.0,0.995785171114819,0.9974791578591896,0.9016684369802715,3,((RBF(l=10)*Per(p=365))+Per(p=10)),"[np.str_('*'), np.str_('+')]"
S2,Seasonal,0.24050703781064586,0.14060694663447437,0.0,0.3407426084661703,0.307484384249446,0.554537651013365,3,((RBF(l=1)*Per(p=672))*Per(p=672)),"[np.str_('*'), np.str_('*')]"
S2,Seasonal,0.08933034907670323,0.17094850235581105,0.0,0.36861184913124223,0.2959525041895058,0.3650071236305349,3,((RQ(α=0.1)*WN(σ=0.1))*Per(p=48)),"[np.str_('*'), np.str_('*')]"
S2,Seasonal,0.886787756489646,0.30317287809652194,0.0,0.9184325961876298,0.4385793830573531,0.3379676365043581,4,(((WN(σ=0.1)+Const(1))*Per(p=336))+Per(p=730)),"[np.str_('+'), np.str_('*'), np.str_('+')]"
S2,Seasonal,0.06928575958794692,0.32314960678596993,0.0,0.14603770673538574,0.6454953178180818,0.59315359571841,3,((RBF(l=10)+RBF(l=0.1))*Per(p=26)),"[np.str_('+'), np.str_('*')]"
S1,Composite,0.19663592182643996,0.12779971773434706,0.0,0.3367002065918697,0.37201574808134397,0.619740567798654,4,(((RBF(l=0.1)+Per(p=26))*Lin(σ=0))*RBF(l=10)),"[np.str_('+'), np.str_('*'), np.str_('*')]"
S4,Trending,0.9999999996325,0.14661580418781894,0.0,0.9999999997478427,0.3068845289241958,0.3138572106867089,1,Lin(σ=1),['None']
S2,Seasonal,0.8627509512526867,0.9243537044192007,0.0,0.926673944722134,0.9664390353141001,0.5730450428150564,3,((RBF(l=10)+Per(p=672))+Per(p=26)),"[np.str_('+'), np.str_('+')]"
S2,Seasonal,0.05903754907999137,0.41978191139556764,0.0,0.14987585057558916,0.5542410763851744,0.4193572020617057,3,((Per(p=6)+Per(p=14))*Per(p=24)),"[np.str_('+'), np.str_('*')]"
S4,Trending,0.9999999989927233,0.19502084950711207,0.0,0.9999999993057899,0.2705363490201981,0.31080335531508674,1,Lin(σ=10),['None']
S2,Seasonal,0.9169882660038987,0.9513472409667875,0.0,0.966671021435276,0.9794902378972675,0.6211356073697673,2,(Per(p=26)*Per(p=672)),[np.str_('*')]
S1,Composite,0.9999991727333544,0.9496321697275183,0.0,0.9999996593373393,0.9786958847482192,0.5882422932751006,3,((Const(1)+Per(p=60))+Lin(σ=10)),"[np.str_('+'), np.str_('+')]"
S2,Seasonal,0.1671086786345466,0.2099930077338854,0.0,0.33142835206959975,0.4236000326434699,0.5764212583067374,3,((Per(p=14)+Per(p=4))*RBF(l=1)),"[np.str_('+'), np.str_('*')]"
S2,Seasonal,0.03988017801732979,0.9999906481630791,0.0,0.0601067720054278,0.9999933542092438,0.2897892268522415,2,(Per(p=26)+Const(1)),[np.str_('+')]
S2,Seasonal,0.10066287640377614,0.9999854309475222,0.0,0.12581335575509056,0.999989857287511,0.30376380326796604,1,Per(p=10),['None']
S2,Seasonal,0.2804257772866109,0.18850687856792692,0.0,0.34361201310822576,0.26713290806073964,0.4009504024858387,5,((((Per(p=730)+Per(p=40))+Per(p=672))+Per(p=730))*RBF(l=1)),"[np.str_('+'), np.str_('+'), np.str_('+'), np.str_('*')]"
S1,Composite,0.01991362969546806,0.09543806984540948,0.0,0.3769920443976149,0.16298017836612255,0.38198725181007265,4,(((RBF(l=0.1)*Lin(σ=10))*Per(p=365))+Per(p=12)),"[np.str_('*'), np.str_('*'), np.str_('+')]"
S1,Composite,0.9999839426418522,0.7590220690006744,0.0,0.9999928618320777,0.8733603037251,0.5556389279945091,5,((((Per(p=168)+WN(σ=0.1))*WN(σ=0.1))+Per(p=96))+Lin(σ=10)),"[np.str_('+'), np.str_('*'), np.str_('+'), np.str_('+')]"
S2,Seasonal,0.22015222218775088,0.2617050237677445,0.0,0.28895225350513776,0.32146020438067036,0.2506607329690793,5,((((RQ(α=1)*Per(p=365))*Per(p=48))+Per(p=672))*RQ(α=0.1)),"[np.str_('*'), np.str_('*'), np.str_('+'), np.str_('*')]"
S2,Seasonal,0.05333910619197846,0.20111784674996935,0.0,0.17458573390786847,0.364073148939161,0.382175983268753,2,(RBF(l=0.1)*Per(p=96)),[np.str_('*')]
S2,Seasonal,0.012511229546918967,0.9696457233998075,0.0,0.1400823435171431,0.9914154636599368,0.7008846698164795,1,Per(p=96),['None']
S2,Seasonal,0.015338054759301722,0.25743235766730144,0.0,0.05275592849722588,0.4421000732320576,0.4255834725440817,3,((RQ(α=0.1)+Per(p=40))+WN(σ=1)),"[np.str_('+'), np.str_('+')]"
S2,Seasonal,0.9724406958969497,0.9352230719709287,0.0,0.9969193602651435,0.9929721044472527,0.8962327731028588,4,(((Per(p=52)*Per(p=730))+Per(p=672))+Per(p=730)),"[np.str_('*'), np.str_('+'), np.str_('+')]"
S2,Seasonal,0.8196612310609867,0.6920668029009079,0.0,0.9630604630480671,0.9405454075989367,0.8455499662861996,4,(((Per(p=336)+Const(1))+Per(p=6))+RQ(α=10)),"[np.str_('+'), np.str_('+'), np.str_('+')]"
S2,Seasonal,0.3512623831679529,0.10358214102256269,0.0,0.6503311416859618,0.4024815999312129,0.7039171306159899,4,(((Per(p=365)+Per(p=26))+Per(p=730))*Per(p=48)),"[np.str_('+'), np.str_('+'), np.str_('*')]"
S2,Seasonal,0.5350052203391853,0.6586982460191464,0.0,0.7452649674759493,0.8609749272594117,0.7335775824443758,5,((((Per(p=26)+Per(p=14))+Per(p=168))*Per(p=24))+Per(p=12)),"[np.str_('+'), np.str_('+'), np.str_('*'), np.str_('+')]"
S1,Composite,0.60405824793097,0.09476838009781996,0.0,0.6739291019870848,0.1112009554839275,0.17111681091228248,5,((((Per(p=6)*Lin(σ=10))+RQ(α=0.1))+Per(p=48))+Per(p=26)),"[np.str_('*'), np.str_('+'), np.str_('+'), np.str_('+')]"
S2,Seasonal,0.0,0.7420038538036129,0.0,0.07415724709029359,0.8559985914802042,0.410115467534372,5,((((Per(p=48)*Per(p=40))+Const(1))*Per(p=336))+RBF(l=0.1)),"[np.str_('*'), np.str_('+'), np.str_('*'), np.str_('+')]"
S2,Seasonal,0.8134809664239733,0.9653464595311781,0.0,0.6322127687751351,0.8895764888382635,0.0,2,(Per(p=365)+Per(p=12)),[np.str_('+')]
S2,Seasonal,0.13976533006962122,0.29202077835304474,0.0,0.1828675066569877,0.40780547705344217,0.3927343112303703,5,((((Per(p=40)*Per(p=40))*Per(p=672))+Per(p=30))*RQ(α=0.1)),"[np.str_('*'), np.str_('*'), np.str_('+'), np.str_('*')]"
S2,Seasonal,0.14027636899538165,0.8197845137726335,0.0,0.03991734767403898,0.40132229055915614,0.0,4,(((Per(p=60)*Per(p=60))+RQ(α=0.1))*RQ(α=10)),"[np.str_('*'), np.str_('+'), np.str_('*')]"
S2,Seasonal,0.838143548597941,0.5673863884352464,0.0,0.9632486593321647,0.8981825110992859,0.8309249457675538,4,(((Const(1)*Const(1))+Per(p=48))*Per(p=730)),"[np.str_('*'), np.str_('+'), np.str_('*')]"
S4,Trending,0.06760986890928822,0.1420798235593692,0.0,0.093186171521908,0.3139677238725286,0.37807512846501723,4,(((RQ(α=0.1)+Lin(σ=0))+RBF(l=0.1))*RBF(l=1)),"[np.str_('+'), np.str_('+'), np.str_('*')]"
S2,Seasonal,0.061103881021948636,0.9999474966808886,0.0,0.2580368389602624,0.9999651004909154,0.335471416452674,1,Per(p=7),['None']
S1,Composite,0.998775787700434,0.9998665248042446,0.0,0.999413206364766,0.9999362292522457,0.5219092281604726,4,(((Lin(σ=10)+RQ(α=1))+Per(p=10))*Per(p=6)),"[np.str_('+'), np.str_('+'), np.str_('*')]"
S2,Seasonal,0.0,0.7886553446986534,0.0,0.09506661677830719,0.9364141939578877,0.8094624535505011,2,(Per(p=26)+Per(p=30)),[np.str_('+')]
S2,Seasonal,0.9998257990753195,0.05133733068051338,0.0,0.9999978412635294,0.6635433025962738,0.9878611493738988,1,Per(p=365),['None']
S2,Seasonal,0.2546818987259394,0.546437238165049,0.0,0.33922207158343365,0.8174581895246111,0.664227492886413,3,((Per(p=96)+RBF(l=1))+Per(p=48)),"[np.str_('+'), np.str_('+')]"
S2,Seasonal,0.1679780028243968,0.29228967750008483,0.0,0.2730745825264064,0.38231490828802606,0.3956248126452572,2,(Per(p=7)*RBF(l=1)),[np.str_('*')]
S3,Stationary,0.2587203260900869,0.30977031381607756,0.0,0.7692010299249663,0.839586516446988,0.9065952255017794,2,(RQ(α=10)+WN(σ=0.1)),[np.str_('+')]
S2,Seasonal,0.40740195728793704,0.5200423227757436,0.0,0.665874389273862,0.772100621394356,0.7646634096007132,2,(Per(p=26)+RQ(α=10)),[np.str_('+')]
S1,Composite,0.9999977483445907,0.8158388956550487,0.0,0.9999993699234856,0.9390827971665523,0.720159262720337,2,(Per(p=40)+Lin(σ=0)),[np.str_('+')]
S2,Seasonal,0.5613010070119234,0.7260141565430118,0.0,0.7940909099201484,0.8236419367214515,0.43854956471577966,4,(((Per(p=40)*Per(p=4))*Per(p=40))+Per(p=4)),"[np.str_('*'), np.str_('*'), np.str_('+')]"
S2,Seasonal,0.09312129794222668,0.14629937011169913,0.0,0.20600162852576276,0.25913333818734385,0.2811887056999194,5,((((RQ(α=0.1)+Const(1))*RBF(l=1))*Per(p=52))*RBF(l=0.1)),"[np.str_('+'), np.str_('*'), np.str_('*'), np.str_('*')]"
S4,Trending,0.999999999661567,0.2289130129579241,0.0,0.9999999997614553,0.3189796201383964,0.2951471856746004,1,Lin(σ=0),['None']
S2,Seasonal,0.04997845798647682,0.2836884818334836,0.0,0.06676965590934969,0.5650036271849554,0.5211342011561375,4,(((Per(p=4)+Per(p=12))*Per(p=96))*RQ(α=1)),"[np.str_('+'), np.str_('*'), np.str_('*')]"
S2,Seasonal,0.0,0.38047058978423665,0.0,0.1566585357051118,0.8769345357915536,0.8824443356025704,3,((Per(p=48)+WN(σ=0.1))+Per(p=60)),"[np.str_('+'), np.str_('+')]"
S2,Seasonal,0.29360560292675986,0.6662306189038989,0.0,0.6586658404033496,0.9145247561514643,0.8175718876991374,3,((RQ(α=10)+Per(p=30))+Per(p=26)),"[np.str_('+'), np.str_('+')]"
S2,Seasonal,0.0,0.9998925526935143,0.0,0.0,0.9907710154649758,0.0,1,Per(p=168),['None']
S1,Composite,0.10546572458479841,0.16687426678219386,0.0,0.21132723082720928,0.5297890257864112,0.7016567340409845,4,(((Lin(σ=1)*RQ(α=10))*Per(p=48))*Per(p=12)),"[np.str_('*'), np.str_('*'), np.str_('*')]"
S3,Stationary,0.30828648450834595,0.8903545192643755,0.0,0.0,0.45945344627223295,0.0,1,RBF(l=10),['None']
S1,Composite,0.01588203990124437,0.09385362632854155,0.0,0.3411268535782429,0.15639193135525098,0.3817611244406858,5,((((Per(p=10)*Per(p=48))+RBF(l=1))+Lin(σ=1))*RBF(l=0.1)),"[np.str_('*'), np.str_('+'), np.str_('+'), np.str_('*')]"
S2,Seasonal,0.044614791656763075,0.9999909135067959,0.0,0.0980539913340972,0.9999939233139477,0.3312249335301378,1,Per(p=30),['None']
S1,Composite,0.08691983360319744,0.15741651832744186,0.0,0.22770058081291655,0.30140309831501855,0.3628479220540075,5,((((WN(σ=0.1)*Lin(σ=1))*RBF(l=1))+Per(p=40))+Per(p=365)),"[np.str_('*'), np.str_('*'), np.str_('+'), np.str_('+')]"
S3,Stationary,0.2529309400760297,0.26076617347571907,0.0,0.35170857024902025,0.4004120222885157,0.484177830376775,1,RBF(l=1),['None']
S3,Stationary,0.27885953347114034,0.19420408378137943,0.0,0.4321571989275441,0.30418092387430895,0.3729553320445995,1,RQ(α=0.1),['None']
S2,Seasonal,0.011188986656690991,0.14282488080093103,0.0,0.02443727647777827,0.3495847591428194,0.40051795465700524,5,((((Per(p=52)+Per(p=168))*Per(p=672))*RQ(α=1))*RQ(α=0.1)),"[np.str_('+'), np.str_('*'), np.str_('*'), np.str_('*')]"
S2,Seasonal,0.19790882974488977,0.11853470564691138,0.0,0.4835223574071278,0.14689005970135083,0.20063446093624504,4,(((WN(σ=1)*Per(p=365))*Per(p=48))*Per(p=10)),"[np.str_('*'), np.str_('*'), np.str_('*')]"
S1,Composite,0.9898338374242674,0.9999120386887504,0.0,0.9944553165073352,0.9999518678331331,0.4521038984947403,3,((Per(p=24)*Lin(σ=0))*Lin(σ=0)),"[np.str_('*'), np.str_('*')]"
S2,Seasonal,0.6117196309629611,0.6864719393626402,0.0,0.5276290313666161,0.6844943881331218,0.00917050282002152,2,(Per(p=24)*Per(p=4)),[np.str_('*')]
S2,Seasonal,0.16193564098894575,0.19752508984757255,0.0,0.2096374101109224,0.43345063938805195,0.5683880890471453,5,((((Per(p=24)+RBF(l=1))*Per(p=30))+Per(p=52))*RQ(α=1)),"[np.str_('+'), np.str_('*'), np.str_('+'), np.str_('*')]"
S3,Stationary,0.08377943106051555,0.1530596254321308,0.0,0.17277076106248923,0.3818096894248668,0.3330755734552634,1,WN(σ=1),['None']
S2,Seasonal,0.2729125703875671,0.8263641329431283,0.0,0.0678059249357531,0.836401345384963,0.17979083621743297,2,(Per(p=48)*Per(p=48)),[np.str_('*')]
S2,Seasonal,0.15009916511887422,0.49756206677026316,0.0,0.22459577779253148,0.6191122829372449,0.36248676748583397,3,((Per(p=10)+RBF(l=0.1))*Per(p=336)),"[np.str_('+'), np.str_('*')]"
S2,Seasonal,0.6726737941483384,0.6754799496528066,0.0,0.6733997540806356,0.6750720961148644,0.0,1,Per(p=4),['None']
S2,Seasonal,0.02948903479959497,0.9999918503877833,0.0,0.052503828394243945,0.9999951583841545,0.4060817968105285,1,Per(p=24),['None']
S1,Composite,0.9999686475693272,0.24998513407538725,0.0,0.9999856344551357,0.4480604019196204,0.5425084382374085,4,(((RQ(α=1)*Per(p=6))+Lin(σ=10))+Const(1)),"[np.str_('*'), np.str_('+'), np.str_('+')]"
S2,Seasonal,0.20887156272036445,0.3570959859828762,0.0,0.46202983718384294,0.7525400834000227,0.8453671104258863,2,(RQ(α=10)*Per(p=365)),[np.str_('*')]
S2,Seasonal,0.017184999442010795,0.999958851115652,0.0,0.12782263933737004,0.9999750305613156,0.39346280528183863,1,Per(p=12),['None']
S1,Composite,0.9989046735667124,0.0,0.0,0.9997442639841164,0.2927708652054791,0.7661210205944117,4,(((Lin(σ=10)+Per(p=7))+Per(p=52))*Lin(σ=0)),"[np.str_('+'), np.str_('+'), np.str_('*')]"
S2,Seasonal,0.0013563678981906024,0.999378703723577,0.0,0.003397083334258144,0.9334703816473969,0.0,1,Per(p=168),['None']
S4,Trending,0.03630847651430025,0.0039451492921672715,0.0,0.39291496892285627,0.0657792642428836,0.33969899434957096,5,((((Lin(σ=0)*WN(σ=0.1))+Lin(σ=10))*RQ(α=0.1))+RBF(l=0.1)),"[np.str_('*'), np.str_('+'), np.str_('*'), np.str_('+')]"
S4,Trending,0.9999885111835785,0.28212080659549643,0.0,0.9999924940990199,0.3460258795814032,0.34698874251884226,2,(Lin(σ=1)+RQ(α=0.1)),[np.str_('+')]
S2,Seasonal,0.1653386551385878,0.11885901080147399,0.0,0.4376822442301913,0.18818205246767028,0.33041831108127784,5,((((WN(σ=0.1)*Per(p=12))*Per(p=30))+Const(1))*Const(1)),"[np.str_('*'), np.str_('*'), np.str_('+'), np.str_('*')]"
S2,Seasonal,0.6804214752514177,0.4595411085794511,0.0,0.7768512513228616,0.5963608234391062,0.4827927662707612,5,((((Per(p=24)+Per(p=730))+Per(p=7))*Per(p=26))+RBF(l=10)),"[np.str_('+'), np.str_('+'), np.str_('*'), np.str_('+')]"
S2,Seasonal,0.0354679433268017,0.16493582178288424,0.0,0.21616331038334957,0.3430563742531658,0.37534115536550305,4,(((Per(p=730)+Per(p=14))*WN(σ=0.1))*Per(p=168)),"[np.str_('+'), np.str_('*'), np.str_('*')]"
S1,Composite,0.3639379667511724,0.30105402328694686,0.0,0.524347919857115,0.4332473724543676,0.5847689353252761,4,(((Per(p=30)*Per(p=7))*Per(p=168))*Lin(σ=1)),"[np.str_('*'), np.str_('*'), np.str_('*')]"
S2,Seasonal,0.6903501273936484,0.7992007533492322,0.0,0.7589553203869654,0.9323997531114897,0.7106175343264169,1,Per(p=30),['None']
S2,Seasonal,0.7061789167749583,0.953579549541201,0.0,0.8723807922148379,0.9950222939700182,0.896671555416685,1,Per(p=30),['None']
S2,Seasonal,0.13863505645804686,0.23063484665291145,0.0,0.24126404100668875,0.4979466060965,0.6130680901850474,5,((((RQ(α=1)+Per(p=7))+Const(1))*Per(p=336))+RBF(l=10)),"[np.str_('+'), np.str_('+'), np.str_('*'), np.str_('+')]"
S2,Seasonal,0.18745102362256794,0.38349880318270346,0.0,0.3333785562300252,0.4811042000424759,0.41382995196522654,4,(((RQ(α=0.1)+Per(p=7))+WN(σ=1))+Per(p=12)),"[np.str_('+'), np.str_('+'), np.str_('+')]"
S2,Seasonal,0.3706463459830631,0.6828405674538884,0.0,0.49819369040012385,0.7963583082441466,0.530902220860608,5,((((Per(p=14)+Per(p=730))*Per(p=30))+Per(p=672))*Per(p=672)),"[np.str_('+'), np.str_('*'), np.str_('+'), np.str_('*')]"
S2,Seasonal,0.0,0.8044252046679893,0.0,0.050085855623727804,0.8930670478098086,0.4917563278330752,2,(Per(p=14)+Per(p=48)),[np.str_('+')]
S2,Seasonal,0.7189032504891324,0.8693590853621395,0.0,0.8650984990662424,0.9759807786208293,0.835692972767334,1,Per(p=30),['None']
S1,Composite,0.38847602984204976,0.7458068012813773,0.0,0.8820406441804234,0.9517507772959993,0.8627561845474259,3,((Per(p=52)*Per(p=336))*Lin(σ=1)),"[np.str_('*'), np.str_('*')]"
S2,Seasonal,0.0828171142702715,0.4179093137781045,0.0,0.0,0.1806597493454707,0.0,3,((Per(p=60)+Per(p=365))*Per(p=168)),"[np.str_('+'), np.str_('*')]"
S2,Seasonal,0.6641912108917463,0.7664759224312797,0.0,0.6731837004900195,0.8583529252149696,0.41388322967597835,3,((Per(p=60)*Per(p=12))+Per(p=168)),"[np.str_('*'), np.str_('+')]"
S2,Seasonal,0.5044827705452056,0.6553417632633292,0.0,0.5930804822102801,0.7193653706619171,0.25530394865136874,2,(Per(p=10)*Per(p=48)),[np.str_('*')]
S3,Stationary,0.00617779232598159,0.756684862258228,0.0,0.0,0.9284588855545505,0.7260292233941281,1,RQ(α=10),['None']
S2,Seasonal,0.0,0.9946275680882186,0.0,0.4593180890401942,0.9993687509408132,0.8830929672371969,1,Per(p=48),['None']
S2,Seasonal,0.08406324057065895,0.24276638335020462,0.0,0.23546514542411223,0.4907436864476157,0.7082948075844866,5,((((Per(p=6)*Per(p=24))+RBF(l=10))*Per(p=26))*Per(p=26)),"[np.str_('*'), np.str_('+'), np.str_('*'), np.str_('*')]"
S1,Composite,0.9995585854619387,0.5542795340317699,0.0,0.9998857075615981,0.8670030161234227,0.740652441009146,5,((((RQ(α=10)*Per(p=96))+Lin(σ=10))+Per(p=26))+Per(p=96)),"[np.str_('*'), np.str_('+'), np.str_('+'), np.str_('+')]"
S2,Seasonal,0.07881697876910387,0.427076208423412,0.0,0.12206283639493842,0.5425048717545671,0.20366403299536673,3,((Per(p=7)+WN(σ=0.1))*Per(p=10)),"[np.str_('+'), np.str_('*')]"
S2,Seasonal,0.14037589198184242,0.566398535975523,0.0,0.2684180999551371,0.7939345656759822,0.6860278102423873,5,((((RQ(α=10)+RQ(α=10))+Per(p=60))+Per(p=7))+WN(σ=0.1)),"[np.str_('+'), np.str_('+'), np.str_('+'), np.str_('+')]"
S2,Seasonal,0.0,0.8125056865798606,0.0,0.05358509096412967,0.8223954193183263,0.09696020361290336,2,(Per(p=48)*Per(p=12)),[np.str_('*')]
S3,Stationary,0.19990543985584552,0.27579766711962883,0.0,0.3410528730003528,0.5691032037420045,0.6622416770827595,2,(RQ(α=10)+RBF(l=1)),[np.str_('+')]
S1,Composite,0.4949778847469207,0.5055777369954866,0.0,0.6668894933182762,0.7029246424604576,0.461566599535299,2,(Per(p=14)*Lin(σ=0)),[np.str_('*')]
S2,Seasonal,0.07548590107447217,0.34568802480131344,0.0,0.13469051157257594,0.6641763445205262,0.7065929808874973,3,((Per(p=60)*Per(p=14))*Per(p=730)),"[np.str_('*'), np.str_('*')]"
S2,Seasonal,0.4148170790736275,0.5377674391732913,0.0,0.5659679927093111,0.7666019569965206,0.6583697246855824,4,(((Per(p=14)+RQ(α=10))*Per(p=730))+RBF(l=1)),"[np.str_('+'), np.str_('*'), np.str_('+')]"
S2,Seasonal,0.012405197506439869,0.9983968464119202,0.0,0.2793266250216415,0.9997956684647065,0.8724288605668294,1,Per(p=52),['None']
S4,Trending,0.9986571175066065,0.10635101850896567,0.0,0.9989411876290495,0.13621258470941944,0.21554572806688665,2,(Lin(σ=1)+WN(σ=1)),[np.str_('+')]
S2,Seasonal,0.09790125591397814,0.349846309216831,0.0,0.08794533000202576,0.8318215176840265,0.6957175835281297,3,((Per(p=60)+Per(p=12))*Per(p=30)),"[np.str_('+'), np.str_('*')]"
S2,Seasonal,0.9351626564772977,0.9622540727218124,0.0,0.6889005075292745,0.8027491098253285,0.0,5,((((RBF(l=10)+Per(p=7))+Per(p=12))+RBF(l=1))*Per(p=730)),"[np.str_('+'), np.str_('+'), np.str_('+'), np.str_('*')]"
S2,Seasonal,0.24590834362538605,0.41238376203122395,0.0,0.5414268403256418,0.4605622229824934,0.18091672221873878,3,((WN(σ=1)*Per(p=14))+Per(p=4)),"[np.str_('*'), np.str_('+')]"
S2,Seasonal,0.8716755600285286,0.07205427455410329,0.0,0.8717913587591662,0.07695005539260102,0.0490844737575552,2,(Per(p=365)+Per(p=14)),[np.str_('+')]
S2,Seasonal,0.15967602420806415,0.48703614916086135,0.0,0.4377773202900387,0.8274926958195936,0.715937090587824,2,(Per(p=12)*Per(p=40)),[np.str_('*')]
S2,Seasonal,0.7638410596295361,0.89979148449972,0.0,0.9157301217420524,0.9757472143299998,0.7720317400436452,2,(RQ(α=10)+Per(p=6)),[np.str_('+')]
S3,Stationary,0.08206817413583889,0.1328602829047455,0.0,0.3320072707391898,0.2160015018191025,0.3615975350309987,1,WN(σ=0.1),['None']
S1,Composite,0.9999957257774612,0.8865825066404363,0.0,0.9999985832727935,0.9596303850046526,0.6685815709616842,4,(((Per(p=30)+Per(p=52))+Lin(σ=10))+Lin(σ=0)),"[np.str_('+'), np.str_('+'), np.str_('+')]"
S1,Composite,0.898288613786896,0.9924415146788236,0.0,0.9603904333529464,0.9970914443024086,0.6169124264865467,3,((Lin(σ=1)*Per(p=52))+Per(p=30)),"[np.str_('*'), np.str_('+')]"
S2,Seasonal,0.060791593367539365,0.5707781233063998,0.0,0.3617353964350071,0.9443577019871506,0.9289344088601582,1,Per(p=60),['None']
S2,Seasonal,0.23194911685063913,0.4787130704504129,0.0,0.3115021312719254,0.7074305759058925,0.6427646053394458,5,((((Per(p=30)*Per(p=30))+RBF(l=1))*Per(p=52))+Per(p=24)),"[np.str_('*'), np.str_('+'), np.str_('*'), np.str_('+')]"
S2,Seasonal,0.19303411076375931,0.9999780324969084,0.0,0.32245493982318574,0.9999832659487826,0.23830586893212835,1,Per(p=4),['None']
S2,Seasonal,0.2976059899519119,0.5242696167493821,0.0,0.3819400555263629,0.6940725584707996,0.4861093865234244,5,((((Per(p=4)*Per(p=26))*Per(p=48))+Per(p=30))*Per(p=730)),"[np.str_('*'), np.str_('*'), np.str_('+'), np.str_('*')]"
S2,Seasonal,0.9991003800894984,0.029460408957845075,0.0,0.9999619002936833,0.8328594891941159,0.9593016329581479,1,Per(p=365),['None']
S3,Stationary,0.11176018590841186,0.38264194651052297,0.0,0.1608610065571242,0.672958757033816,0.5257935437832773,2,(WN(σ=1)+RBF(l=10)),[np.str_('+')]
S3,Stationary,0.17088250532099603,0.2519174598666095,0.0,0.391941444062486,0.34125553308376677,0.29989199102389397,1,Const(1),['None']
S2,Seasonal,0.14729029497560653,0.33117260395482073,0.0,0.19742044113163082,0.4684607077488433,0.45796160740064007,2,(Per(p=4)*RBF(l=1)),[np.str_('*')]
S2,Seasonal,0.12505295864596355,0.26098755333008594,0.0,0.21575089582410312,0.4364464030687508,0.4815780626886923,4,(((Per(p=168)+Per(p=24))*RBF(l=1))+WN(σ=1)),"[np.str_('+'), np.str_('*'), np.str_('+')]"
S2,Seasonal,0.013834882130207005,0.1663722224874562,0.0,0.04887943997842825,0.49679112799904,0.4285401333077944,5,((((Per(p=12)*Per(p=4))+Per(p=7))*Per(p=96))*WN(σ=0.1)),"[np.str_('*'), np.str_('+'), np.str_('*'), np.str_('*')]"
S2,Seasonal,0.751415095530163,0.6412142941756833,0.0,0.7513705402157342,0.6408150209928898,0.0,3,((Per(p=730)+Per(p=4))+Per(p=4)),"[np.str_('+'), np.str_('+')]"
S2,Seasonal,0.4230703751417221,0.4624377204513739,0.0,0.5803673636777726,0.6988182005521169,0.718014932786097,2,(Per(p=12)*Per(p=40)),[np.str_('*')]
S2,Seasonal,0.0,0.9660501495455072,0.0,0.03553603624075041,0.9950125257921183,0.8523421985624497,1,Per(p=96),['None']
S1,Composite,0.09665780802693669,0.06166887929866838,0.0,0.3489543246993365,0.0798780020183818,0.2706936150568561,5,((((Const(1)*WN(σ=1))*Lin(σ=0))+Per(p=96))+Per(p=14)),"[np.str_('*'), np.str_('*'), np.str_('+'), np.str_('+')]"
S4,Trending,0.003954892006821198,0.5835364730701469,0.0,0.012494147068750294,0.24046027970090833,0.0,2,(Lin(σ=10)*RQ(α=0.1)),[np.str_('*')]
S1,Composite,0.9999999916144194,0.9999768600719825,0.0,0.9999999945535143,0.9999849660308434,0.3504939132625221,2,(Lin(σ=1)+Per(p=7)),[np.str_('+')]
S2,Seasonal,0.07956746525824321,0.4880046794918236,0.0,0.2067010948817799,0.7483035089342119,0.6253781305079114,4,(((Per(p=48)*RBF(l=0.1))+Per(p=96))+RQ(α=10)),"[np.str_('*'), np.str_('+'), np.str_('+')]"
S2,Seasonal,0.40520060250367806,0.5262435810445151,0.0,0.5807014665551019,0.7651661772601202,0.6134802688646668,4,(((RQ(α=1)*RQ(α=10))+Per(p=14))+Per(p=336)),"[np.str_('*'), np.str_('+'), np.str_('+')]"
S1,Composite,0.9999624769060391,0.2708734164824832,0.0,0.9999916175878771,0.735699514865907,0.7765840150965954,5,((((RQ(α=10)+RQ(α=1))*Per(p=672))*Per(p=96))+Lin(σ=10)),"[np.str_('+'), np.str_('*'), np.str_('*'), np.str_('+')]"
S2,Seasonal,0.03545445297588823,0.2768610646755021,0.0,0.118296006574238,0.43794816630321876,0.3989017918979446,5,((((Per(p=30)+Per(p=365))+Per(p=12))*Per(p=48))*RQ(α=0.1)),"[np.str_('+'), np.str_('+'), np.str_('*'), np.str_('*')]"
S2,Seasonal,0.15102009102288827,0.34213126303419983,0.0,0.6617658383290099,0.8693217125707844,0.8929727804425538,5,((((Per(p=26)+Per(p=10))+Const(1))*RQ(α=10))+Per(p=30)),"[np.str_('+'), np.str_('+'), np.str_('*'), np.str_('+')]"
S2,Seasonal,0.15030461841577636,0.8751298088047019,0.0,0.10417137698414936,0.8645392134167391,0.0,4,(((Per(p=168)+RQ(α=1))*RBF(l=0.1))+Per(p=672)),"[np.str_('+'), np.str_('*'), np.str_('+')]"
S1,Composite,0.834436312206621,0.7312386821377693,0.0,0.90961952270908,0.908246832331402,0.5947981551616688,4,(((Per(p=40)+Lin(σ=0))+Per(p=60))*Per(p=365)),"[np.str_('+'), np.str_('+'), np.str_('*')]"
S3,Stationary,0.2433542237587739,0.13317180681561946,0.0,0.5308892983552278,0.1708243279667081,0.23181468472891686,1,WN(σ=1),['None']
S1,Composite,0.9031426359091002,0.9941424957621454,0.0,0.9607968892453621,0.9975024627160671,0.5782800000905608,3,((Per(p=40)*Lin(σ=1))+Const(1)),"[np.str_('*'), np.str_('+')]"
S2,Seasonal,0.6041816056457276,0.7929159768274636,0.0,0.7309494762827562,0.8866717979237361,0.5079385490403525,5,((((RBF(l=10)*RQ(α=10))+Per(p=96))+Per(p=672))*Per(p=12)),"[np.str_('*'), np.str_('+'), np.str_('+'), np.str_('*')]"
S2,Seasonal,0.20979235638577376,0.28668816755789006,0.0,0.39994886101791627,0.3742996042853629,0.2713419738383105,4,(((Per(p=40)+Per(p=7))+Per(p=4))+RBF(l=0.1)),"[np.str_('+'), np.str_('+'), np.str_('+')]"
S1,Composite,0.9999721345307071,0.15266801744673053,0.0,0.9999807354497879,0.272611244325245,0.30813838310203945,3,((Per(p=730)*WN(σ=1))+Lin(σ=10)),"[np.str_('*'), np.str_('+')]"
S2,Seasonal,0.8165219396277265,0.921714160357114,0.0,0.8631306399261361,0.9396095431647578,0.27774545959810903,2,(Per(p=26)*Per(p=24)),[np.str_('*')]
S2,Seasonal,0.10041954322729685,0.26698277652781055,0.0,0.15955671569592178,0.5331025912132024,0.49087012036480226,3,((Per(p=52)*Per(p=52))+WN(σ=1)),"[np.str_('*'), np.str_('+')]"
S2,Seasonal,0.08118512155637914,0.9999698594664309,0.0,0.14465148813674844,0.999979641815387,0.3247856427732606,1,Per(p=14),['None']
S2,Seasonal,0.6894249915264226,0.6408724974910558,0.0,0.9182204041511626,0.9225847469925442,0.8374313690177445,2,(Per(p=336)*Per(p=60)),[np.str_('*')]
S2,Seasonal,0.005528627327574087,0.9984787378722362,0.0,0.26918382922179374,0.999458237017961,0.6437273555507814,1,Per(p=48),['None']
S3,Stationary,0.1727951528795364,0.1596763155102804,0.0,0.4535936909503785,0.1910235796751968,0.1837542738484914,1,WN(σ=1),['None']
S2,Seasonal,0.7672017422655848,0.9272307523049063,0.0,0.9601875637779903,0.9863312920765471,0.8288038174912404,3,((Per(p=40)*Per(p=730))*Per(p=40)),"[np.str_('*'), np.str_('*')]"
S1,Composite,0.9999995433584831,0.9879006123284236,0.0,0.999999880314234,0.9967990320076725,0.737885688098921,4,(((Per(p=672)+Lin(σ=10))+Per(p=4))+Per(p=40)),"[np.str_('+'), np.str_('+'), np.str_('+')]"
S1,Composite,0.9212442258866284,0.9270109193695447,0.0,0.9691691798128854,0.9687287120317573,0.6596123884072252,4,(((RBF(l=1)+Lin(σ=0))*Per(p=6))*Per(p=6)),"[np.str_('+'), np.str_('*'), np.str_('*')]"
S2,Seasonal,0.32573009744602943,0.15598658330901116,0.0,0.5244737166885327,0.2775360126829509,0.4166931023824443,4,(((Per(p=96)+Per(p=96))*RQ(α=0.1))+Per(p=730)),"[np.str_('+'), np.str_('*'), np.str_('+')]"
S1,Composite,0.38684723705370383,0.6428655655584814,0.0,0.033226990322769434,0.3911144690339937,0.0,2,(Lin(σ=0)*Per(p=96)),[np.str_('*')]
S1,Composite,0.13129275588342082,0.8986798438571486,0.0,0.05059204648715254,0.4041785680836807,0.0,3,((Lin(σ=1)*Per(p=365))*Per(p=30)),"[np.str_('*'), np.str_('*')]"
S3,Stationary,0.13098307900263695,0.18744163120232193,0.0,0.4019548318152283,0.2685122829026375,0.30311645074805016,2,(WN(σ=0.1)*RQ(α=0.1)),[np.str_('*')]
S1,Composite,0.035815471303013435,0.07628093002703584,0.0,0.3678628418307035,0.13046342047707693,0.38745240138846715,4,(((Per(p=24)*Per(p=365))+Lin(σ=10))*WN(σ=0.1)),"[np.str_('*'), np.str_('+'), np.str_('*')]"
S2,Seasonal,0.9218875937546198,0.17918822144598678,0.0,0.98418525634504,0.5607338089956573,0.8311752681861382,2,(Per(p=48)+Per(p=672)),[np.str_('+')]
S2,Seasonal,0.5549036088978703,0.9784795322247772,0.0,0.7410427991237899,0.9973784024530431,0.8788664425024161,2,(Per(p=26)+Per(p=48)),[np.str_('+')]
S2,Seasonal,0.8640221082095734,0.2552064096792558,0.0,0.8873447831598125,0.36133331978274374,0.21201501477262918,4,(((WN(σ=1)*WN(σ=0.1))*Per(p=10))+Per(p=730)),"[np.str_('*'), np.str_('*'), np.str_('+')]"
S2,Seasonal,0.2534640214431052,0.6792544961895384,0.0,0.33560694057756824,0.8054388270363362,0.5079947652046819,4,(((Per(p=12)*RBF(l=1))*Per(p=336))+Per(p=14)),"[np.str_('*'), np.str_('*'), np.str_('+')]"
S1,Composite,0.1365269050008805,0.3878862106613843,0.0,0.3280573393046793,0.8067375196683239,0.7471925525240315,5,((((RQ(α=10)*Const(1))+Per(p=48))*Lin(σ=0))*Per(p=26)),"[np.str_('*'), np.str_('+'), np.str_('*'), np.str_('*')]"
S3,Stationary,0.05016227817396801,0.16717489968018262,0.0,0.10126277174770826,0.33738947611958703,0.3922436093245496,2,(RBF(l=1)*WN(σ=1)),[np.str_('*')]
S1,Composite,0.9999896538799649,0.9040103139196085,0.0,0.9999898679401661,0.9056995644507574,0.02067427267930333,4,(((Per(p=7)+RBF(l=10))+Per(p=26))+Lin(σ=0)),"[np.str_('+'), np.str_('+'), np.str_('+')]"
S2,Seasonal,0.0,0.690393200079724,0.0,0.001553154127477363,0.8252688763968584,0.5160509230507548,2,(Per(p=52)+Per(p=6)),[np.str_('+')]
S2,Seasonal,0.011302203904063113,0.6446368565521072,0.0,0.010728727913084879,0.7363031970790707,0.24340999352331327,3,((Per(p=4)+WN(σ=1))*Per(p=168)),"[np.str_('+'), np.str_('*')]"
S2,Seasonal,0.9996667041829491,0.018052276072788143,0.0,0.9999877907318967,0.7860837150278356,0.9641477166124928,2,(Per(p=672)+Per(p=365)),[np.str_('+')]
S2,Seasonal,0.009886827038656398,0.9368759834514646,0.0,0.06833070121581186,0.9626473135333693,0.4108889933140363,4,(((Per(p=24)*WN(σ=0.1))*RBF(l=0.1))+Per(p=48)),"[np.str_('*'), np.str_('*'), np.str_('+')]"
S1,Composite,0.9999895231391913,0.2762344163650273,0.0,0.9999984918038258,0.7196418024207683,0.855994898265478,3,((Lin(σ=0)+RQ(α=10))+Per(p=365)),"[np.str_('+'), np.str_('+')]"
S2,Seasonal,0.35900604403362824,0.48914470435496016,0.0,0.7736313231108842,0.8700635818013328,0.8463448456537009,3,((Per(p=730)*Per(p=48))+RBF(l=10)),"[np.str_('*'), np.str_('+')]"
S3,Stationary,0.09919295821334162,0.28012739320844393,0.0,0.18499407465603535,0.43735090214900574,0.5089297042635099,4,(((RQ(α=0.1)+RBF(l=1))+RQ(α=1))+WN(σ=1)),"[np.str_('+'), np.str_('+'), np.str_('+')]"
S3,Stationary,0.22722292499832797,0.24741204401854988,0.0,0.28701354857334094,0.3501094965006447,0.23192598720795077,1,WN(σ=1),['None']
S2,Seasonal,0.15026539703088604,0.36205894088403623,0.0,0.31949022608033284,0.6110476058563485,0.6135745385421968,4,(((Per(p=40)*Per(p=7))*Per(p=336))*RQ(α=10)),"[np.str_('*'), np.str_('*'), np.str_('*')]"
S2,Seasonal,0.0,0.9954364712465157,0.0,0.2302316856651342,0.9987840660929663,0.733411680842004,1,Per(p=48),['None']
S2,Seasonal,0.6070629954983626,0.8075786392194332,0.0,0.9206200221546887,0.9673220723354644,0.8825605727362478,2,(Per(p=40)*Per(p=672)),[np.str_('*')]
S2,Seasonal,0.9998663380198355,0.10701471908604276,0.0,0.999985719497563,0.5295480917992541,0.8949612798191764,1,Per(p=730),['None']
S3,Stationary,0.11705736798955368,0.25928865496219,0.0,0.2445348287717699,0.4845258439657,0.634876227554435,2,(RQ(α=1)+WN(σ=0.1)),[np.str_('+')]
S2,Seasonal,0.0,0.5004484274878388,0.0,0.04924196533935432,0.7343952617883496,0.639170191396864,3,((RBF(l=1)+Const(1))*Per(p=60)),"[np.str_('+'), np.str_('*')]"
S2,Seasonal,0.6638643489604147,0.2036771878629845,0.0,0.7818196428625173,0.37648767374744807,0.5316393606862914,3,((Per(p=730)+RBF(l=10))+RBF(l=0.1)),"[np.str_('+'), np.str_('+')]"
S2,Seasonal,0.1732736843832795,0.15751559682198557,0.0,0.5095310946092124,0.20514069308104332,0.26127704928289197,4,(((WN(σ=1)*Per(p=48))*Per(p=6))*Per(p=14)),"[np.str_('*'), np.str_('*'), np.str_('*')]"
S2,Seasonal,0.18771016682170893,0.9999867240183433,0.0,0.3480069830511364,0.9999905361994275,0.287147086353159,1,Per(p=4),['None']
S4,Trending,0.9999999989088034,0.1915227905528114,0.0,0.9999999992921654,0.2799346151346739,0.3513255750943337,1,Lin(σ=0),['None']
S2,Seasonal,0.019523760353019504,0.2812368308908474,0.0,0.050482673603896355,0.44959154765425924,0.42576911665772965,5,((((RQ(α=0.1)*Per(p=40))*Per(p=730))+Per(p=96))*RBF(l=1)),"[np.str_('*'), np.str_('*'), np.str_('+'), np.str_('*')]"
S3,Stationary,0.8998669829161479,0.9947105584986923,0.0,0.36124876343169643,0.955084893255696,0.0,2,(RBF(l=10)*Const(1)),[np.str_('*')]
S2,Seasonal,0.006627360377088554,0.998067082497946,0.0,0.46525582470174187,0.999781870989848,0.8869505047145679,1,Per(p=52),['None']
S2,Seasonal,0.08924538748287614,0.5074561586990192,0.0,0.21178897030812194,0.8133870085382333,0.6324967565377639,3,((Per(p=672)+Per(p=10))*Per(p=96)),"[np.str_('+'), np.str_('*')]"
S2,Seasonal,0.0698288256115358,0.5174948223255854,0.0,0.008136381943278703,0.0,0.0,4,(((RQ(α=10)*RBF(l=1))*RQ(α=0.1))+Per(p=365)),"[np.str_('*'), np.str_('*'), np.str_('+')]"
S2,Seasonal,0.19428286931167627,0.11831629098875551,0.0,0.5051414108763989,0.14731232355335544,0.1941466809966963,4,(((WN(σ=0.1)*RBF(l=0.1))*Per(p=14))*Per(p=48)),"[np.str_('*'), np.str_('*'), np.str_('*')]"
S1,Composite,0.7851678947448416,0.9716756126761735,0.0,0.8180889489589933,0.9797988848251957,0.2990907435257255,4,(((Per(p=40)*Lin(σ=1))*Per(p=40))+RBF(l=10)),"[np.str_('*'), np.str_('*'), np.str_('+')]"
S1,Composite,0.1623416693149572,0.12748524528783578,0.0,0.29383873264521776,0.23524855723060967,0.31131507676212955,5,((((Per(p=6)*Per(p=12))*Lin(σ=10))+Per(p=26))*Per(p=730)),"[np.str_('*'), np.str_('*'), np.str_('+'), np.str_('*')]"
S1,Composite,0.999936402758293,0.21597479373812456,0.0,0.9999530349094385,0.3152435186836533,0.2618750277833217,5,((((Per(p=24)+Per(p=14))*RBF(l=0.1))+Per(p=4))+Lin(σ=0)),"[np.str_('+'), np.str_('*'), np.str_('+'), np.str_('+')]"
S2,Seasonal,0.09696679906462424,0.9016332870615895,0.0,0.163652118861353,0.9264849316602761,0.26059206169007787,2,(Per(p=12)+WN(σ=0.1)),[np.str_('+')]
S4,Trending,0.9999979963866387,0.2376035282794654,0.0,0.9999991190862287,0.44876319425784506,0.5603576949937805,2,(RQ(α=1)+Lin(σ=1)),[np.str_('+')]
S2,Seasonal,0.9998706810394299,0.12512104916454103,0.0,0.9999797854631521,0.3585630469646197,0.8448177374686237,2,(Per(p=672)+Per(p=730)),[np.str_('+')]
S2,Seasonal,0.14752930323393698,0.189349491040533,0.0,0.32506343445747476,0.29612297264130083,0.3461516428375664,3,((Per(p=24)+RQ(α=0.1))*RQ(α=0.1)),"[np.str_('+'), np.str_('*')]"
S2,Seasonal,0.16255364831378016,0.2522183066119348,0.0,0.31256412141600487,0.4058638170004919,0.43915961673581916,2,(RBF(l=1)*Per(p=4)),[np.str_('*')]
S2,Seasonal,0.0,0.9979412803819222,0.0,0.3919324901242134,0.9997959298746312,0.9014936529746098,1,Per(p=52),['None']
S2,Seasonal,0.14541564188391576,0.34747937125773887,0.0,0.2090250213630288,0.5454471044899981,0.457506104975427,4,(((Per(p=60)+RQ(α=0.1))+Per(p=10))*Per(p=30)),"[np.str_('+'), np.str_('+'), np.str_('*')]"
S2,Seasonal,0.2449935771051287,0.3068357131035334,0.0,0.514081755501087,0.64110886485064,0.7392638561490817,5,((((Per(p=6)+Per(p=60))*Per(p=52))+WN(σ=0.1))+Per(p=730)),"[np.str_('+'), np.str_('*'), np.str_('+'), np.str_('+')]"
S4,Trending,0.0,0.03351611937968013,0.0,0.4200637031861114,0.05170003133013801,0.28835059372875915,3,((WN(σ=1)*Lin(σ=1))+RBF(l=0.1)),"[np.str_('*'), np.str_('+')]"
S2,Seasonal,0.028367504717960457,0.18000038006879504,0.0,0.0903263525712471,0.3467780010670817,0.45496655674039177,4,(((RBF(l=10)*RBF(l=1))*Per(p=730))*Per(p=4)),"[np.str_('*'), np.str_('*'), np.str_('*')]"
S2,Seasonal,0.008216115869781215,0.3991448113360597,0.0,0.38760067753556027,0.9454781073871571,0.9295540434690697,5,((((Const(1)+Per(p=24))+Per(p=672))*RBF(l=10))*Per(p=168)),"[np.str_('+'), np.str_('+'), np.str_('*'), np.str_('*')]"
S2,Seasonal,0.04516019937971438,0.7959248055909807,0.0,0.04031849723866543,0.8139783486149218,0.04904877375318639,4,(((Const(1)*WN(σ=0.1))+Per(p=10))+Per(p=6)),"[np.str_('*'), np.str_('+'), np.str_('+')]"
S1,Composite,0.9782343495121317,0.5650329745593502,0.0,0.9928360760146697,0.8138308827203469,0.679847138518467,5,((((Per(p=40)+Lin(σ=1))+RQ(α=1))+Per(p=10))+Lin(σ=0)),"[np.str_('+'), np.str_('+'), np.str_('+'), np.str_('+')]"
S2,Seasonal,0.9917065149755464,0.9754909465086454,0.0,0.9693661271913844,0.9078846380728208,0.0,1,Per(p=672),['None']
S2,Seasonal,0.9734577395632349,0.9932348664961619,0.0,0.9938648014059234,0.998465956528003,0.7854972136878251,2,(Per(p=730)*Per(p=30)),[np.str_('*')]
S3,Stationary,0.33982513764892786,0.17128043513584368,0.0,0.41673792140612387,0.2723478587931588,0.47030841069361684,2,(RQ(α=10)*RQ(α=1)),[np.str_('*')]
S3,Stationary,0.13483730567490215,0.14575766422383363,0.0,0.391641815396093,0.2439929688086473,0.3305788095966625,1,WN(σ=0.1),['None']
S2,Seasonal,0.0,0.8249048734799385,0.0,0.012330278737697764,0.883389928127031,0.29178785553298137,3,((Per(p=30)*Per(p=6))*RQ(α=10)),"[np.str_('*'), np.str_('*')]"
S2,Seasonal,0.06695242335059015,0.9999704548564955,0.0,0.08661691848437514,0.9999799097937013,0.32023833786417366,1,Per(p=14),['None']
S2,Seasonal,0.8340425174930696,0.0,0.0,0.901370327477786,0.05827361814299625,0.482939825534464,2,(Per(p=10)+Per(p=336)),[np.str_('+')]
S1,Composite,0.9999726871853918,0.7133257152352085,0.0,0.9999686373454058,0.7670547002428557,0.0,5,((((Per(p=40)*Per(p=672))+Per(p=168))+Per(p=168))+Lin(σ=0)),"[np.str_('*'), np.str_('+'), np.str_('+'), np.str_('+')]"
S2,Seasonal,0.007170113577453896,0.9944422900448782,0.0,0.2394736558470184,0.9909742176078429,0.0,1,Per(p=40),['None']
S2,Seasonal,0.018052574266290478,0.6324398435426681,0.0,0.002118317485593546,0.0,0.0,3,((WN(σ=1)+Per(p=60))+Per(p=365)),"[np.str_('+'), np.str_('+')]"
S1,Composite,0.8829621758280856,0.973626256134741,0.0,0.9470508641352755,0.9880111610934107,0.5291348013246644,3,((Lin(σ=0)*Per(p=52))*Lin(σ=1)),"[np.str_('*'), np.str_('*')]"
S1,Composite,0.5683221529598741,0.8180433622340371,0.0,0.7064212019439402,0.8650243529449191,0.3486261123866603,4,(((WN(σ=0.1)+Per(p=365))*Per(p=6))*Lin(σ=10)),"[np.str_('+'), np.str_('*'), np.str_('*')]"
S2,Seasonal,0.5707996354936351,0.5225850422676155,0.0,0.6364203046020259,0.8713923653412123,0.805313485038204,1,Per(p=14),['None']
S2,Seasonal,0.46927773542637585,0.46899428219949235,0.0,0.7467526233581062,0.7943290768408189,0.7953000491904101,3,((Per(p=60)+RBF(l=10))*Per(p=30)),"[np.str_('+'), np.str_('*')]"
S1,Composite,0.05631885357046673,0.4103867208074121,0.0,0.40734246266633545,0.6771242865806155,0.7879145690302324,5,((((Lin(σ=1)+RQ(α=1))*Per(p=24))*Per(p=52))+RBF(l=1)),"[np.str_('+'), np.str_('*'), np.str_('*'), np.str_('+')]"
S2,Seasonal,0.664708208619437,0.6578902055911529,0.0,0.7729259880679565,0.7963717747246364,0.5005898977429207,3,((Per(p=4)*Const(1))+RQ(α=1)),"[np.str_('*'), np.str_('+')]"
S2,Seasonal,0.9994902576739099,0.0,0.0,0.9999683441765286,0.8320413930201077,0.9398072447552017,1,Per(p=730),['None']
S2,Seasonal,0.18931298707045996,0.15170590847030918,0.0,0.438003528024136,0.23531454007323005,0.34629000493415274,2,(WN(σ=0.1)*Per(p=96)),[np.str_('*')]
S2,Seasonal,0.0,0.998265931907207,0.0,0.36471271965429086,0.9995976641453284,0.7678313301039108,1,Per(p=52),['None']
S1,Composite,0.9999999991348008,0.09176790637841448,0.0,0.9999999999566431,0.6160579529961601,0.9498888029868807,2,(Lin(σ=0)+Per(p=730)),[np.str_('+')]
S2,Seasonal,0.042140759369830194,0.48422313771795156,0.0,0.13485764922081,0.7227193619579761,0.5943113353535782,3,((Per(p=40)+RQ(α=0.1))+Per(p=26)),"[np.str_('+'), np.str_('+')]"
S2,Seasonal,0.31492141617163427,0.5037703821222244,0.0,0.37662740630113434,0.6265474919466161,0.0,4,(((RBF(l=0.1)+Per(p=168))+RQ(α=10))*Per(p=672)),"[np.str_('+'), np.str_('+'), np.str_('*')]"
S2,Seasonal,0.012945016839463253,0.3104131114635523,0.0,0.04066089047129007,0.5203430589282803,0.5083795777044318,3,((Per(p=30)*RQ(α=1))+RBF(l=0.1)),"[np.str_('*'), np.str_('+')]"
S1,Composite,0.9999837224614601,0.45031741377066925,0.0,0.9999881266426337,0.5641925213877587,0.2705705091326118,3,((Per(p=26)+Lin(σ=0))+RBF(l=0.1)),"[np.str_('+'), np.str_('+')]"
S1,Composite,0.021073900296343928,0.11289809895815872,0.0,0.4279671223540388,0.15682156390769142,0.295150446001897,5,((((Lin(σ=1)+Per(p=24))*WN(σ=1))*Per(p=40))+Const(1)),"[np.str_('+'), np.str_('*'), np.str_('*'), np.str_('+')]"
S2,Seasonal,0.0,0.997481777760273,0.0,0.0,0.9943941504998836,0.0,1,Per(p=168),['None']
S2,Seasonal,0.1357364260092052,0.27771359713342825,0.0,0.284703848360332,0.22234370188736863,0.0,2,(Per(p=10)*Per(p=4)),[np.str_('*')]
S2,Seasonal,0.6818470555672631,0.675965571352245,0.0,0.9255779148604285,0.9772441093555938,0.9505395031020935,1,Per(p=14),['None']
S2,Seasonal,0.028024741468571146,0.32568198783890223,0.0,0.06349078190175106,0.4785322102046914,0.5193210852469344,4,(((Per(p=672)*RBF(l=1))+Per(p=24))+Per(p=40)),"[np.str_('*'), np.str_('+'), np.str_('+')]"
S2,Seasonal,0.04208240691788012,0.3277314051775574,0.0,0.07314950262970554,0.36309016651216286,0.15211773294569508,1,Per(p=7),['None']
S2,Seasonal,0.10561290599410966,0.9999154988295247,0.0,0.1540372040489809,0.9999408549744376,0.30036118928295474,1,Per(p=14),['None']
S2,Seasonal,0.0637989574272202,0.6210957522289523,0.0,0.16684444551341848,0.7937995262839178,0.6070394514234008,5,((((Per(p=10)*RBF(l=1))+Per(p=10))*Per(p=48))+Per(p=40)),"[np.str_('*'), np.str_('+'), np.str_('*'), np.str_('+')]"
S2,Seasonal,0.09814472051995204,0.297265391993493,0.0,0.13854453516618725,0.5440765944526954,0.49885853616829456,4,(((Per(p=48)*Per(p=10))*Per(p=6))*RBF(l=10)),"[np.str_('*'), np.str_('*'), np.str_('*')]"
S1,Composite,0.9957838952376427,0.9983798587655076,0.0,0.9969573245944653,0.9988445623392014,0.2928516294051724,5,((((Per(p=336)*Lin(σ=10))+Per(p=365))*Per(p=7))+Per(p=26)),"[np.str_('*'), np.str_('+'), np.str_('*'), np.str_('+')]"
S1,Composite,0.9978623495195803,0.1748498708900219,0.0,0.9994091619192014,0.2912581885458714,0.7245307250013588,4,(((Per(p=336)*Per(p=26))*Per(p=14))+Lin(σ=0)),"[np.str_('*'), np.str_('*'), np.str_('+')]"
S2,Seasonal,0.10706780846823061,0.4304373846922823,0.0,0.144376974556911,0.5548791869337328,0.4036252487815696,4,(((RQ(α=0.1)+Per(p=6))*Per(p=60))+Per(p=26)),"[np.str_('+'), np.str_('*'), np.str_('+')]"
S1,Composite,0.9999913362653688,0.5604535476675361,0.0,0.9999946892903385,0.6748364944721479,0.3871563231246874,4,(((RQ(α=0.1)*Per(p=52))+Lin(σ=0))+Per(p=26)),"[np.str_('*'), np.str_('+'), np.str_('+')]"
S2,Seasonal,0.06276749648181834,0.9999878847081622,0.0,0.27037037683699505,0.9999923337096082,0.3674852116118086,1,Per(p=6),['None']
S2,Seasonal,0.11817757688149633,0.9999733466852873,0.0,0.20736388240195924,0.9999807290887425,0.27717169279885034,1,Per(p=7),['None']
S1,Composite,0.9998723026834182,0.0566540311406325,0.0,0.9999949975540128,0.5076890830293719,0.9613971120569623,5,((((Per(p=14)*RQ(α=10))+Lin(σ=10))+RBF(l=10))*Per(p=672)),"[np.str_('*'), np.str_('+'), np.str_('+'), np.str_('*')]"
S3,Stationary,0.25654810963066355,0.3034809369025334,0.0,0.5100443786807016,0.8051423520171128,0.8199833686327895,1,RBF(l=10),['None']
S1,Composite,0.06189143495033367,0.04811180892573175,0.0,0.11889451152888142,0.34394122447613984,0.6265820386835583,4,(((Lin(σ=0)*RQ(α=10))+Per(p=14))*Per(p=7)),"[np.str_('*'), np.str_('+'), np.str_('*')]"
S2,Seasonal,0.17661166619392932,0.35736461667946184,0.0,0.6045142403246531,0.8478211482378847,0.8686397149375128,2,(RQ(α=10)+Per(p=26)),[np.str_('+')]
S2,Seasonal,0.08658933015987458,0.5512759177191436,0.0,0.1155308007618463,0.7889345805755819,0.7003247597157689,5,((((RQ(α=1)*Per(p=40))+Per(p=48))+Per(p=26))+Per(p=24)),"[np.str_('*'), np.str_('+'), np.str_('+'), np.str_('+')]"
S2,Seasonal,0.0068367565724092305,0.9894995872471465,0.0,0.0,0.996284604591751,0.65376152127001,1,Per(p=40),['None']
S2,Seasonal,0.010343435121871192,0.2322046273982522,0.0,0.043071115303006224,0.396400855735911,0.355379228786848,4,(((Per(p=7)*RBF(l=0.1))*Per(p=168))+Per(p=12)),"[np.str_('*'), np.str_('*'), np.str_('+')]"
S3,Stationary,0.384483045488042,0.14073379538190445,0.0,0.5655166919749139,0.18971668424420185,0.26271390944010276,1,RQ(α=0.1),['None']
S2,Seasonal,0.34694416737956335,0.37756381115300686,0.0,0.5119005080330361,0.6280378248561612,0.6114599666566278,5,((((Per(p=24)+Per(p=336))*Per(p=52))+RQ(α=0.1))+Per(p=336)),"[np.str_('+'), np.str_('*'), np.str_('+'), np.str_('+')]"
S2,Seasonal,0.24997788423368417,0.3821148866928321,0.0,0.34815704029790717,0.5355610779616164,0.42459284346387727,4,(((Per(p=365)+WN(σ=1))+Per(p=48))*Per(p=10)),"[np.str_('+'), np.str_('+'), np.str_('*')]"
S2,Seasonal,0.11268674832146319,0.5603783053086677,0.0,0.18701909533143257,0.7478809243756828,0.6216538077648096,5,((((RQ(α=1)*RQ(α=10))+Per(p=52))+Per(p=96))+Per(p=12)),"[np.str_('*'), np.str_('+'), np.str_('+'), np.str_('+')]"
S2,Seasonal,0.007201261682388438,0.9975585936968658,0.0,0.021001670782676007,0.9991490418900586,0.653647538436912,1,Per(p=52),['None']
S2,Seasonal,0.0,0.9930026002573977,0.0,0.18533615663956526,0.9978663214086974,0.7002920229807543,2,(Per(p=40)+Per(p=40)),[np.str_('+')]
S2,Seasonal,0.0,0.8068339690550225,0.0,0.1054593644782632,0.8920133363318921,0.5510625983654811,3,((Per(p=26)*Per(p=14))*Const(1)),"[np.str_('*'), np.str_('*')]"
S1,Composite,0.059529346245650316,0.3942924200342586,0.0,0.24250058596722646,0.8997711121886334,0.8337768574436701,5,((((WN(σ=1)+RBF(l=0.1))+Lin(σ=1))+Per(p=60))*RQ(α=10)),"[np.str_('+'), np.str_('+'), np.str_('+'), np.str_('*')]"
S1,Composite,0.9998118877975476,0.47793304318282914,0.0,0.9999399132813148,0.8759117339547208,0.6791865509763978,4,(((Per(p=730)+Lin(σ=1))+Per(p=52))+Per(p=365)),"[np.str_('+'), np.str_('+'), np.str_('+')]"
S2,Seasonal,0.620538666711695,0.34991938719062,0.0,0.7361173086584185,0.5269153236993149,0.5034239584588853,4,(((Per(p=365)+Per(p=26))+WN(σ=1))*Per(p=336)),"[np.str_('+'), np.str_('+'), np.str_('*')]"
S2,Seasonal,0.49845547155119474,0.39814835675467786,0.0,0.8067251023734494,0.7302643122654711,0.780795198696699,4,(((Per(p=30)*Per(p=52))+Per(p=12))*Per(p=730)),"[np.str_('*'), np.str_('+'), np.str_('*')]"
S3,Stationary,0.0857507700869844,0.18641219600902315,0.0,0.2321753604983482,0.28778670655230565,0.25978179776180177,1,RBF(l=0.1),['None']
S4,Trending,0.0,0.06006659171534712,0.0,0.3062359399756541,0.0851852928863972,0.27384228865367377,3,((Lin(σ=0)*RQ(α=0.1))*RQ(α=0.1)),"[np.str_('*'), np.str_('*')]"
S1,Composite,0.427733434690611,0.4642585704798933,0.0,0.5141741345742714,0.6291455401823596,0.4122411014276418,4,(((WN(σ=1)+Per(p=24))+Lin(σ=10))+Per(p=7)),"[np.str_('+'), np.str_('+'), np.str_('+')]"
S2,Seasonal,0.9021667206388874,0.9448029463990215,0.0,0.9310985459107456,0.9667297740883929,0.4039036620956501,4,(((Per(p=24)+Per(p=365))+Per(p=168))+WN(σ=0.1)),"[np.str_('+'), np.str_('+'), np.str_('+')]"
S2,Seasonal,0.5472810407321043,0.8344546040439587,0.0,0.5856526042146903,0.9588964297048644,0.7888007305888356,1,Per(p=14),['None']
S1,Composite,0.9605225456909969,0.9891039716886608,0.0,0.3461159133803602,0.0,0.0,5,((((Per(p=336)+Per(p=30))*Per(p=24))+Lin(σ=0))*Per(p=365)),"[np.str_('+'), np.str_('*'), np.str_('+'), np.str_('*')]"
S1,Composite,0.182941472060146,0.06630078521556082,0.0,0.551071398718811,0.10601798948588259,0.3401270293519677,5,((((WN(σ=0.1)*Lin(σ=1))*Lin(σ=1))+Lin(σ=0))*Per(p=6)),"[np.str_('*'), np.str_('*'), np.str_('+'), np.str_('*')]"
S2,Seasonal,0.0,0.8602346318840878,0.0,0.08455424323527672,0.8546332330965817,0.0,5,((((Per(p=168)*Per(p=12))+Per(p=96))+RBF(l=1))*Per(p=336)),"[np.str_('*'), np.str_('+'), np.str_('+'), np.str_('*')]"
S2,Seasonal,0.10654915699337675,0.9999967722228496,0.0,0.17453069623901074,0.9999978371763649,0.3299950245770167,1,Per(p=12),['None']
S2,Seasonal,0.6393737664262301,0.900425384626504,0.0,0.6402224339195263,0.9002607704133929,0.0,1,Per(p=4),['None']
S2,Seasonal,0.37033492699448534,0.5935035737819885,0.0,0.0349549200090421,0.0,0.0,4,(((Per(p=730)*RQ(α=10))+Per(p=730))+Per(p=6)),"[np.str_('*'), np.str_('+'), np.str_('+')]"
S1,Composite,0.9987751736585754,0.18909034008519232,0.0,0.999207777988549,0.3242161908341912,0.35261951051860807,5,((((Per(p=168)*WN(σ=1))*RBF(l=10))+Lin(σ=1))+Per(p=14)),"[np.str_('*'), np.str_('*'), np.str_('+'), np.str_('+')]"
S2,Seasonal,0.06544287363742773,0.2747233412565755,0.0,0.15199237018700484,0.42601776105817457,0.3553574281552212,5,((((RBF(l=10)+RQ(α=10))*Per(p=14))*RQ(α=0.1))*Per(p=30)),"[np.str_('+'), np.str_('*'), np.str_('*'), np.str_('*')]"
S2,Seasonal,0.11294653818759037,0.6013690596187447,0.0,0.24326588675653738,0.8633817509363577,0.6249761631701575,3,((RBF(l=10)*Per(p=30))+Per(p=365)),"[np.str_('*'), np.str_('+')]"
S3,Stationary,0.009178071972818613,0.5920679980364697,0.0,0.010966602876517073,0.05408059160928724,0.0,1,RBF(l=1),['None']
S2,Seasonal,0.020218700610635243,0.9999558666128754,0.0,0.05258196899589496,0.9999719804135672,0.3651096488742993,1,Per(p=24),['None']
S2,Seasonal,0.27742436797459813,0.2273434224065638,0.0,0.41767629812204465,0.3263814144584175,0.4100483394518809,3,((RBF(l=1)*Per(p=7))+WN(σ=0.1)),"[np.str_('*'), np.str_('+')]"
S2,Seasonal,0.602666665378923,0.542662013823647,0.0,0.6710815189014716,0.677645901485697,0.43162017453281265,4,(((Per(p=48)+Per(p=12))*Per(p=4))+Per(p=30)),"[np.str_('+'), np.str_('*'), np.str_('+')]"
S1,Composite,0.9999868490837448,0.8965968175046188,0.0,0.9999907837054438,0.9238993846567874,0.2988957319443357,4,(((Lin(σ=1)+Per(p=4))+Per(p=48))+Per(p=168)),"[np.str_('+'), np.str_('+'), np.str_('+')]"
S1,Composite,0.9999999724317435,0.17188425601644275,0.0,0.9999999949226368,0.5501444974315035,0.8158283939879177,2,(Per(p=730)+Lin(σ=0)),[np.str_('+')]
S2,Seasonal,0.12244275996622211,0.4600126410616733,0.0,0.2246477407942541,0.7293634033359326,0.6427781673889466,5,((((RBF(l=1)*Per(p=40))+Per(p=40))*RQ(α=10))*Per(p=730)),"[np.str_('*'), np.str_('+'), np.str_('*'), np.str_('*')]"
S1,Composite,0.05436502112179398,0.0942757006240953,0.0,0.2721525443686409,0.15353439691393744,0.5688492470278974,4,(((Lin(σ=10)*RBF(l=1))*RQ(α=10))+Per(p=6)),"[np.str_('*'), np.str_('*'), np.str_('+')]"
S2,Seasonal,0.4487594576295375,0.27543798001154574,0.0,0.5317965830917856,0.3846063369987873,0.3595381366423872,4,(((RBF(l=10)*Per(p=12))*RBF(l=1))+Per(p=4)),"[np.str_('*'), np.str_('*'), np.str_('+')]"
S2,Seasonal,0.24442606464231886,0.5299160248119756,0.0,0.5386394546593598,0.9391538129558114,0.8433844507592602,2,(RBF(l=10)+Per(p=336)),[np.str_('+')]
S2,Seasonal,0.0469149307404535,0.8128582680457284,0.0,0.1270389326841903,0.8650439975980251,0.19344403781739727,1,Per(p=96),['None']
S2,Seasonal,0.40316819161806494,0.8319476997634794,0.0,0.596650994357765,0.916504088386151,0.5696593012728037,4,(((Per(p=96)+Per(p=6))*Per(p=168))*Per(p=12)),"[np.str_('+'), np.str_('*'), np.str_('*')]"
S1,Composite,0.18269865104917782,0.09918175400211982,0.0,0.5591593055658642,0.3720571354908475,0.7136123871893255,5,((((Per(p=168)+RQ(α=10))+Per(p=7))*Per(p=24))*Lin(σ=10)),"[np.str_('+'), np.str_('+'), np.str_('*'), np.str_('*')]"
S1,Composite,0.9987501375140554,0.2429511309309259,0.0,0.9995063415647034,0.5713886622534703,0.6050463508803035,3,((Per(p=12)*Per(p=60))+Lin(σ=10)),"[np.str_('*'), np.str_('+')]"
S2,Seasonal,0.10984089223302007,0.17205797259547795,0.0,0.20988325674243502,0.37063332537496996,0.595625159230314,4,(((RQ(α=1)+Per(p=10))+RBF(l=0.1))*RQ(α=10)),"[np.str_('+'), np.str_('+'), np.str_('*')]"
S1,Composite,0.9999890430308039,0.15688977480370025,0.0,0.9999926022765706,0.24726080824740115,0.3252500994573987,4,(((WN(σ=0.1)*RBF(l=10))*Per(p=48))+Lin(σ=1)),"[np.str_('*'), np.str_('*'), np.str_('+')]"
S2,Seasonal,0.0,0.9196031256518232,0.0,0.2547012212894353,0.9359598124544961,0.1718240454224519,1,Per(p=60),['None']
S2,Seasonal,0.57100798452219,0.5222513039569038,0.0,0.826999777479918,0.6892496817524298,0.7610241442639909,3,((Per(p=365)*Per(p=30))+Per(p=30)),"[np.str_('*'), np.str_('+')]"
S4,Trending,0.999934347668328,0.15179977458045946,0.0,0.9999636844334903,0.3295948802993388,0.4468668424210962,2,(RQ(α=0.1)+Lin(σ=10)),[np.str_('+')]
S2,Seasonal,0.28977981579920487,0.6104134859394534,0.0,0.23806223724988396,0.7631517096542602,0.4861197322460442,3,((Per(p=6)+Per(p=48))*Per(p=365)),"[np.str_('+'), np.str_('*')]"
S3,Stationary,0.9498773045209679,0.9899164421453314,0.0,0.0,0.7312520203440787,0.0,2,(RQ(α=1)+RBF(l=1)),[np.str_('+')]
S2,Seasonal,0.40071979336093777,0.3622279046627147,0.0,0.527444301380648,0.5454302807615816,0.6245475927169432,2,(Per(p=6)*Per(p=26)),[np.str_('*')]
S3,Stationary,0.31512832299533233,0.3155497051770281,0.0,0.39218775132079875,0.45069335552631595,0.4698886996375533,1,RQ(α=1),['None']
S2,Seasonal,0.051315471532607404,0.9999908404083239,0.0,0.13675386263415523,0.9999927408179639,0.20781058164839072,1,Per(p=12),['None']
S2,Seasonal,0.9991671045316163,0.0,0.0,0.9999325564451929,0.8452045966023447,0.9218254153689556,2,(Per(p=730)*Const(1)),[np.str_('*')]
S2,Seasonal,0.1362587687390353,0.3772243744671858,0.0,0.3631360454834506,0.650406709964742,0.6380267278667257,2,(RQ(α=10)*Per(p=30)),[np.str_('*')]
S2,Seasonal,0.06445482588207596,0.2749951589883334,0.0,0.16751758666532235,0.6221558309299533,0.5847320191639303,5,((((Per(p=168)*Per(p=168))*Per(p=7))*RQ(α=10))+Const(1)),"[np.str_('*'), np.str_('*'), np.str_('*'), np.str_('+')]"
S2,Seasonal,0.08595636955151564,0.9999915270094063,0.0,0.175575038469154,0.999993930798312,0.28378285710235773,1,Per(p=7),['None']
S2,Seasonal,0.10194727707522355,0.7666275377529882,0.0,0.2750183935522169,0.8112345030179239,0.21773084998337677,2,(Per(p=6)+WN(σ=1)),[np.str_('+')]
S2,Seasonal,0.27567167757312794,0.5114677773873745,0.0,0.631649891593471,0.8637676505438435,0.7939851508282251,5,((((Per(p=365)*Per(p=40))+Per(p=30))+RQ(α=10))+Const(1)),"[np.str_('*'), np.str_('+'), np.str_('+'), np.str_('+')]"
S2,Seasonal,0.36864174493740065,0.5332974384406158,0.0,0.5516980663356834,0.6837974962060909,0.4719361925249086,5,((((Per(p=672)+Per(p=10))*Per(p=14))+RBF(l=0.1))+WN(σ=0.1)),"[np.str_('+'), np.str_('*'), np.str_('+'), np.str_('+')]"
S2,Seasonal,0.30699066196221203,0.2465201658350632,0.0,0.4864064600670449,0.42517682634914444,0.5195824006035631,2,(Per(p=60)*RBF(l=1)),[np.str_('*')]
S2,Seasonal,0.02973078900419457,0.9999960432460289,0.0,0.04136298021363627,0.9999974874415674,0.36485393032189994,1,Per(p=24),['None']
S2,Seasonal,0.040828991152923155,0.9999829476033816,0.0,0.09839523705829833,0.9999876540659672,0.2757986319021789,1,Per(p=24),['None']
S2,Seasonal,0.009436846945367727,0.834330105331085,0.0,0.0027653883128558876,0.13622156699837973,0.0,5,((((Per(p=24)*RQ(α=0.1))+WN(σ=0.1))+Per(p=730))*Per(p=168)),"[np.str_('*'), np.str_('+'), np.str_('+'), np.str_('*')]"
S3,Stationary,0.01296283185432845,0.24465895670145188,0.0,0.020151176814418803,0.3659861932560675,0.3063611130685516,1,Const(1),['None']
S2,Seasonal,0.12671643055111903,0.34362022265711256,0.0,0.2162480720328106,0.46083844205951807,0.44048308558700633,4,(((RQ(α=1)+Per(p=10))*Per(p=10))*RQ(α=1)),"[np.str_('+'), np.str_('*'), np.str_('*')]"
S2,Seasonal,0.0,0.5391163355029585,0.0,0.030379798824676563,0.7647687781769068,0.5212516131755061,3,((Per(p=48)*Per(p=14))+Per(p=48)),"[np.str_('*'), np.str_('+')]"
S1,Composite,0.9999999664905154,0.9999999992709684,0.0,0.9999999742080873,0.9999999994388805,0.2303215311910961,3,((Lin(σ=10)+Per(p=365))*Per(p=4)),"[np.str_('+'), np.str_('*')]"
S3,Stationary,0.3344240881661952,0.0,0.0,0.7778967006769909,0.1712342895531821,0.725531033665893,1,RQ(α=10),['None']
S2,Seasonal,0.9178973335143374,0.9713202128534553,0.0,0.9883646548069595,0.9963571102039069,0.8770863194986732,5,((((Per(p=24)*Per(p=24))+Per(p=60))+Per(p=672))+Per(p=6)),"[np.str_('*'), np.str_('+'), np.str_('+'), np.str_('+')]"
S4,Trending,0.9999999888125088,0.14003528313319602,0.0,0.9999999932947973,0.3303298954534414,0.4006538794345653,1,Lin(σ=0),['None']
S2,Seasonal,0.9998532129862702,0.9999391781575565,0.0,0.9999203438505816,0.9999671238883877,0.4611043443325754,3,((Per(p=7)*Per(p=672))+Per(p=365)),"[np.str_('*'), np.str_('+')]"
S1,Composite,0.9999527180530703,0.43974814719570965,0.0,0.9999740950036631,0.5750875552424359,0.45211892580534463,5,((((WN(σ=1)+Per(p=60))*Per(p=52))+Per(p=60))+Lin(σ=1)),"[np.str_('+'), np.str_('*'), np.str_('+'), np.str_('+')]"
S2,Seasonal,0.344260180958442,0.2623785336115618,0.0,0.6359649736959542,0.7509131598709511,0.7305684698791608,2,(RQ(α=1)+Per(p=730)),[np.str_('+')]
S2,Seasonal,0.4880033907935223,0.6757000862870065,0.0,0.7959599619455315,0.8796095722310471,0.7391226128836417,2,(Per(p=60)*Per(p=365)),[np.str_('*')]
S2,Seasonal,0.5117277880378478,0.7171485039311563,0.0,0.7508298208644278,0.9163418215510059,0.748818980756815,3,((Per(p=168)*Per(p=24))+Per(p=52)),"[np.str_('*'), np.str_('+')]"
S2,Seasonal,0.28602385982494727,0.23014554230072104,0.0,0.46823324755031226,0.3688080852764416,0.5207983552087163,4,(((Per(p=336)*Per(p=336))*RBF(l=1))*Per(p=168)),"[np.str_('*'), np.str_('*'), np.str_('*')]"
S2,Seasonal,0.04764781763637027,0.9999758130371673,0.0,0.12928466818361628,0.9999831260684494,0.3027965901472005,1,Per(p=12),['None']
S2,Seasonal,0.6761530507859993,0.8453752146779788,0.0,0.9910554894651346,0.9986581764525133,0.9924604350684006,2,(Per(p=96)+Per(p=52)),[np.str_('+')]
S1,Composite,0.02652220623315471,0.5405859428472892,0.0,0.36143630050688913,0.793332756079572,0.7080638670762672,4,(((Per(p=60)+Per(p=48))+WN(σ=0.1))*Lin(σ=1)),"[np.str_('+'), np.str_('+'), np.str_('*')]"
S2,Seasonal,0.9008374730772934,0.8992045954437097,0.0,0.9030603838571137,0.9067925327283188,0.07772008295291488,3,((Per(p=4)*Per(p=48))+Per(p=168)),"[np.str_('*'), np.str_('+')]"
S2,Seasonal,0.05860562586418461,0.8264952461889025,0.0,0.8139096337604718,0.9964086496799648,0.9805288827655217,2,(Per(p=96)*Per(p=365)),[np.str_('*')]
S2,Seasonal,0.8348421489687567,0.6350076697644584,0.0,0.942374788667734,0.8764095933593251,0.7528142275695965,3,((RQ(α=10)+Per(p=6))+Per(p=96)),"[np.str_('+'), np.str_('+')]"
S3,Stationary,0.1447709067061943,0.20843843215856073,0.0,0.34845204584497613,0.2849493160193848,0.32416401018704655,2,(RQ(α=0.1)*RQ(α=0.1)),[np.str_('*')]
S2,Seasonal,0.8916830690057614,0.9339498558828416,0.0,0.9137011403626009,0.9410946109773413,0.15013456731036123,3,((Per(p=60)*Per(p=6))+Per(p=168)),"[np.str_('*'), np.str_('+')]"
S2,Seasonal,0.0,0.96966195810721,0.0,0.32163586450797643,0.9913962099809672,0.7218268358843771,1,Per(p=60),['None']
S1,Composite,0.009535259989876255,0.3693529470860032,0.0,0.002530230884105533,0.7927416786988494,0.7511705077962685,5,((((Per(p=60)*Lin(σ=0))*Per(p=96))*Lin(σ=1))*Per(p=14)),"[np.str_('*'), np.str_('*'), np.str_('*'), np.str_('*')]"
S2,Seasonal,0.052002228540856454,0.9999898084996414,0.0,0.16629628020490994,0.9999927842894468,0.29222274668716863,1,Per(p=12),['None']
S1,Composite,0.9999972755793399,0.4465305464742665,0.0,0.9999991194877192,0.7571163091247566,0.6768047114237993,2,(Lin(σ=0)+Per(p=30)),[np.str_('+')]
S1,Composite,0.9999999836595612,0.9999999945655054,0.0,0.9999999919943094,0.9999999973375678,0.5100839976816547,3,((Per(p=672)+Lin(σ=0))*Per(p=10)),"[np.str_('+'), np.str_('*')]"
S1,Composite,0.9999991204561254,0.9944851986956781,0.0,0.9999998824453955,0.99924597709435,0.8663451296204308,3,((Const(1)+Per(p=40))+Lin(σ=10)),"[np.str_('+'), np.str_('+')]"
S2,Seasonal,0.9986509145433949,0.0,0.0,0.9999344803784355,0.8466990097600712,0.9537224782060837,1,Per(p=365),['None']
S2,Seasonal,0.2721358273640695,0.7766737205698321,0.0,0.3542050824545342,0.8937274544092327,0.5167032261642119,4,(((Per(p=30)*RQ(α=10))*Per(p=30))+RQ(α=10)),"[np.str_('*'), np.str_('*'), np.str_('+')]"
S2,Seasonal,0.3142032605385058,0.8785124216124395,0.0,0.3009535991264439,0.8932804803426394,0.15967937250267417,3,((Per(p=14)+Per(p=24))*Per(p=26)),"[np.str_('+'), np.str_('*')]"
S4,Trending,0.9999999990578308,0.2296490128801757,0.0,0.9999999993416064,0.3610612407498257,0.30119757732335195,1,Lin(σ=0),['None']
S2,Seasonal,0.10983538424820072,0.2960496701270263,0.0,0.1491795157726733,0.49859669454083944,0.5718234761186994,3,((Per(p=336)*RBF(l=1))+Per(p=60)),"[np.str_('*'), np.str_('+')]"
S2,Seasonal,0.9993421283053152,0.0,0.0,0.9999330657009595,0.8189397761187164,0.9006906298895918,1,Per(p=672),['None']
S2,Seasonal,0.0379181000020522,0.40632015232688057,0.0,0.03868937413487006,0.5949619787237884,0.5314320049144723,5,((((RBF(l=10)*RQ(α=0.1))*Per(p=365))+Per(p=52))+Per(p=30)),"[np.str_('*'), np.str_('*'), np.str_('+'), np.str_('+')]"
S1,Composite,0.9999966040621181,0.8384634598416815,0.0,0.9999995420088738,0.9737249247059723,0.8651389033562347,3,((Per(p=365)+Lin(σ=10))+Per(p=168)),"[np.str_('+'), np.str_('+')]"
S4,Trending,0.09897474538043904,0.30675589152566385,0.0,0.17904965499906778,0.6092604000297734,0.4993363556346352,4,(((RBF(l=1)+Lin(σ=0))*RBF(l=10))*RBF(l=1)),"[np.str_('+'), np.str_('*'), np.str_('*')]"
S2,Seasonal,0.4056802554217894,0.3699760886881238,0.0,0.398290829852624,0.4535981971299695,0.2265835041943013,3,((Per(p=12)+RQ(α=10))*Per(p=26)),"[np.str_('+'), np.str_('*')]"
S1,Composite,0.011932699810656477,0.17557546862939233,0.0,0.01585891016588359,0.45780782058558045,0.5468296402345313,5,((((Per(p=10)+Per(p=4))*RBF(l=1))*Lin(σ=1))*RBF(l=1)),"[np.str_('+'), np.str_('*'), np.str_('*'), np.str_('*')]"
S2,Seasonal,0.03434702701925063,0.4895239677031942,0.0,0.13477175208757375,0.8223990216985333,0.7308696904639108,4,(((Per(p=336)*Per(p=60))*Per(p=60))+RBF(l=10)),"[np.str_('*'), np.str_('*'), np.str_('+')]"
S2,Seasonal,0.3206834235858018,0.8852764590728274,0.0,0.272181853295413,0.8572827740464862,0.0,5,((((Per(p=30)*Per(p=365))+Per(p=14))+WN(σ=1))*Per(p=96)),"[np.str_('*'), np.str_('+'), np.str_('+'), np.str_('*')]"
S2,Seasonal,0.43310335940834865,0.19601286608361135,0.0,0.6159067790082641,0.4308896906323533,0.5124387016795184,5,((((WN(σ=1)+Per(p=30))+RBF(l=0.1))+Per(p=52))*Per(p=336)),"[np.str_('+'), np.str_('+'), np.str_('+'), np.str_('*')]"
S3,Stationary,0.15129285731051023,0.28624979830015695,0.0,0.22759590296940424,0.3875359573888373,0.29765931954566593,1,RQ(α=0.1),['None']
S2,Seasonal,0.17859085830755028,0.22315102810907583,0.0,0.2990729350446316,0.42579720772437146,0.5580267553455054,5,((((Const(1)+Per(p=4))*Per(p=24))*RBF(l=1))*Per(p=96)),"[np.str_('+'), np.str_('*'), np.str_('*'), np.str_('*')]"
S3,Stationary,0.18741791498007954,0.3394771606454813,0.0,0.2929336882683433,0.6150153903249072,0.6707748339323136,2,(RQ(α=1)*RBF(l=10)),[np.str_('*')]
S4,Trending,0.9999874380587727,0.0,0.0,0.9999831506290552,0.0,0.0,1,Lin(σ=1),['None']
S2,Seasonal,0.6703293655751876,0.5735671562670275,0.0,0.8207720466386617,0.8102030959211143,0.679664525337297,5,((((RQ(α=1)*Per(p=730))+Per(p=30))+RQ(α=10))+RBF(l=10)),"[np.str_('*'), np.str_('+'), np.str_('+'), np.str_('+')]"
S1,Composite,0.2428321539137781,0.8311453688527743,0.0,0.10312453145081046,0.0,0.0,3,((Per(p=48)+Per(p=365))*Lin(σ=10)),"[np.str_('+'), np.str_('*')]"
S3,Stationary,0.11253216401711585,0.204330680929508,0.0,0.2726860393878394,0.31294034342870747,0.3905939757944836,1,WN(σ=1),['None']
S2,Seasonal,0.11130251046010287,0.15314923356645738,0.0,0.2685769099019897,0.27656516589373803,0.32724677331446805,5,((((RBF(l=10)*Per(p=10))*Per(p=24))+RQ(α=10))*RBF(l=0.1)),"[np.str_('*'), np.str_('*'), np.str_('+'), np.str_('*')]"
S1,Composite,0.9985796382377895,0.0,0.0,0.9998547583161367,0.7619610656676905,0.9025459097576498,3,((Per(p=24)+Lin(σ=10))*Per(p=365)),"[np.str_('+'), np.str_('*')]"
S2,Seasonal,0.2107776861350139,0.19000816771379736,0.0,0.37317039366314997,0.2595625372812047,0.2926467700477704,4,(((RBF(l=10)+Per(p=10))*WN(σ=0.1))*Per(p=96)),"[np.str_('+'), np.str_('*'), np.str_('*')]"
S2,Seasonal,0.13284756274389198,0.22790360727304992,0.0,0.21092960769183988,0.37401026058809084,0.3596607077164371,2,(Per(p=10)*WN(σ=1)),[np.str_('*')]
S2,Seasonal,0.07615525266413137,0.35206937957787054,0.0,0.13587866947428684,0.5605326657173557,0.6061868313514247,4,(((RBF(l=10)*Per(p=7))*Per(p=60))+Per(p=40)),"[np.str_('*'), np.str_('*'), np.str_('+')]"
S2,Seasonal,0.08884103328887372,0.9999801898575953,0.0,0.12106221181617294,0.9999866524602266,0.3261484149015864,1,Per(p=14),['None']
S2,Seasonal,0.03953605900637047,0.2970463801026,0.0,0.02213852294888896,0.3572647878737486,0.22390373463480173,5,((((RBF(l=0.1)*Per(p=48))+Per(p=4))+RQ(α=0.1))*Per(p=40)),"[np.str_('*'), np.str_('+'), np.str_('+'), np.str_('*')]"
S2,Seasonal,0.33522506994312806,0.5092332636839598,0.0,0.41975861509651347,0.6450093891826871,0.38192702629355213,4,(((Per(p=10)*RBF(l=1))+Per(p=12))*Per(p=6)),"[np.str_('*'), np.str_('+'), np.str_('*')]"
S2,Seasonal,0.012448531836065979,0.29056108790243884,0.0,0.017354984260535056,0.45105242864046535,0.4343775632009317,2,(Per(p=12)*RQ(α=0.1)),[np.str_('*')]
S2,Seasonal,0.21704299384561532,0.10387347890097853,0.0,0.5123487326848247,0.1580520753910587,0.34091656418139726,5,((((Per(p=7)*RBF(l=1))+WN(σ=0.1))+Per(p=14))*RBF(l=0.1)),"[np.str_('*'), np.str_('+'), np.str_('+'), np.str_('*')]"
S2,Seasonal,0.1569087483148126,0.24433089521155182,0.0,0.286498981302049,0.33392832046331566,0.36062639133106,4,(((Per(p=168)*RQ(α=0.1))+Per(p=336))*RQ(α=0.1)),"[np.str_('*'), np.str_('+'), np.str_('*')]"
S2,Seasonal,0.5985615684408604,0.8385471517885695,0.0,0.6017598307919227,0.8363176511685054,0.10976252888099058,4,(((Per(p=26)*Per(p=336))+Per(p=336))+Per(p=24)),"[np.str_('*'), np.str_('+'), np.str_('+')]"
S2,Seasonal,0.0,0.21449997995006354,0.0,0.09828595203582302,0.4817155120407287,0.6041019398181487,3,((Per(p=96)+Per(p=365))*RBF(l=1)),"[np.str_('+'), np.str_('*')]"
S1,Composite,0.0,0.14725309514877716,0.0,0.2044024349311807,0.3072113890329393,0.3955448027128232,4,(((Per(p=30)*RQ(α=0.1))+Lin(σ=1))*WN(σ=1)),"[np.str_('*'), np.str_('+'), np.str_('*')]"
S4,Trending,0.9999999985935492,0.1860112636663035,0.0,0.9999999990107902,0.29407705164241815,0.2966659343478547,1,Lin(σ=10),['None']
S2,Seasonal,0.2535424924922982,0.17647539801193235,0.0,0.42789745141486324,0.3351584779145763,0.558651136006135,4,(((Per(p=336)*Per(p=14))*RQ(α=1))*Per(p=30)),"[np.str_('*'), np.str_('*'), np.str_('*')]"
S2,Seasonal,0.08860121028070245,0.2842187466256335,0.0,0.11805474451068465,0.4988432981044406,0.5097876997787953,4,(((RQ(α=1)*Per(p=30))+WN(σ=1))+WN(σ=0.1)),"[np.str_('*'), np.str_('+'), np.str_('+')]"
S2,Seasonal,0.00023384290873129654,0.18210403712680645,0.0,0.0,0.3984994556442303,0.22149143061943888,3,((Per(p=4)*Per(p=30))*Per(p=6)),"[np.str_('*'), np.str_('*')]"
S1,Composite,0.999999731832722,0.9999999516130905,0.0,0.999999966584665,0.9999999939695919,0.8753727215480219,3,((Per(p=24)*Lin(σ=1))+Per(p=365)),"[np.str_('*'), np.str_('+')]"
S1,Composite,0.04985094162670822,0.05448488026976639,0.0,0.2719064858860124,0.12684686553686275,0.2554877242186695,5,((((RBF(l=0.1)*Lin(σ=1))*Per(p=40))+Per(p=168))+RBF(l=1)),"[np.str_('*'), np.str_('*'), np.str_('+'), np.str_('+')]"
S2,Seasonal,0.17129837817142157,0.4977994955555176,0.0,0.5357090626023746,0.894434606906036,0.8834476688085239,3,((RQ(α=10)+Per(p=52))+WN(σ=0.1)),"[np.str_('+'), np.str_('+')]"
S2,Seasonal,0.8956234936260636,0.2682973462409308,0.0,0.92714070602297,0.39108742784035255,0.348011033919013,3,((WN(σ=0.1)*RQ(α=0.1))+Per(p=365)),"[np.str_('*'), np.str_('+')]"
S1,Composite,0.9999999993442747,0.9999999998633313,0.0,0.9999999995408553,0.9999999999043034,0.29979147176606935,2,(Per(p=30)*Lin(σ=10)),[np.str_('*')]
S2,Seasonal,0.6783985089304144,0.6703043257302747,0.0,0.7185115298761937,0.7658575378528988,0.3913704572838633,2,(Per(p=26)*Per(p=52)),[np.str_('*')]
S2,Seasonal,0.3896806448163407,0.5793512975495092,0.0,0.5275302163141513,0.7198166234462927,0.3839195149018265,5,((((Per(p=12)*WN(σ=1))*Per(p=30))+Per(p=14))*Per(p=672)),"[np.str_('*'), np.str_('*'), np.str_('+'), np.str_('*')]"
S2,Seasonal,0.0,0.26959061232342263,0.0,0.008040454055671775,0.679803109558466,0.6340014494481476,3,((WN(σ=1)+RBF(l=10))*Per(p=730)),"[np.str_('+'), np.str_('*')]"
S2,Seasonal,0.2299894332944763,0.2904675041425896,0.0,0.3337137076909419,0.46867630924467507,0.4738242036852601,5,((((Per(p=365)+Per(p=672))+RBF(l=1))*RBF(l=1))*Per(p=30)),"[np.str_('+'), np.str_('+'), np.str_('*'), np.str_('*')]"
S1,Composite,0.9976809902098248,0.0,0.0,0.999449664971146,0.37677698074577204,0.7729253828198597,4,(((Lin(σ=1)*Per(p=365))+Per(p=6))+Per(p=96)),"[np.str_('*'), np.str_('+'), np.str_('+')]"
S2,Seasonal,0.15103011460289995,0.8964684871314428,0.0,0.03377002725202205,0.9010491149953047,0.08922122441779079,1,Per(p=52),['None']
S2,Seasonal,0.058003776239278215,0.20043391231931595,0.0,0.17340385483746978,0.3309771626351836,0.3953158474478137,5,((((Per(p=336)*Per(p=52))*Per(p=4))*RBF(l=1))*Per(p=14)),"[np.str_('*'), np.str_('*'), np.str_('*'), np.str_('*')]"
S2,Seasonal,0.14981814668036664,0.25070144860973864,0.0,0.20889211373033045,0.3054580051830351,0.2307108869926643,5,((((Const(1)+Per(p=365))+RQ(α=10))+Per(p=26))*RQ(α=0.1)),"[np.str_('+'), np.str_('+'), np.str_('+'), np.str_('*')]"
S2,Seasonal,0.08747307625533918,0.8314210973066019,0.0,0.18795506800566875,0.9017017796451497,0.4317395233142246,4,(((Per(p=14)*WN(σ=1))+Per(p=48))*RQ(α=10)),"[np.str_('*'), np.str_('+'), np.str_('*')]"
S3,Stationary,0.1372232970379723,0.1992798240432977,0.0,0.33562199790230884,0.2941995084864093,0.3673564274054877,1,WN(σ=1),['None']
S2,Seasonal,0.32325143129463885,0.2075206505623931,0.0,0.4505939260169496,0.2990323777344467,0.424200324993249,3,((Per(p=730)*RBF(l=1))+Per(p=60)),"[np.str_('*'), np.str_('+')]"
S2,Seasonal,0.9981123892655928,0.08363710886141817,0.0,0.9999484460953068,0.8454306107294223,0.9738942489739485,1,Per(p=336),['None']
S2,Seasonal,0.09656421285486894,0.4774119667448047,0.0,0.17731934357905732,0.7285032182213659,0.6693620558180794,3,((Per(p=168)*RQ(α=1))+Per(p=48)),"[np.str_('*'), np.str_('+')]"
S1,Composite,0.983869531328075,0.987473957578152,0.0,0.9883116079084873,0.9906808892115456,0.2793643564883751,3,((Lin(σ=1)*Per(p=40))+Lin(σ=10)),"[np.str_('*'), np.str_('+')]"
S2,Seasonal,0.12298897588701574,0.25008266426863346,0.0,0.29502038137804687,0.47135722425888926,0.6326637284587613,3,((Per(p=48)*RQ(α=1))*Const(1)),"[np.str_('*'), np.str_('*')]"
S1,Composite,0.0968532457195248,0.0,0.0,0.4227134510650111,0.0,0.30521463617927347,5,((((Per(p=730)*Lin(σ=1))*RBF(l=1))*RQ(α=0.1))+Per(p=26)),"[np.str_('*'), np.str_('*'), np.str_('*'), np.str_('+')]"
S2,Seasonal,0.2108906538587766,0.10156033230208483,0.0,0.45939476616734076,0.11865842895687284,0.16424547561776826,4,(((RQ(α=1)*Per(p=336))*WN(σ=1))*Per(p=52)),"[np.str_('*'), np.str_('*'), np.str_('*')]"
S1,Composite,0.9999996600248683,0.9970469633910558,0.0,0.9999999790590556,0.9998186360677342,0.938405201661862,2,(Lin(σ=10)+Per(p=52)),[np.str_('+')]
S2,Seasonal,0.666647277437652,0.9528928446402459,0.0,0.7970501159763641,0.9917242255337033,0.8292528375356372,1,Per(p=40),['None']
S2,Seasonal,0.999729297406661,0.15471344871060355,0.0,0.9999519054339457,0.4608884199493868,0.8261181162665009,1,Per(p=672),['None']
S3,Stationary,0.23601629574247562,0.2893522135759342,0.0,0.24621635193183,0.5445175019024203,0.4972061848190281,2,(RBF(l=0.1)+RBF(l=10)),[np.str_('+')]
S2,Seasonal,0.28867686591493313,0.1982071558611922,0.0,0.4428543613572029,0.3217928264601241,0.365478385203051,3,((Per(p=26)+Per(p=24))*RQ(α=0.1)),"[np.str_('+'), np.str_('*')]"
S1,Composite,0.403586663364501,0.4418037574464736,0.0,0.6758185892507318,0.7270150656700274,0.6504011285074618,5,((((Per(p=26)+WN(σ=0.1))+Per(p=10))*Lin(σ=0))*Per(p=30)),"[np.str_('+'), np.str_('+'), np.str_('*'), np.str_('*')]"
S2,Seasonal,0.0,0.656922379383488,0.0,0.020681860472123614,0.7169599205026522,0.29451680799847024,3,((Per(p=96)+Per(p=60))+Per(p=4)),"[np.str_('+'), np.str_('+')]"
S2,Seasonal,0.4061910625857159,0.7105879584866654,0.0,0.4549719249632832,0.8125858324579118,0.4445619458666815,2,(Per(p=168)*Per(p=40)),[np.str_('*')]
S2,Seasonal,0.6043919407769246,0.607944545971181,0.0,0.7096930791123137,0.7640224541041014,0.513234369665059,5,((((Per(p=96)+RQ(α=10))+WN(σ=1))*Const(1))+Per(p=14)),"[np.str_('+'), np.str_('+'), np.str_('*'), np.str_('+')]"
S2,Seasonal,0.05934396826350252,0.49325196292802054,0.0,0.3839965653408193,0.8558161200945865,0.8057474170116166,1,Per(p=52),['None']
S2,Seasonal,0.43939645413940875,0.7975552662069204,0.0,0.24648818953576868,0.7796387301650808,0.0,3,((Per(p=730)+Const(1))*Per(p=60)),"[np.str_('+'), np.str_('*')]"
S2,Seasonal,0.03971730208658575,0.22979817182656603,0.0,0.14899744976307205,0.37987757859098803,0.39288690362185597,3,((Per(p=365)*RQ(α=0.1))*RBF(l=1)),"[np.str_('*'), np.str_('*')]"
S1,Composite,0.08507733116620331,0.15287356110847716,0.0,0.29415218713255864,0.3097469261197068,0.46651244500510525,4,(((WN(σ=1)+Per(p=14))*RBF(l=1))*Lin(σ=10)),"[np.str_('+'), np.str_('*'), np.str_('*')]"
S2,Seasonal,0.1906500544819597,0.4506358931803366,0.0,0.2970075080445653,0.6792569557978927,0.5890007644226299,4,(((RQ(α=0.1)+Per(p=40))*Per(p=52))+Per(p=10)),"[np.str_('+'), np.str_('*'), np.str_('+')]"
S1,Composite,0.9999527595567442,0.8649477918500487,0.0,0.9999764252779116,0.9278045902296519,0.5010079572636358,5,((((Per(p=40)*Per(p=10))+Per(p=6))+Per(p=672))+Lin(σ=1)),"[np.str_('*'), np.str_('+'), np.str_('+'), np.str_('+')]"
S2,Seasonal,0.05818618073671733,0.6149512518715021,0.0,0.023089915183905352,0.06029766542733095,0.0,3,((RQ(α=10)+Per(p=168))*Per(p=60)),"[np.str_('+'), np.str_('*')]"
S2,Seasonal,0.0020124303939446087,0.9109170374119584,0.0,0.002153919199580745,0.9148917653858394,0.04908961332948136,5,((((Per(p=6)+Per(p=12))+Per(p=4))+Per(p=12))+Per(p=14)),"[np.str_('+'), np.str_('+'), np.str_('+'), np.str_('+')]"
S1,Composite,0.04334498245378682,0.10044778263385146,0.0,0.32651423087712783,0.20983755363182588,0.4098579504482215,5,((((Per(p=10)*RBF(l=1))*WN(σ=1))*Lin(σ=0))+Per(p=96)),"[np.str_('*'), np.str_('*'), np.str_('*'), np.str_('+')]"
S1,Composite,0.13084822804091534,0.10781789734007674,0.0,0.18967502161413496,0.5076737977973538,0.6051592184817978,5,((((RQ(α=10)*Lin(σ=10))*Const(1))*Per(p=7))*Const(1)),"[np.str_('*'), np.str_('*'), np.str_('*'), np.str_('*')]"
S2,Seasonal,0.29283900738535507,0.09338467232244618,0.0,0.5219897988245857,0.11539559036353131,0.194822443268309,5,((((RBF(l=0.1)+Per(p=6))+Per(p=672))*RQ(α=0.1))*Per(p=12)),"[np.str_('+'), np.str_('+'), np.str_('*'), np.str_('*')]"
S2,Seasonal,0.24076086527870355,0.5295628736982854,0.0,0.9789294321320932,0.9965177778695193,0.994948631820103,2,(Per(p=365)+Per(p=168)),[np.str_('+')]
S1,Composite,0.9139592569517379,0.95668633005228,0.0,0.24362124549011666,0.34285644722966946,0.0,5,((((Per(p=7)+Per(p=336))*Lin(σ=1))+Per(p=24))*Per(p=672)),"[np.str_('+'), np.str_('*'), np.str_('+'), np.str_('*')]"
S2,Seasonal,0.6136958863075674,0.7022080389603789,0.0,0.6727923509799953,0.7777709841666613,0.3231525492316316,3,((Per(p=48)*Per(p=365))*Per(p=10)),"[np.str_('*'), np.str_('*')]"
S2,Seasonal,0.03817267058297613,0.5572828445002199,0.0,0.058546204935321366,0.5200165471123115,0.06708954925006405,2,(Per(p=4)*Per(p=7)),[np.str_('*')]
S1,Composite,0.7282891388185114,0.0,0.0,0.9418210460442163,0.45426086646952935,0.851547911884222,3,((Per(p=336)*Per(p=40))*Lin(σ=1)),"[np.str_('*'), np.str_('*')]"
S2,Seasonal,0.07737993303021817,0.594675123820862,0.0,0.0,0.025672877396193283,0.0,2,(Per(p=168)*Per(p=336)),[np.str_('*')]
S4,Trending,0.9999925081137286,0.0,0.0,0.9999939137811776,0.0,0.18784874130658624,2,(Lin(σ=10)+Lin(σ=0)),[np.str_('+')]
S2,Seasonal,0.24529540856158683,0.25077631351655005,0.0,0.37519928107919964,0.3205190849365348,0.3353890696678189,5,((((Per(p=14)+Per(p=14))*Per(p=6))+Per(p=12))+Per(p=40)),"[np.str_('+'), np.str_('*'), np.str_('+'), np.str_('+')]"
S2,Seasonal,0.0478054487961872,0.2517282339696856,0.0,0.12576929106091062,0.34220623058448074,0.24898408691969165,4,(((RBF(l=0.1)+RQ(α=1))+Per(p=96))*WN(σ=0.1)),"[np.str_('+'), np.str_('+'), np.str_('*')]"
S2,Seasonal,0.11343969656996478,0.9999682119090779,0.0,0.1537508809520327,0.9999766241722491,0.2649165707875827,1,Per(p=10),['None']
S3,Stationary,0.2040045976795336,0.18021811948283595,0.0,0.34592998369565975,0.4170422368212525,0.5844241356548627,1,RBF(l=1),['None']
S3,Stationary,0.0698689664700669,0.22589480074155044,0.0,0.19213284137696918,0.3877685619851906,0.42872022599477677,2,(RQ(α=10)*RQ(α=0.1)),[np.str_('*')]
S2,Seasonal,0.9996588768616157,0.9998538457140123,0.0,0.9999102611565146,0.999962168893658,0.7411748530193012,3,((Per(p=96)+Per(p=730))+Per(p=4)),"[np.str_('+'), np.str_('+')]"
S2,Seasonal,0.02981787015963211,0.9999897386264698,0.0,0.06240155444878848,0.9999930370861485,0.32111665517419374,1,Per(p=26),['None']
S1,Composite,0.35753324791889973,0.0,0.0,0.8173117720742885,0.601627852887497,0.8592322998398383,5,((((RBF(l=1)*WN(σ=0.1))+Per(p=30))*Per(p=365))*Lin(σ=10)),"[np.str_('*'), np.str_('+'), np.str_('*'), np.str_('*')]"
S1,Composite,0.9994989222802837,0.5284639788797478,0.0,0.9997178549126112,0.6651356986380077,0.4348169577403824,5,((((RQ(α=1)+Per(p=4))*Per(p=336))+Lin(σ=10))+Per(p=12)),"[np.str_('+'), np.str_('*'), np.str_('+'), np.str_('+')]"
S2,Seasonal,0.046964821885494445,0.9999810324023938,0.0,0.10888375876494416,0.9999886970518405,0.40427026505065866,1,Per(p=24),['None']
S2,Seasonal,0.08036751757943761,0.2916397468912174,0.0,0.19871195876204695,0.5347731066436496,0.6753067607344581,4,(((Per(p=10)*Per(p=168))*Per(p=26))*Per(p=40)),"[np.str_('*'), np.str_('*'), np.str_('*')]"
S2,Seasonal,0.9261008399167225,0.914202865878416,0.0,0.9435989713517408,0.9361475443687031,0.2899280225974403,4,(((Per(p=24)+WN(σ=0.1))+Per(p=672))+Per(p=4)),"[np.str_('+'), np.str_('+'), np.str_('+')]"
S2,Seasonal,0.39901473823142897,0.8706194923500037,0.0,0.7575571455316639,0.9687777366172393,0.8070015716458903,3,((Per(p=48)*Per(p=672))*Per(p=52)),"[np.str_('*'), np.str_('*')]"
S2,Seasonal,0.887629238907996,0.237183469193316,0.0,0.8912450281849867,0.2568156493826207,0.09612073053867498,2,(Per(p=6)+RQ(α=10)),[np.str_('+')]
S2,Seasonal,0.028623429037340054,0.5004641550344493,0.0,0.0,0.0,0.0,5,((((RQ(α=10)+RBF(l=0.1))+Per(p=48))+Const(1))+Per(p=168)),"[np.str_('+'), np.str_('+'), np.str_('+'), np.str_('+')]"
S1,Composite,0.9999999992258948,0.9999773566261281,0.0,0.9999999994377262,0.9999835557725655,0.27364850769038707,2,(Lin(σ=10)+Per(p=12)),[np.str_('+')]
S4,Trending,0.9999814975852327,0.19404377548635965,0.0,0.9999912904154303,0.37309149803312713,0.529183489035045,2,(Lin(σ=0)+RQ(α=1)),[np.str_('+')]
S1,Composite,0.999933638987012,0.6131098025194021,0.0,0.9999707376672305,0.8158571609630125,0.559101985143049,5,((((Const(1)+Per(p=30))*Per(p=10))*Per(p=7))+Lin(σ=1)),"[np.str_('+'), np.str_('*'), np.str_('*'), np.str_('+')]"
S2,Seasonal,0.03997728622580754,0.7945849701879376,0.0,0.1861261543946685,0.9407935454926929,0.7459314982817422,2,(Per(p=60)+Per(p=48)),[np.str_('+')]
S1,Composite,0.999877313419638,0.29261742184421935,0.0,0.99993996144782,0.4846505947369133,0.5101790136339326,5,((((Per(p=52)*RBF(l=0.1))+Lin(σ=0))+RQ(α=1))+RBF(l=1)),"[np.str_('*'), np.str_('+'), np.str_('+'), np.str_('+')]"
S2,Seasonal,0.38817746552614596,0.8678594947961032,0.0,0.2921970872135724,0.9248372535803121,0.4185548841862412,1,Per(p=336),['None']
S2,Seasonal,0.0,0.9996738279145971,0.0,0.0034553974905158213,0.9937682312663304,0.0,1,Per(p=168),['None']
S2,Seasonal,0.006966586154720011,0.5661146472846984,0.0,0.0,0.056558310185152005,0.0,3,((Per(p=168)+Per(p=60))+RQ(α=1)),"[np.str_('+'), np.str_('+')]"
S2,Seasonal,0.10407476130683435,0.9999931501486945,0.0,0.1885191952593741,0.9999948680745647,0.25072239847843236,1,Per(p=10),['None']
S2,Seasonal,0.10858802847480042,0.9999612534352118,0.0,0.15587206216619476,0.999972962379021,0.30231539089661985,1,Per(p=10),['None']
S2,Seasonal,0.12715704182906973,0.9999924509702273,0.0,0.37497956257611453,0.9999943883968426,0.25669166848504243,1,Per(p=4),['None']
S2,Seasonal,0.2738966996026089,0.5803534347903477,0.0,0.2760939335030692,0.6091661106124442,0.22337027607049564,4,(((Const(1)+Per(p=4))*Per(p=10))*Per(p=40)),"[np.str_('+'), np.str_('*'), np.str_('*')]"
S2,Seasonal,0.09376568026121812,0.31702313132091875,0.0,0.1257129978977526,0.5115221798707961,0.5669067318772102,3,((RQ(α=1)*Per(p=7))+RQ(α=1)),"[np.str_('*'), np.str_('+')]"
S2,Seasonal,0.33610499037531816,0.8239841136578396,0.0,0.7603958114602133,0.8768925429275538,0.4424877338705695,3,((Per(p=336)*Per(p=336))+Const(1)),"[np.str_('*'), np.str_('+')]"
S2,Seasonal,0.32006828239621954,0.34345490084250385,0.0,0.5102141785671164,0.502031579181089,0.5606719404779984,5,((((RBF(l=10)+Per(p=365))+Const(1))*Per(p=96))*Per(p=14)),"[np.str_('+'), np.str_('+'), np.str_('*'), np.str_('*')]"
S2,Seasonal,0.0,0.37528323399641894,0.0,0.0055416783878669,0.6873769622374378,0.5305805643032493,3,((Per(p=4)+RQ(α=1))*RQ(α=1)),"[np.str_('+'), np.str_('*')]"
S2,Seasonal,0.0,0.479903452754763,0.0,0.0,0.8468769491868837,0.6870652858414301,5,((((Per(p=336)*Per(p=26))*RQ(α=10))+Per(p=26))*Per(p=24)),"[np.str_('*'), np.str_('*'), np.str_('+'), np.str_('*')]"
S2,Seasonal,0.9937005238790092,0.996702994511661,0.0,0.9998078889745409,0.9999087513083718,0.9721933686334006,2,(Per(p=365)+Per(p=26)),[np.str_('+')]
S2,Seasonal,0.7079498441050558,0.35881257760637697,0.0,0.6953072386576651,0.35707164282205495,0.0022886415402747495,4,(((Const(1)*Per(p=365))+Per(p=7))+Per(p=6)),"[np.str_('*'), np.str_('+'), np.str_('+')]"
S1,Composite,0.7074517530689874,0.027070216715565976,0.0,0.7601410039387901,0.2318706412575685,0.31004156156184404,5,((((WN(σ=0.1)*Per(p=672))+Const(1))*Lin(σ=0))*Per(p=672)),"[np.str_('*'), np.str_('+'), np.str_('*'), np.str_('*')]"
S1,Composite,0.1756739604381481,0.3759631466286607,0.0,0.45436059032681797,0.6503382883749862,0.6874807332662309,5,((((RQ(α=1)+Per(p=24))*Per(p=48))*Lin(σ=1))*Const(1)),"[np.str_('+'), np.str_('*'), np.str_('*'), np.str_('*')]"
S2,Seasonal,0.0966638998113355,0.18507417640764878,0.0,0.23353109146485485,0.3569544252826774,0.5100450028889381,5,((((Per(p=12)+Per(p=10))*RBF(l=1))+RBF(l=0.1))+Per(p=12)),"[np.str_('+'), np.str_('*'), np.str_('+'), np.str_('+')]"
S2,Seasonal,0.11582889234812843,0.1436685621606285,0.0,0.3614930273850231,0.19845709190823824,0.2874356653980443,4,(((RQ(α=10)+WN(σ=1))*Per(p=12))*RBF(l=0.1)),"[np.str_('+'), np.str_('*'), np.str_('*')]"
S4,Trending,0.9999999935315874,0.21073171745055896,0.0,0.999999995725639,0.30035898677306605,0.3391922445333423,1,Lin(σ=0),['None']
S2,Seasonal,0.2208960450454408,0.12696452521917256,0.0,0.3956992036328746,0.15102188966092311,0.08167500217006429,4,(((Per(p=10)*Per(p=4))+Per(p=48))+WN(σ=0.1)),"[np.str_('*'), np.str_('+'), np.str_('+')]"
S2,Seasonal,0.09125751101878088,0.24529353532583287,0.0,0.4265195317950162,0.649331566352233,0.6821662421883739,3,((RBF(l=10)*RQ(α=10))*Per(p=12)),"[np.str_('*'), np.str_('*')]"
S2,Seasonal,0.1286766871872198,0.6591621109239854,0.0,0.0,0.7171074551872627,0.18865236311480127,1,Per(p=40),['None']
S2,Seasonal,0.8976509970894069,0.8643634293031558,0.0,0.9816402830847172,0.980530824284747,0.874071147258986,4,(((Per(p=672)+Per(p=40))+Per(p=7))+Per(p=7)),"[np.str_('+'), np.str_('+'), np.str_('+')]"
S1,Composite,0.9999953155270686,0.9265572519588642,0.0,0.9999955130448034,0.9317186347436235,0.04210224906730675,2,(Per(p=336)+Lin(σ=10)),[np.str_('+')]
S1,Composite,0.9994806803638021,0.30244731282242243,0.0,0.9998027863762915,0.6240764678728974,0.6224818056092869,5,((((Per(p=60)*RBF(l=10))*Per(p=60))*Per(p=672))+Lin(σ=0)),"[np.str_('*'), np.str_('*'), np.str_('*'), np.str_('+')]"
S2,Seasonal,0.173702996748184,0.24365819878009543,0.0,0.3099045181920891,0.3251595803217956,0.27683674660925184,2,(WN(σ=1)*Per(p=730)),[np.str_('*')]
S2,Seasonal,0.07243129048297348,0.9999867797530689,0.0,0.123915462043517,0.9999919839728162,0.3939727528945314,1,Per(p=26),['None']
S2,Seasonal,0.02519003082915472,0.2353429442193039,0.0,0.01866588609608022,0.717135986133568,0.6754384683154011,5,((((Per(p=52)*Per(p=40))+Per(p=336))*Per(p=336))+WN(σ=1)),"[np.str_('*'), np.str_('+'), np.str_('*'), np.str_('+')]"
S2,Seasonal,0.06367105532187589,0.33494811145118997,0.0,0.0899434560462844,0.4921962450155217,0.3864849374589825,2,(WN(σ=1)+Per(p=26)),[np.str_('+')]
S2,Seasonal,0.3452167796014364,0.39476204524862335,0.0,0.6189307141301061,0.7445780773562105,0.762837639643537,3,((Per(p=60)+Per(p=168))*RQ(α=10)),"[np.str_('+'), np.str_('*')]"
S4,Trending,0.99999999865053,0.16191860053999096,0.0,0.9999999990617771,0.3463156847912343,0.30474667762546637,2,(Const(1)*Lin(σ=10)),[np.str_('*')]
S2,Seasonal,0.9993997555087865,0.9988874095005292,0.0,0.999914992906928,0.9998468954392536,0.8625438189691035,4,(((Const(1)*Per(p=730))*Per(p=4))+RBF(l=10)),"[np.str_('*'), np.str_('*'), np.str_('+')]"
S2,Seasonal,0.06693034130748943,0.6337245868808827,0.0,0.0,0.007638343602270448,0.0,4,(((Per(p=7)+RQ(α=10))*Const(1))*Per(p=168)),"[np.str_('+'), np.str_('*'), np.str_('*')]"
S2,Seasonal,0.01929398133184801,0.5031915131274393,0.0,0.06803336248653169,0.61785457616016,0.40359959789421196,3,((RBF(l=0.1)+Per(p=24))+Per(p=52)),"[np.str_('+'), np.str_('+')]"
S2,Seasonal,0.9952658428315142,0.9918096191652999,0.0,0.9990771427805689,0.998471600259416,0.8146705012439844,2,(RBF(l=10)+Per(p=6)),[np.str_('+')]
S2,Seasonal,0.9982979371278821,0.06859337604624882,0.0,0.9999777414578696,0.815018048425647,0.9874576606053795,1,Per(p=365),['None']
S1,Composite,0.9993973140171591,0.5361093846796037,0.0,0.9998087077632187,0.8274173040829566,0.6768662930841988,5,((((Per(p=40)+Per(p=336))*Per(p=672))*Per(p=96))+Lin(σ=10)),"[np.str_('+'), np.str_('*'), np.str_('*'), np.str_('+')]"
S2,Seasonal,0.5788274639964506,0.43874970065197916,0.0,0.6951774866792897,0.664969089177037,0.5329833047335102,2,(Per(p=365)*Per(p=10)),[np.str_('*')]
S1,Composite,0.500450639948797,0.6146652605894458,0.0,0.6041087645704379,0.7096807306891508,0.26433935933854313,4,(((Per(p=48)+Per(p=4))+Per(p=26))*Lin(σ=10)),"[np.str_('+'), np.str_('+'), np.str_('*')]"
S2,Seasonal,0.023938528082355637,0.8792771132054225,0.0,0.025106475377273507,0.9187293852092382,0.30162778288871195,5,((((RQ(α=0.1)+Per(p=60))+RQ(α=1))+Per(p=10))*RBF(l=10)),"[np.str_('+'), np.str_('+'), np.str_('+'), np.str_('*')]"
S2,Seasonal,0.08519817173141142,0.5872600833169931,0.0,0.15239308321074763,0.7327460907063105,0.5231137836760322,3,((Per(p=40)+RQ(α=0.1))+RQ(α=1)),"[np.str_('+'), np.str_('+')]"
S2,Seasonal,0.27859141398102927,0.5888374434889896,0.0,0.4408511279156202,0.7180715020777109,0.4381998176716906,4,(((RBF(l=1)+Per(p=12))+Per(p=96))+Per(p=4)),"[np.str_('+'), np.str_('+'), np.str_('+')]"
S2,Seasonal,0.24965893894838265,0.9478582229125606,0.0,0.15092156189704908,0.4940082813631249,0.0,2,(Per(p=168)+Per(p=672)),[np.str_('+')]
S2,Seasonal,0.1028993508297078,0.7669089357554658,0.0,0.14076840172634542,0.8669086829158211,0.5156841919517647,1,Per(p=12),['None']
S2,Seasonal,0.026266066626802864,0.21542270797456953,0.0,0.047169265267857474,0.5501556178007924,0.6028169670859523,4,(((Per(p=672)+Per(p=30))+Per(p=6))*RQ(α=1)),"[np.str_('+'), np.str_('+'), np.str_('*')]"
S2,Seasonal,0.008237253239615328,0.5076185477736292,0.0,0.0,0.0,0.0,5,((((Const(1)*Per(p=26))+RQ(α=0.1))*Per(p=96))+Per(p=168)),"[np.str_('*'), np.str_('+'), np.str_('*'), np.str_('+')]"
S2,Seasonal,0.011955035087230947,0.4261478249146715,0.0,0.03562286463103337,0.5488052538949754,0.3379004888366023,3,((Per(p=12)*RBF(l=0.1))+Per(p=24)),"[np.str_('*'), np.str_('+')]"
S2,Seasonal,0.4909843705052025,0.5375466027014462,0.0,0.45471365565207333,0.0,0.0,1,Per(p=365),['None']
S2,Seasonal,0.11341704309670941,0.22788963002651041,0.0,0.25918955455114745,0.32859168748393863,0.347865201707256,4,(((Per(p=48)*WN(σ=1))*RBF(l=1))*Per(p=6)),"[np.str_('*'), np.str_('*'), np.str_('*')]"
S2,Seasonal,0.0013305495574738035,0.7297645986452672,0.0,0.0,0.7222482609414351,0.0,4,(((RQ(α=0.1)*Per(p=6))*RQ(α=1))+Per(p=168)),"[np.str_('*'), np.str_('*'), np.str_('+')]"
S2,Seasonal,0.9994445811096339,0.0,0.0,0.9999652150321069,0.8360591707115224,0.9393141434360367,1,Per(p=730),['None']
S2,Seasonal,0.8546822373557649,0.9474872535260699,0.0,0.0,0.0,0.0,1,Per(p=672),['None']
S2,Seasonal,0.7809482518001072,0.8544213497204856,0.0,0.8931218875225067,0.9165170907344129,0.5684588607484046,3,((Per(p=52)+WN(σ=0.1))*Per(p=672)),"[np.str_('+'), np.str_('*')]"
S2,Seasonal,0.0018294759645736125,0.9999970782263151,0.0,0.0622325970075005,0.999998322107772,0.4257304253474393,2,(Per(p=30)+Per(p=30)),[np.str_('+')]
S4,Trending,0.9999999990560405,0.2107572191067285,0.0,0.9999999993259919,0.35697962118709436,0.2859780538496878,2,(Lin(σ=1)*Const(1)),[np.str_('*')]
S1,Composite,0.9999985124851456,0.9915819620902229,0.0,0.999999661236851,0.9980346119309635,0.7722682833152548,2,(Per(p=40)+Lin(σ=0)),[np.str_('+')]
S2,Seasonal,0.015495914079305506,0.9999891086938141,0.0,0.0689869948334596,0.9999922757050509,0.29096236729432556,1,Per(p=24),['None']
S2,Seasonal,0.20371007433406507,0.16734872311643667,0.0,0.446859801795945,0.2484646650180452,0.3385484921456289,4,(((WN(σ=0.1)*Per(p=48))*Per(p=52))*Per(p=40)),"[np.str_('*'), np.str_('*'), np.str_('*')]"
S2,Seasonal,0.9971563256867202,0.9895789238458395,0.0,0.9993373814724834,0.997392741398024,0.7717962720126792,3,((Per(p=730)*Per(p=24))+Per(p=672)),"[np.str_('*'), np.str_('+')]"
S4,Trending,0.999999999587799,0.23663819610164405,0.0,0.999999999736944,0.3943277025528712,0.3618247168409887,1,Lin(σ=0),['None']
S3,Stationary,0.18158069129716692,0.12270362214892527,0.0,0.343284519037261,0.22647476521865306,0.6589921859140707,1,RBF(l=10),['None']
S2,Seasonal,0.0257560461018278,0.38332791653607745,0.0,0.12219480835406993,0.7904406777512983,0.7605961445612589,4,(((RQ(α=1)*Per(p=168))+Per(p=30))*Per(p=40)),"[np.str_('*'), np.str_('+'), np.str_('*')]"
S2,Seasonal,0.9990742531007147,0.9934370463676309,0.0,0.9998000109038797,0.9986245165172415,0.790494226375676,3,((Per(p=365)+Per(p=4))+Per(p=365)),"[np.str_('+'), np.str_('+')]"
S2,Seasonal,0.17891192793990096,0.4346044063566845,0.0,0.36955807846279176,0.7850325804543625,0.7375586332475859,4,(((RBF(l=10)*Per(p=60))+Per(p=10))*Per(p=96)),"[np.str_('*'), np.str_('+'), np.str_('*')]"
S2,Seasonal,0.17561438847535282,0.1678189487858055,0.0,0.36683689054157753,0.25100629722508416,0.3313111336542601,3,((RQ(α=10)*Per(p=96))*RBF(l=0.1)),"[np.str_('*'), np.str_('*')]"
S2,Seasonal,0.0,0.1799859063553897,0.0,0.29088492648685127,0.695480198282151,0.7294401745897551,1,Per(p=30),['None']
S3,Stationary,0.13149920145074445,0.20632974924828007,0.0,0.26360086555389983,0.628774323661361,0.7398178953305617,2,(RQ(α=10)+RBF(l=1)),[np.str_('+')]
S2,Seasonal,0.09619406514657147,0.9999826416254622,0.0,0.08644317031055337,0.9999882428661339,0.3228064011286492,1,Per(p=14),['None']
S3,Stationary,0.11760032034397727,0.2719965568341173,0.0,0.1591907801271285,0.37300470926528306,0.3614053723778733,1,RQ(α=0.1),['None']
S1,Composite,0.9999999760509652,0.11335302056127905,0.0,0.9999999993045576,0.8630942539847941,0.9709612666393214,2,(Per(p=365)+Lin(σ=10)),[np.str_('+')]
S2,Seasonal,0.7433549451221507,0.5331136914513424,0.0,0.9192213200680914,0.872993774848065,0.8413138384023672,3,((Per(p=40)*Per(p=365))+Per(p=10)),"[np.str_('*'), np.str_('+')]"
S2,Seasonal,0.14083800268457458,0.4162347201630252,0.0,0.2015534120868846,0.7352942664723832,0.6935938710878102,5,((((RQ(α=10)+Per(p=10))*Per(p=96))+Per(p=48))+RBF(l=1)),"[np.str_('+'), np.str_('*'), np.str_('+'), np.str_('+')]"
S2,Seasonal,0.6696471227456517,0.7911525317502143,0.0,0.6340729610366904,0.8784059764677375,0.4986325215102083,2,(Per(p=30)*Per(p=12)),[np.str_('*')]
S1,Composite,0.9997652505897119,0.26504374126760155,0.0,0.9992421794226204,0.06737898184792779,0.0,4,(((RQ(α=10)+RBF(l=1))*Per(p=26))+Lin(σ=10)),"[np.str_('+'), np.str_('*'), np.str_('+')]"
S2,Seasonal,0.07553550679629073,0.37406563082893174,0.0,0.22815873630376404,0.5135844805157913,0.39042271166865006,4,(((Per(p=24)+Per(p=14))+WN(σ=0.1))+RBF(l=0.1)),"[np.str_('+'), np.str_('+'), np.str_('+')]"
S1,Composite,0.9999999957871796,0.9999498538041458,0.0,0.9999999970777553,0.9999652063676465,0.3063454458666943,2,(Per(p=24)+Lin(σ=1)),[np.str_('+')]
S2,Seasonal,0.09770334062183672,0.5192963231451495,0.0,0.17812979402550433,0.6287363946389201,0.35145445026974675,3,((RQ(α=0.1)*Per(p=40))+Per(p=10)),"[np.str_('*'), np.str_('+')]"
S2,Seasonal,0.4247097314723488,0.20801479973754977,0.0,0.5406506423434683,0.47291248310996215,0.5764765847323532,3,((RQ(α=10)*Per(p=6))+Per(p=365)),"[np.str_('*'), np.str_('+')]"
S2,Seasonal,0.9982465608632661,0.04800425020215682,0.0,0.9999833969215703,0.6583027929283716,0.9909897267336977,1,Per(p=365),['None']
S2,Seasonal,0.13967816453202375,0.15475709942228966,0.0,0.2920132577805823,0.31979755254832376,0.3476393384428974,4,(((RBF(l=1)*Per(p=52))*RQ(α=0.1))*Per(p=26)),"[np.str_('*'), np.str_('*'), np.str_('*')]"
S1,Composite,0.1323548310610323,0.18443582023764538,0.0,0.6137641479994165,0.723877707674184,0.8635722235251755,3,((RQ(α=10)*Per(p=168))*Lin(σ=0)),"[np.str_('*'), np.str_('*')]"
S1,Composite,0.9743372347798919,0.9914792575430236,0.0,0.9900461887763717,0.9964837749328933,0.5910549566262103,5,((((Per(p=60)+Per(p=672))+Lin(σ=1))*Per(p=52))+Per(p=26)),"[np.str_('+'), np.str_('+'), np.str_('*'), np.str_('+')]"
S2,Seasonal,0.06207769784170791,0.9999824944297026,0.0,0.210633605871818,0.9999880123765399,0.31508710324297007,1,Per(p=10),['None']
S2,Seasonal,0.003986602776859582,0.9977099280258814,0.0,0.05991771811881441,0.9994417929475565,0.7631962436189101,1,Per(p=48),['None']
S2,Seasonal,0.8288588598064736,0.7671471352811807,0.0,0.8681112913024276,0.8309906568218112,0.38616159708225417,4,(((Per(p=40)+Per(p=6))*Per(p=96))*Per(p=60)),"[np.str_('+'), np.str_('*'), np.str_('*')]"
S2,Seasonal,0.17128197887180563,0.44204942956183657,0.0,0.14004883443069083,0.6040356822431538,0.4384100088526225,2,(WN(σ=1)+Per(p=96)),[np.str_('+')]
S1,Composite,0.999998573200798,0.9161250140548841,0.0,0.9999995559055037,0.9677542193906636,0.6887124140393103,3,((Per(p=26)*Per(p=672))+Lin(σ=10)),"[np.str_('*'), np.str_('+')]"
S2,Seasonal,0.4828967332101315,0.45805956203297526,0.0,0.6937072038687351,0.6954036992906867,0.6198692373936108,2,(Per(p=6)+RQ(α=1)),[np.str_('+')]
S1,Composite,0.9998505318414055,0.0544224590342024,0.0,0.9999991716817404,0.45641314139387157,0.9945577663107562,3,((Lin(σ=1)*Per(p=730))*Per(p=730)),"[np.str_('*'), np.str_('*')]"
S4,Trending,0.999999999128919,0.32888779742145946,0.0,0.9999999994511232,0.4879345891030963,0.3698889032681679,2,(Lin(σ=1)+Lin(σ=1)),[np.str_('+')]
S1,Composite,0.999981632908381,0.6287148470714348,0.0,0.9999871809759149,0.6839397780479091,0.30222702802616874,4,(((Per(p=24)*Per(p=10))+Const(1))+Lin(σ=0)),"[np.str_('*'), np.str_('+'), np.str_('+')]"
S4,Trending,0.9999710935012888,0.0,0.0,0.9999620873126338,0.0,0.0,1,Lin(σ=1),['None']
S2,Seasonal,0.05275298436380749,0.9999894263396658,0.0,0.1677556053235788,0.9999926560785398,0.3053293132872873,1,Per(p=12),['None']
S2,Seasonal,0.44954727585948273,0.04448295295714377,0.0,0.48916191498398365,0.041431103691533466,0.19285357509195322,2,(Per(p=10)*Per(p=672)),[np.str_('*')]
S2,Seasonal,0.5917827203109627,0.8368871174324048,0.0,0.6462759688953668,0.9521890772132433,0.7455637942428972,1,Per(p=40),['None']
S2,Seasonal,0.5063538518766728,0.3455116812987632,0.0,0.6736837851842162,0.528013057381165,0.5642569272528204,5,((((Per(p=672)+Per(p=26))+Per(p=336))+RBF(l=1))+RBF(l=1)),"[np.str_('+'), np.str_('+'), np.str_('+'), np.str_('+')]"
S2,Seasonal,0.2030302742540585,0.22541597763168086,0.0,0.29463432493706343,0.296332361194775,0.29425930155531355,2,(RQ(α=1)*Per(p=6)),[np.str_('*')]
S2,Seasonal,0.28716348102074096,0.4194277996924076,0.0,0.43856295349309316,0.6012799996588445,0.5582704342444827,5,((((RBF(l=1)*Per(p=26))*Per(p=730))*Per(p=365))+Per(p=12)),"[np.str_('*'), np.str_('*'), np.str_('*'), np.str_('+')]"
S3,Stationary,0.027209553736781578,0.34456614912900063,0.0,0.0,0.22617186807454714,0.0,2,(RQ(α=10)+RQ(α=0.1)),[np.str_('+')]
S2,Seasonal,0.1429895480715757,0.21464855975760133,0.0,0.29791126567910853,0.3768612098392867,0.4013700389347902,3,((RBF(l=1)+RBF(l=0.1))*Per(p=672)),"[np.str_('+'), np.str_('*')]"
S2,Seasonal,0.40741893750307856,0.43702530117024896,0.0,0.7209367614291067,0.6948323170199032,0.7363506363709859,4,(((Per(p=24)*Per(p=730))+Const(1))+RQ(α=10)),"[np.str_('*'), np.str_('+'), np.str_('+')]"
S1,Composite,0.9969894399405912,0.9868119413915708,0.0,0.9995152306877031,0.9979079158443447,0.842549206471158,5,((((Per(p=14)+Per(p=336))+Lin(σ=1))*Per(p=40))+Per(p=10)),"[np.str_('+'), np.str_('+'), np.str_('*'), np.str_('+')]"
S2,Seasonal,0.4019615299642991,0.7092604268019145,0.0,0.2675059771760804,0.8803430828608878,0.6555383616306949,1,Per(p=10),['None']
S1,Composite,0.30600685335535116,0.9416900562915226,0.0,0.09816550596278206,0.48196222927262755,0.0,4,(((Per(p=365)*Lin(σ=10))+Per(p=168))+Per(p=40)),"[np.str_('*'), np.str_('+'), np.str_('+')]"
S3,Stationary,0.04492370965068604,0.24072307741503107,0.0,0.08227990594828938,0.5382341184523971,0.6074353715671272,2,(RQ(α=1)+WN(σ=1)),[np.str_('+')]
S2,Seasonal,0.9985003975482459,0.999934232110227,0.0,0.9998838520236275,0.9999951084523355,0.9257644688403843,3,((Const(1)+Per(p=730))+Per(p=26)),"[np.str_('+'), np.str_('+')]"
S2,Seasonal,0.1119255341673342,0.06341068791118754,0.0,0.45514799432338293,0.09266904057194247,0.30661498893287886,3,((RBF(l=0.1)*Per(p=7))+RBF(l=0.1)),"[np.str_('*'), np.str_('+')]"
S2,Seasonal,0.10436481465466285,0.9999198002764573,0.0,0.10851673653488603,0.9999457343797011,0.32354550262906767,1,Per(p=12),['None']
S2,Seasonal,0.03132549686543351,0.5014115939152911,0.0,0.44054098247175977,0.5298823339155185,0.10210243659400908,3,((WN(σ=0.1)*Per(p=30))+Per(p=4)),"[np.str_('*'), np.str_('+')]"
S1,Composite,0.8500226142703241,0.9554021178498728,0.0,0.9567839930945783,0.9875197137724311,0.7535435091924101,4,(((Lin(σ=0)+Per(p=40))*Per(p=60))+Per(p=12)),"[np.str_('+'), np.str_('*'), np.str_('+')]"
S3,Stationary,0.07557597792751458,0.41618985544164777,0.0,0.21988856099691245,0.7118779543406065,0.6432399895275478,1,RQ(α=1),['None']
S2,Seasonal,0.18761493617388947,0.27717924777213543,0.0,0.3225314075152307,0.38697559142371274,0.37935694728362723,4,(((Per(p=12)*Per(p=52))+Per(p=14))*Per(p=4)),"[np.str_('*'), np.str_('+'), np.str_('*')]"
S2,Seasonal,0.13739320940789024,0.9999856455982276,0.0,0.23574351152503514,0.9999900025807084,0.3033492851043409,1,Per(p=6),['None']
S1,Composite,0.05794960272848182,0.6283231516102397,0.0,0.0,0.0,0.0,5,((((Per(p=14)*Per(p=336))*RBF(l=10))*Per(p=14))*Lin(σ=10)),"[np.str_('*'), np.str_('*'), np.str_('*'), np.str_('*')]"
S2,Seasonal,0.24076728550611737,0.25486339818254655,0.0,0.4119483411616608,0.5944386508129217,0.7928366319004344,3,((Per(p=730)*Per(p=52))+RBF(l=10)),"[np.str_('*'), np.str_('+')]"
S2,Seasonal,0.07053529618206344,0.60698177714353,0.0,0.22725625808821204,0.7244400981383992,0.33900310175822634,2,(RBF(l=0.1)+Per(p=7)),[np.str_('+')]
S2,Seasonal,0.07680385704264925,0.2433776753203155,0.0,0.11294389320956455,0.4203039471441109,0.3949853106415272,4,(((WN(σ=0.1)+RQ(α=0.1))+Per(p=30))*RQ(α=0.1)),"[np.str_('+'), np.str_('+'), np.str_('*')]"
S2,Seasonal,0.44172810747996905,0.6479141019765874,0.0,0.1804716440492754,0.0,0.0,4,(((Per(p=4)+Per(p=672))+Per(p=26))+Per(p=168)),"[np.str_('+'), np.str_('+'), np.str_('+')]"
S4,Trending,0.9999999978836134,0.22908895089140824,0.0,0.9999999985923991,0.32060334634100063,0.3349008800605783,1,Lin(σ=0),['None']
S1,Composite,0.9999999990531017,0.9999894403856722,0.0,0.9999999994016299,0.9999933274336796,0.3680711484782013,2,(Lin(σ=1)+Per(p=14)),[np.str_('+')]
S2,Seasonal,0.07251288107479192,0.7857143441931573,0.0,0.10128832726131876,0.8589438626915097,0.3117072842293255,3,((Per(p=6)*Per(p=6))*Per(p=30)),"[np.str_('*'), np.str_('*')]"
S2,Seasonal,0.12053760170922045,0.3212377830893719,0.0,0.25203536163696916,0.6042650980159832,0.5913053496758542,2,(Per(p=30)*Per(p=6)),[np.str_('*')]
S1,Composite,0.36800093716416327,0.0,0.0,0.6550221800421235,0.6517671529397571,0.8274904759761064,4,(((Per(p=672)*Lin(σ=0))+RQ(α=0.1))*Per(p=48)),"[np.str_('*'), np.str_('+'), np.str_('*')]"
S2,Seasonal,0.00033286469618254433,0.7771942067214851,0.0,0.0033530942908079897,0.06420150060204355,0.0,4,(((Per(p=40)*Per(p=24))*Per(p=60))+Per(p=168)),"[np.str_('*'), np.str_('*'), np.str_('+')]"
S3,Stationary,0.1953946100477535,0.20080350056565888,0.0,0.2968066764207685,0.35771521503429415,0.4824184586520176,2,(RBF(l=0.1)+RBF(l=1)),[np.str_('+')]
S2,Seasonal,0.7076891254462128,0.6820742011868358,0.0,0.9238930556873739,0.9653680869530127,0.9232715409005837,1,Per(p=60),['None']
S2,Seasonal,0.0,0.42782232555042554,0.0,0.0,0.4650424520778783,0.23118661764483195,2,(Per(p=12)+Per(p=10)),[np.str_('+')]
S2,Seasonal,0.02213267259040652,0.8336146213126844,0.0,0.03885548157267471,0.8774285339907812,0.3363413806230344,3,((WN(σ=1)*WN(σ=0.1))+Per(p=52)),"[np.str_('*'), np.str_('+')]"
S1,Composite,0.1566027608795444,0.1794892837191795,0.0,0.5548994807762515,0.3421323642852514,0.588389441089506,5,((((Per(p=30)*Per(p=14))*Lin(σ=0))*Const(1))*Per(p=10)),"[np.str_('*'), np.str_('*'), np.str_('*'), np.str_('*')]"
S1,Composite,0.11798954086142455,0.41419793766420554,0.0,0.40074485825608575,0.7222028351702314,0.6929686698800595,4,(((Per(p=14)+Per(p=24))*Per(p=52))*Lin(σ=1)),"[np.str_('+'), np.str_('*'), np.str_('*')]"
S2,Seasonal,0.26063507818297815,0.5020864115318429,0.0,0.1739659273209203,0.7210055961583344,0.6796106892983482,1,Per(p=48),['None']
S2,Seasonal,0.11848589119183839,0.18687315118685732,0.0,0.27756140098321824,0.42262568820061763,0.578962465319915,5,((((Per(p=10)*Per(p=7))+Per(p=672))*Per(p=14))*Per(p=52)),"[np.str_('*'), np.str_('+'), np.str_('*'), np.str_('*')]"
S1,Composite,0.9952625490222367,0.9935656018045718,0.0,0.9995079267835533,0.9993458729027186,0.8982357486364787,5,((((Per(p=40)*Lin(σ=0))+Per(p=4))+Per(p=26))+Lin(σ=0)),"[np.str_('*'), np.str_('+'), np.str_('+'), np.str_('+')]"
S2,Seasonal,0.7812635603863876,0.5865307282005854,0.0,0.9116984155049669,0.8528907564225293,0.7506513398904346,4,(((RQ(α=10)*Per(p=60))*Per(p=168))+Per(p=10)),"[np.str_('*'), np.str_('*'), np.str_('+')]"
S4,Trending,0.9999764811738634,0.0,0.0,0.9999802072949444,0.0,0.15810391268486723,1,Lin(σ=1),['None']
S2,Seasonal,0.10428497360793332,0.35599963736494755,0.0,0.2596310708224391,0.6056643655988094,0.6080871286535292,5,((((Const(1)+RQ(α=10))*Per(p=6))*Per(p=26))+RBF(l=1)),"[np.str_('+'), np.str_('*'), np.str_('*'), np.str_('+')]"
S2,Seasonal,0.11621456234020067,0.3690435858485568,0.0,0.2005409724816659,0.6188328682716507,0.561193005671839,4,(((Per(p=336)+Per(p=60))*RQ(α=1))+Per(p=60)),"[np.str_('+'), np.str_('*'), np.str_('+')]"
S1,Composite,0.02692206740695191,0.18128275437099461,0.0,0.06550193838149587,0.4596443846052696,0.618643855404446,5,((((Per(p=336)+Lin(σ=0))*RBF(l=1))+RQ(α=1))+Per(p=730)),"[np.str_('+'), np.str_('*'), np.str_('+'), np.str_('+')]"
S2,Seasonal,0.0401742911522055,0.999984879225081,0.0,0.029702969884105368,0.9999892941407936,0.2923808882119021,1,Per(p=30),['None']
S1,Composite,0.29520066242623966,0.49804854615537,0.0,0.5231952657772505,0.6097094361789728,0.32967510449408055,3,((Per(p=14)+WN(σ=1))*Lin(σ=0)),"[np.str_('+'), np.str_('*')]"
S2,Seasonal,0.0351257815804944,0.2939972826060615,0.0,0.2691619173442029,0.7494401457588844,0.8255422077656114,4,(((Per(p=365)*Per(p=40))*Per(p=336))*RQ(α=10)),"[np.str_('*'), np.str_('*'), np.str_('*')]"
S2,Seasonal,0.04737182831281439,0.5354809898679895,0.0,0.0,0.006288929475975813,0.0,4,(((Per(p=365)*Per(p=672))*RQ(α=1))*RBF(l=10)),"[np.str_('*'), np.str_('*'), np.str_('*')]"
S1,Composite,0.0,0.3201292866676778,0.0,0.0006789161544694666,0.6139251952076519,0.42794990854459647,5,((((Lin(σ=0)+Per(p=672))+RBF(l=10))*RQ(α=1))*Per(p=4)),"[np.str_('+'), np.str_('+'), np.str_('*'), np.str_('*')]"
S2,Seasonal,0.7219631507838887,0.4067776025901022,0.0,0.8882645275017867,0.7471180476410801,0.7326450042751786,2,(RQ(α=10)+Per(p=14)),[np.str_('+')]
S2,Seasonal,0.3993156627466936,0.5398403790082302,0.0,0.5065347499352371,0.6482325209581048,0.3450604484808736,4,(((Per(p=12)*RBF(l=0.1))+Per(p=26))+Per(p=672)),"[np.str_('*'), np.str_('+'), np.str_('+')]"
S2,Seasonal,0.1079598804425651,0.4179713080625388,0.0,0.1584720665044823,0.5285384161717611,0.3432593220626502,5,((((WN(σ=1)+Per(p=168))+WN(σ=1))*Per(p=14))*Per(p=12)),"[np.str_('+'), np.str_('+'), np.str_('*'), np.str_('*')]"
S2,Seasonal,0.43717047825241495,0.3863360049930109,0.0,0.6167298345291965,0.6414365959515258,0.6265746053991311,4,(((RQ(α=10)+Per(p=26))+Per(p=10))*Per(p=336)),"[np.str_('+'), np.str_('+'), np.str_('*')]"
S3,Stationary,0.08420452419765612,0.29716811737123106,0.0,0.1368189852660845,0.3792660255816651,0.27139928024151516,2,(RBF(l=0.1)*RBF(l=10)),[np.str_('*')]
S1,Composite,0.021144125607366226,0.10653428061328174,0.0,0.34123830555275014,0.16887471422121847,0.28757549261296333,3,((Lin(σ=10)*Per(p=14))*WN(σ=1)),"[np.str_('*'), np.str_('*')]"
S1,Composite,0.002152401386967817,0.7539508394735142,0.0,0.0022248487035060327,0.8444471880840823,0.19515478474187242,5,((((Per(p=96)+Per(p=26))+Lin(σ=10))*Per(p=40))*RBF(l=10)),"[np.str_('+'), np.str_('+'), np.str_('*'), np.str_('*')]"
S2,Seasonal,0.00035765021521461104,0.6838421797721657,0.0,0.0008092643355877005,0.7747600477830523,0.3693844314597333,2,(Per(p=7)+Per(p=26)),[np.str_('+')]
S2,Seasonal,0.11883264448520914,0.20030978465809968,0.0,0.36198764309093645,0.2974510384060516,0.3269110793723342,5,((((Per(p=60)+Per(p=168))*WN(σ=1))*RQ(α=10))*Per(p=12)),"[np.str_('+'), np.str_('*'), np.str_('*'), np.str_('*')]"
S2,Seasonal,0.6308832464999405,0.2856298165663679,0.0,0.8726097315511162,0.537185384042986,0.7390756038828343,3,((Per(p=52)*Per(p=60))+Per(p=336)),"[np.str_('*'), np.str_('+')]"
S2,Seasonal,0.03608889335032617,0.9999854851174803,0.0,0.055357505371776417,0.9999912936562546,0.4002822039145524,1,Per(p=24),['None']
S4,Trending,0.11589173640248962,0.1920235705114398,0.0,0.23651569578417753,0.42888106134660586,0.6141275141625475,2,(RQ(α=1)*Lin(σ=0)),[np.str_('*')]
S1,Composite,0.07114090460362121,0.09090344804853934,0.0,0.32302354123962806,0.16847738512391286,0.41307128133952253,4,(((Per(p=365)*Lin(σ=10))*RBF(l=0.1))+RQ(α=10)),"[np.str_('*'), np.str_('*'), np.str_('+')]"
S1,Composite,0.014798679680756432,0.25676380402336574,0.0,0.03454925883054982,0.48748995333335376,0.6426890558765288,4,(((RBF(l=10)*Lin(σ=1))*Per(p=96))*Per(p=10)),"[np.str_('*'), np.str_('*'), np.str_('*')]"
S3,Stationary,0.19751052036257055,0.08094622777251992,0.0,0.4937840180484313,0.10654808234929403,0.21660855085711217,1,WN(σ=0.1),['None']
S2,Seasonal,0.07616535464526453,0.5767723746765013,0.0,0.0,0.22984921793694557,0.0,1,Per(p=365),['None']
S2,Seasonal,0.0165349286987434,0.7936562522504709,0.0,0.0,0.9097409769579343,0.6093262444361842,5,((((Per(p=14)*Per(p=60))*RQ(α=10))*Per(p=14))+Per(p=168)),"[np.str_('*'), np.str_('*'), np.str_('*'), np.str_('+')]"
S1,Composite,0.8944971834483605,0.304829778361393,0.0,0.9829416325303247,0.7901336730751649,0.853174747554563,4,(((Lin(σ=10)*Per(p=30))+Lin(σ=1))*Lin(σ=0)),"[np.str_('*'), np.str_('+'), np.str_('*')]"
S2,Seasonal,0.07856014527632482,0.19731946742759643,0.0,0.1449100541008589,0.6925424681497383,0.7977212088086575,2,(RQ(α=10)*Per(p=365)),[np.str_('*')]
S4,Trending,0.9979581265929269,0.21945346630763607,0.0,0.9989442445511605,0.5459848375340768,0.48065114079090465,2,(RQ(α=0.1)+Lin(σ=1)),[np.str_('+')]
S3,Stationary,0.2296998618649766,0.16916190794722852,0.0,0.45931281787055767,0.2184841280375518,0.27014462168836806,1,RQ(α=0.1),['None']
S2,Seasonal,0.41014064432737307,0.24127407700768555,0.0,0.5415206260312783,0.4068148185814182,0.47454461488938726,4,(((RBF(l=0.1)+Per(p=7))*RBF(l=10))+Per(p=730)),"[np.str_('+'), np.str_('*'), np.str_('+')]"
S2,Seasonal,0.5216597545449208,0.18768876883526409,0.0,0.8521124905736408,0.7098937013734816,0.8427029408123189,3,((RBF(l=10)+RQ(α=10))*Per(p=60)),"[np.str_('+'), np.str_('*')]"
S2,Seasonal,0.3506844456670385,0.2767377042771121,0.0,0.4037630415767163,0.45133185437332135,0.4835449835235054,5,((((Per(p=12)*Per(p=12))*Per(p=6))*Per(p=40))+RBF(l=1)),"[np.str_('*'), np.str_('*'), np.str_('*'), np.str_('+')]"
S2,Seasonal,0.0,0.9975806864475445,0.0,0.14609729759482593,0.997086353143613,0.0,1,Per(p=48),['None']
S2,Seasonal,0.04114224007289713,0.5707369488520957,0.0,0.0424487345925636,0.5515767795746762,0.15371006952845556,5,((((Per(p=730)+Per(p=4))*Per(p=52))*Per(p=26))+WN(σ=0.1)),"[np.str_('+'), np.str_('*'), np.str_('*'), np.str_('+')]"
S2,Seasonal,0.08403488290406291,0.9999942069166816,0.0,0.15487738946243734,0.9999964596116416,0.3888583532729665,2,(Per(p=12)+Per(p=12)),[np.str_('+')]
S2,Seasonal,0.04670486179551803,0.34511464931260327,0.0,0.10107030638341219,0.7017701063312018,0.640461691124127,4,(((RBF(l=0.1)+Per(p=7))+RQ(α=10))+RQ(α=10)),"[np.str_('+'), np.str_('+'), np.str_('+')]"
S2,Seasonal,0.18362578233710225,0.34536125581909904,0.0,0.3525835782440432,0.5593616047927642,0.4954864174956858,5,((((Per(p=48)+RQ(α=1))*Per(p=10))+Per(p=14))*Per(p=730)),"[np.str_('+'), np.str_('*'), np.str_('+'), np.str_('*')]"
S1,Composite,0.9987200265497048,0.9999076421988421,0.0,0.9992477237115354,0.9999457398139845,0.411528653387204,4,(((Lin(σ=1)*Per(p=24))*Lin(σ=10))*Per(p=6)),"[np.str_('*'), np.str_('*'), np.str_('*')]"
S2,Seasonal,0.4301036093563332,0.543895206145899,0.0,0.3675680995144489,0.754766736863396,0.6223702415246599,2,(Per(p=14)+Per(p=12)),[np.str_('+')]
S2,Seasonal,0.6560390202062291,0.7858092379830373,0.0,0.8027286924699482,0.8898992969029236,0.5814971028009722,2,(Per(p=336)*Per(p=26)),[np.str_('*')]
S4,Trending,0.9999999990225592,0.15348861004400627,0.0,0.9999999993803181,0.2487252794892506,0.36601386933861624,1,Lin(σ=10),['None']
S2,Seasonal,0.08191765139569773,0.2215783401565129,0.0,0.236884735552904,0.46084758395233827,0.6565531069970845,5,((((Per(p=168)*RQ(α=1))*Per(p=30))*Per(p=60))+RBF(l=1)),"[np.str_('*'), np.str_('*'), np.str_('*'), np.str_('+')]"
S2,Seasonal,0.07579289588331561,0.5194618441086919,0.0,0.10405967659980486,0.624410128002423,0.3886600743024933,2,(RBF(l=1)+Per(p=26)),[np.str_('+')]
S2,Seasonal,0.12336960371347816,0.9684205329308792,0.0,0.37624352353812396,0.9950209304692194,0.8509695008353111,1,Per(p=96),['None']
S1,Composite,0.030874629174746704,0.041257349213993155,0.0,0.06450343116937551,0.22607699894230204,0.5598386238266261,4,(((Per(p=7)+Lin(σ=0))*RBF(l=1))*Per(p=96)),"[np.str_('+'), np.str_('*'), np.str_('*')]"
S1,Composite,0.7604436201964232,0.7579756519432579,0.0,0.39246247355359065,0.0,0.0,4,(((Per(p=336)*Per(p=336))*Per(p=672))*Lin(σ=0)),"[np.str_('*'), np.str_('*'), np.str_('*')]"
S2,Seasonal,0.12697019462207648,0.34181201070930156,0.0,0.3911299565534807,0.8148662088065097,0.7996948464623351,2,(Per(p=60)*Per(p=40)),[np.str_('*')]
S3,Stationary,0.180896579483786,0.3738095906473602,0.0,0.3394268696237164,0.6244694343003501,0.6821658930089376,2,(RQ(α=0.1)+RQ(α=10)),[np.str_('+')]
S2,Seasonal,0.08030741558813259,0.11728132269323543,0.0,0.22642892965347616,0.6808343696956475,0.7925629095594072,2,(RQ(α=10)*Per(p=60)),[np.str_('*')]
S2,Seasonal,0.5256391238791928,0.747832209879222,0.0,0.5327076591772328,0.8869858805357221,0.7505365632133313,2,(Per(p=26)+Per(p=52)),[np.str_('+')]
S2,Seasonal,0.496853169357762,0.5328528597085657,0.0,0.6695549254681621,0.7230630929226837,0.539675235338781,5,((((Per(p=48)*RBF(l=1))+Per(p=7))+RQ(α=10))+RBF(l=1)),"[np.str_('*'), np.str_('+'), np.str_('+'), np.str_('+')]"
S2,Seasonal,0.2104252039314901,0.41944732692075515,0.0,0.30142145015560173,0.6510016427400644,0.6031844544843625,2,(Per(p=24)+RQ(α=1)),[np.str_('+')]
S1,Composite,0.998878597835968,0.7129042285910825,0.0,0.9994160275481471,0.8138176489533263,0.4781540455369193,5,((((Per(p=365)+Per(p=6))+WN(σ=0.1))+Per(p=7))+Lin(σ=10)),"[np.str_('+'), np.str_('+'), np.str_('+'), np.str_('+')]"
S2,Seasonal,0.9999699945100987,0.130764971100239,0.0,0.9999955692783011,0.4866303944239454,0.8532946885813542,1,Per(p=730),['None']
S2,Seasonal,0.002182459367232825,0.552318435818645,0.0,0.0,0.006922838919725005,0.0,4,(((Per(p=7)+Per(p=168))+RBF(l=0.1))+RQ(α=1)),"[np.str_('+'), np.str_('+'), np.str_('+')]"
S2,Seasonal,0.21938841492953076,0.2737750585785248,0.0,0.8179606647360865,0.9539547288918274,0.9478750867161096,2,(Per(p=48)*RBF(l=10)),[np.str_('*')]
S2,Seasonal,0.12859097289345678,0.4017401661715566,0.0,0.16376759255400508,0.4597171171354866,0.39096790033731144,2,(Per(p=730)*RBF(l=1)),[np.str_('*')]
S2,Seasonal,0.001094376904390404,0.9032929541838901,0.0,0.00438102664198603,0.9539121770550489,0.5965147343415385,2,(Per(p=14)+Per(p=30)),[np.str_('+')]
S2,Seasonal,0.002341536133398159,0.2567466972144148,0.0,0.04252265617078366,0.5480287697260513,0.5399522363035797,5,((((Per(p=10)+Per(p=14))*Per(p=48))*Per(p=60))*RBF(l=1)),"[np.str_('+'), np.str_('*'), np.str_('*'), np.str_('*')]"
S2,Seasonal,0.10345933102040483,0.22426713232200546,0.0,0.2524999126123768,0.377867148119883,0.4095399345645926,3,((Per(p=672)*RBF(l=10))*RQ(α=0.1)),"[np.str_('*'), np.str_('*')]"
S1,Composite,0.8934580171882882,0.7384357963622519,0.0,0.913625220632002,0.7803854609973689,0.1546799171329185,3,((Per(p=10)+Lin(σ=0))*Per(p=336)),"[np.str_('+'), np.str_('*')]"
S2,Seasonal,0.37971156290469565,0.5490770447310046,0.0,0.508282458418039,0.6740078641110763,0.33553246761696354,5,((((WN(σ=0.1)*RQ(α=1))+Per(p=672))*Per(p=12))+WN(σ=1)),"[np.str_('*'), np.str_('+'), np.str_('*'), np.str_('+')]"
S2,Seasonal,0.14677511012766864,0.4405993528161076,0.0,0.2620602041522756,0.6042126349502761,0.472536999713037,5,((((Per(p=52)+RQ(α=0.1))+RQ(α=0.1))*RBF(l=1))+Per(p=10)),"[np.str_('+'), np.str_('+'), np.str_('*'), np.str_('+')]"
S4,Trending,0.9999999998835979,0.15223327802488262,0.0,0.9999999999156388,0.22105634560867793,0.2752616170581911,1,Lin(σ=10),['None']
S4,Trending,0.09579241302127406,0.14359411354269558,0.0,0.32496814811329056,0.631124854905406,0.8069584142530771,3,((RQ(α=10)+WN(σ=0.1))*Lin(σ=10)),"[np.str_('+'), np.str_('*')]"
S2,Seasonal,0.29403660709956914,0.34013151078524007,0.0,0.5469942406494845,0.4046424214700748,0.23394700544428282,4,(((Per(p=12)*RBF(l=0.1))+Per(p=730))+Per(p=4)),"[np.str_('*'), np.str_('+'), np.str_('+')]"
S1,Composite,0.11649176270836281,0.16816804609311242,0.0,0.23809063839086198,0.29862691690379217,0.5834212279635878,5,((((Per(p=168)*RBF(l=1))*Lin(σ=0))+Const(1))+Lin(σ=10)),"[np.str_('*'), np.str_('*'), np.str_('+'), np.str_('+')]"
S3,Stationary,0.12732380019756895,0.13796973863635886,0.0,0.39415533077419096,0.22594919791245704,0.39690179963563244,1,WN(σ=0.1),['None']
S2,Seasonal,0.05777721210258935,0.9999913839109658,0.0,0.061642642900906264,0.9999938331444118,0.2841814408912813,1,Per(p=30),['None']
S4,Trending,0.999999999642796,0.2442498111338265,0.0,0.9999999997554284,0.34014401569786634,0.3153158000742452,2,(Lin(σ=0)+Const(1)),[np.str_('+')]
S2,Seasonal,0.9997990649200352,0.05116315540503413,0.0,0.9999756098044217,0.3587754155728161,0.8804038572410057,2,(Per(p=730)+Const(1)),[np.str_('+')]
S2,Seasonal,0.18032396191088584,0.6392411530327815,0.0,0.21478343603347216,0.7321513509915536,0.3132480659972998,4,(((Per(p=14)+Per(p=7))+Per(p=4))*Per(p=4)),"[np.str_('+'), np.str_('+'), np.str_('*')]"
S1,Composite,0.4741303225123087,0.5294999776901619,0.0,0.7799842092999818,0.8397466407761256,0.7625171786579816,4,(((Lin(σ=10)+RQ(α=1))+Per(p=52))+Per(p=168)),"[np.str_('+'), np.str_('+'), np.str_('+')]"
S2,Seasonal,0.8184027753190529,0.4923744126936701,0.0,0.9369336269047895,0.7711981132760914,0.7338655070784685,3,((Per(p=24)+Per(p=52))*Per(p=672)),"[np.str_('+'), np.str_('*')]"
S3,Stationary,0.24605973281650262,0.20205200589261207,0.0,0.4342388247431265,0.28668514190691585,0.30750082382947597,1,WN(σ=0.1),['None']
S3,Stationary,0.23402932159550116,0.27369740635533435,0.0,0.33728531521950633,0.3482734363224389,0.34737471428359346,2,(RQ(α=1)*RBF(l=1)),[np.str_('*')]
S1,Composite,0.5547693722957419,0.14280444845540063,0.0,0.9240670306241103,0.36514685777950684,0.8860815256435421,5,((((Per(p=672)*Per(p=30))*Lin(σ=1))+Per(p=30))+Const(1)),"[np.str_('*'), np.str_('*'), np.str_('+'), np.str_('+')]"
S1,Composite,0.9989725274153384,0.9999798258128303,0.0,0.9993255070619426,0.9999868413503129,0.34756927976796725,5,((((Per(p=365)+RQ(α=0.1))+RBF(l=0.1))+Lin(σ=10))*Per(p=26)),"[np.str_('+'), np.str_('+'), np.str_('+'), np.str_('*')]"
S3,Stationary,0.041292159580128995,0.29250310696139037,0.0,0.05125004457178006,0.46676742924303305,0.4037593297346779,3,((RQ(α=1)+RBF(l=0.1))*RQ(α=10)),"[np.str_('+'), np.str_('*')]"
S2,Seasonal,0.132875796831611,0.18693954050060402,0.0,0.4212730929786179,0.27922340018080427,0.3242969685980409,3,((Per(p=672)*RBF(l=0.1))*Per(p=7)),"[np.str_('*'), np.str_('*')]"
S2,Seasonal,0.15492156128736778,0.18348936913254643,0.0,0.24301846142888928,0.2734648341748924,0.3313647702940009,3,((Per(p=168)*RQ(α=1))*RQ(α=0.1)),"[np.str_('*'), np.str_('*')]"
S2,Seasonal,0.3210776648427224,0.23496376752458215,0.0,0.3606794472558601,0.37451085760621294,0.36226580574165923,4,(((Per(p=7)*Per(p=336))*Per(p=672))*RBF(l=10)),"[np.str_('*'), np.str_('*'), np.str_('*')]"
S2,Seasonal,0.001585126544865978,0.9435584860360947,0.0,0.002370278605017373,0.4982864421799452,0.0,2,(Per(p=168)*Per(p=24)),[np.str_('*')]
S2,Seasonal,0.1384687701303724,0.6426225314658256,0.0,0.38130054071938047,0.8804917219308388,0.7335437662036144,2,(Per(p=168)*Per(p=60)),[np.str_('*')]
S1,Composite,0.9891351814316439,0.9927545245656992,0.0,0.9960357653559099,0.9974121801862226,0.6481933698007143,2,(Per(p=40)*Lin(σ=10)),[np.str_('*')]
S2,Seasonal,0.9999096357297531,0.11323810761240738,0.0,0.9999940606490907,0.6196584037224838,0.9351535779963526,1,Per(p=730),['None']
S2,Seasonal,0.1408416517599611,0.44479006158203716,0.0,0.036756830943121876,0.5573271737005842,0.0,2,(Per(p=365)+Const(1)),[np.str_('+')]
S2,Seasonal,0.5063292613585479,0.6526706474126664,0.0,0.6659741982582025,0.8548233288071766,0.6873475620692644,4,(((Per(p=12)*Per(p=60))+Per(p=6))*Per(p=48)),"[np.str_('*'), np.str_('+'), np.str_('*')]"
S2,Seasonal,0.5410598600340235,0.26653374498471194,0.0,0.5522218710312042,0.28631915684008424,0.07154952993774899,2,(RBF(l=10)+Per(p=4)),[np.str_('+')]
S2,Seasonal,0.9994049129098725,0.9998839922805407,0.0,0.9995220211557244,0.999908282865622,0.20949768857452333,2,(Per(p=336)*Per(p=4)),[np.str_('*')]
S4,Trending,0.9999750666054029,0.0,0.0,0.9999549808896749,0.0,0.0,1,Lin(σ=10),['None']
S1,Composite,0.921258676076678,0.9729186696506065,0.0,0.7599284743103236,0.9069504042587379,0.0,4,(((Per(p=7)+Lin(σ=10))+Per(p=60))*Per(p=672)),"[np.str_('+'), np.str_('+'), np.str_('*')]"
S3,Stationary,0.5794919125159221,0.6073865598009007,0.0,0.8747275400858543,0.9349952125647887,0.8303247460777492,2,(Const(1)*RBF(l=10)),[np.str_('*')]
S2,Seasonal,0.0,0.9979319717221622,0.0,0.7151846482674837,0.9998571303213029,0.9316246002190935,1,Per(p=48),['None']
S2,Seasonal,0.0050360823470516625,0.6017733118299071,0.0,0.0015827327077194697,0.6459321302742416,0.0,5,((((Per(p=672)*WN(σ=0.1))*Per(p=40))+Per(p=168))*Per(p=4)),"[np.str_('*'), np.str_('*'), np.str_('+'), np.str_('*')]"
S2,Seasonal,0.1318746989849382,0.3193786690422,0.0,0.15301841568505792,0.586981694991347,0.5985337589071029,5,((((RBF(l=1)*RQ(α=0.1))+RBF(l=1))+Per(p=52))*Per(p=168)),"[np.str_('*'), np.str_('+'), np.str_('+'), np.str_('*')]"
S3,Stationary,0.12635042899929583,0.15178769327578867,0.0,0.3771497460035713,0.32273198254134516,0.39973061346985517,1,Const(1),['None']
S1,Composite,0.9973854765888808,0.0,0.0,0.9997836416524074,0.8364957327160417,0.9177862770481153,5,((((Per(p=730)*Lin(σ=0))*Per(p=730))+RQ(α=1))+Per(p=168)),"[np.str_('*'), np.str_('*'), np.str_('+'), np.str_('+')]"
S2,Seasonal,0.001853789680712703,0.459116149490412,0.0,0.016481058272094784,0.5179770968996258,0.14709822935000283,3,((Per(p=10)*Per(p=4))+Per(p=96)),"[np.str_('*'), np.str_('+')]"
S2,Seasonal,0.16433276639684513,0.2160759773678711,0.0,0.29069663453452477,0.36043204676425333,0.3471007069615931,3,((RQ(α=0.1)+WN(σ=1))*Per(p=4)),"[np.str_('+'), np.str_('*')]"
S2,Seasonal,0.2427713054282412,0.22928264456434577,0.0,0.46913934839248694,0.36963572667006495,0.46751510522271356,3,((Per(p=7)*Per(p=14))*Per(p=30)),"[np.str_('*'), np.str_('*')]"
S2,Seasonal,0.0,0.9400292783665469,0.0,0.18428357897782366,0.9830267208429484,0.7188898371562921,3,((Per(p=6)+Per(p=96))*Per(p=96)),"[np.str_('+'), np.str_('*')]"
S3,Stationary,0.1743163594481616,0.23920197719181446,0.0,0.3320575657022625,0.3502975384613255,0.41587019426422955,2,(RBF(l=10)*RBF(l=1)),[np.str_('*')]
S3,Stationary,0.19979799671348886,0.24195570707197978,0.0,0.5770762014974035,0.7130366097346967,0.7728483621245933,2,(Const(1)+RQ(α=10)),[np.str_('+')]
S2,Seasonal,0.632087165498727,0.10684658369845346,0.0,0.8470391726997129,0.3793712067814363,0.7127930729871808,2,(Per(p=10)+Per(p=336)),[np.str_('+')]
S2,Seasonal,0.21001904005629668,0.9999709203986389,0.0,0.38422208764136356,0.9999803211994127,0.3238557677537861,1,Per(p=4),['None']
S3,Stationary,0.0774299073640683,0.2067270651911517,0.0,0.16479810103362114,0.34961136700052176,0.3053037967263973,1,Const(1),['None']
S2,Seasonal,0.003669702936608399,0.33968613889538635,0.0,0.04420046290930535,0.03464033524372345,0.0,4,(((Const(1)+Per(p=6))+Per(p=10))*RQ(α=10)),"[np.str_('+'), np.str_('+'), np.str_('*')]"
S1,Composite,0.032406705731149676,0.1585427860827895,0.0,0.08259118537587484,0.37415954563821074,0.38053887707325307,4,(((Per(p=12)+Per(p=96))+Lin(σ=0))*WN(σ=0.1)),"[np.str_('+'), np.str_('+'), np.str_('*')]"
S1,Composite,0.8493086360587407,0.9199159075144822,0.0,0.9080480753350804,0.9593652384149399,0.46051028773401315,4,(((Per(p=26)*Lin(σ=1))+RBF(l=0.1))+Per(p=4)),"[np.str_('*'), np.str_('+'), np.str_('+')]"
S1,Composite,0.6058181688538204,0.9081685023996043,0.0,0.9496743192801775,0.9922876860328934,0.9142104300319507,4,(((RBF(l=1)+Lin(σ=1))*Per(p=30))*Per(p=365)),"[np.str_('+'), np.str_('*'), np.str_('*')]"
S2,Seasonal,0.6958211637884958,0.07170297447066443,0.0,0.8624511099146078,0.35589091370204307,0.6849619262449658,4,(((WN(σ=0.1)*Per(p=30))+Per(p=40))+Per(p=730)),"[np.str_('*'), np.str_('+'), np.str_('+')]"
S1,Composite,0.13472633219578256,0.10594236591683481,0.0,0.3134254951041694,0.16938189795713443,0.3042678364967333,5,((((RBF(l=1)*Per(p=12))*Lin(σ=1))*Per(p=96))*WN(σ=0.1)),"[np.str_('*'), np.str_('*'), np.str_('*'), np.str_('*')]"
S2,Seasonal,0.1548335094488148,0.1218482046449243,0.0,0.3769514684849846,0.19213499065944284,0.34059380583120347,5,((((Per(p=14)*Per(p=336))+Per(p=4))*WN(σ=1))*Per(p=168)),"[np.str_('*'), np.str_('+'), np.str_('*'), np.str_('*')]"
S2,Seasonal,0.058431388158633024,0.9999798730510658,0.0,0.1018302883496931,0.9999858535347564,0.29708051284742487,1,Per(p=26),['None']
S2,Seasonal,0.9998556898358476,0.10738482933524174,0.0,0.9999930094090447,0.7221430547794866,0.9523130169340306,1,Per(p=672),['None']
S2,Seasonal,0.9609814742772306,0.9275340581106997,0.0,0.9835950420395969,0.9718134419948429,0.6289119995598202,5,((((Per(p=26)+Per(p=40))*Per(p=96))*Per(p=336))+Per(p=4)),"[np.str_('+'), np.str_('*'), np.str_('*'), np.str_('+')]"
S3,Stationary,0.328302678216826,0.6557877306772019,0.0,0.10792679045411768,0.6296005631498824,0.0,1,RBF(l=10),['None']
S2,Seasonal,0.018604111566933534,0.49878409543078495,0.0,0.04242649405938137,0.6633780634508808,0.1799074507181846,5,((((RQ(α=1)+Per(p=26))+RBF(l=10))*Per(p=730))*Per(p=48)),"[np.str_('+'), np.str_('+'), np.str_('*'), np.str_('*')]"
S2,Seasonal,0.37962059800870873,0.6570142907050394,0.0,0.6631692722774366,0.884934052480016,0.8015490370588477,4,(((WN(σ=0.1)*Per(p=365))+Per(p=336))*Per(p=52)),"[np.str_('*'), np.str_('+'), np.str_('*')]"
S2,Seasonal,0.16236533263333652,0.5019747187867201,0.0,0.5016691312400394,0.8471134196701239,0.7918341210128738,3,((WN(σ=0.1)+RQ(α=10))+Per(p=60)),"[np.str_('+'), np.str_('+')]"
S1,Composite,0.9997969861329976,0.4764859310733154,0.0,0.9998976998678609,0.6235570024502091,0.4960652860604232,4,(((Per(p=6)*RQ(α=1))+Lin(σ=0))+Per(p=12)),"[np.str_('*'), np.str_('+'), np.str_('+')]"
S2,Seasonal,0.2965789212768437,0.370504359188943,0.0,0.3747540745480832,0.6124358934973814,0.6414080998083872,5,((((Per(p=60)*Per(p=48))+RBF(l=1))*Per(p=12))+Per(p=30)),"[np.str_('*'), np.str_('+'), np.str_('*'), np.str_('+')]"
S1,Composite,0.06836949195422526,0.4591893292301352,0.0,0.2453882339960447,0.6661133140544708,0.46478095022554133,4,(((Per(p=336)*RQ(α=1))+Per(p=24))*Lin(σ=1)),"[np.str_('*'), np.str_('+'), np.str_('*')]"
S1,Composite,0.04209880434668756,0.14944661113724744,0.0,0.25942451810340894,0.2649714096814637,0.43628585156536215,5,((((Per(p=14)*Lin(σ=0))*RQ(α=0.1))*Per(p=12))+Per(p=6)),"[np.str_('*'), np.str_('*'), np.str_('*'), np.str_('+')]"
S2,Seasonal,0.1648295674757989,0.5465216504322021,0.0,0.13483981925360633,0.7294416307713417,0.5512350221700196,1,Per(p=14),['None']
S4,Trending,0.999999999759372,0.20217325393276298,0.0,0.9999999998295314,0.26592982376091523,0.2915665164809217,1,Lin(σ=0),['None']
S2,Seasonal,0.35774632916010285,0.23960423755854854,0.0,0.6867914935544053,0.5640376007086984,0.742965665148617,3,((RQ(α=1)+Per(p=336))*RQ(α=10)),"[np.str_('+'), np.str_('*')]"
S1,Composite,0.9999998859884689,0.45365183557528743,0.0,0.9999999435347877,0.1214288962953779,0.5048000831543344,4,(((Lin(σ=1)+Per(p=365))*Lin(σ=1))+Per(p=168)),"[np.str_('+'), np.str_('*'), np.str_('+')]"
S2,Seasonal,0.08973731219086867,0.9999936806390423,0.0,0.3363214411067216,0.9999963508424616,0.4224828469508298,1,Per(p=4),['None']
S2,Seasonal,0.5112374955330687,0.4591982474196532,0.0,0.45296624824255116,0.690674420289004,0.6235866474337858,1,Per(p=24),['None']
S1,Composite,0.11172527859848258,0.029009277445758763,0.0,0.43776414191397317,0.03694325478641247,0.3062032890900005,4,(((Lin(σ=0)*RBF(l=10))*RBF(l=0.1))+Per(p=24)),"[np.str_('*'), np.str_('*'), np.str_('+')]"
S2,Seasonal,0.00892654696727635,0.36822391033677226,0.0,0.006820166941706618,0.5273490978347647,0.5059377789266996,5,((((RQ(α=1)+RQ(α=0.1))*Per(p=60))+Per(p=60))+WN(σ=1)),"[np.str_('+'), np.str_('*'), np.str_('+'), np.str_('+')]"
S2,Seasonal,0.05129016037720735,0.6146537751497603,0.0,0.1116338950385597,0.7980893695461562,0.5997618292201798,3,((Per(p=365)*RBF(l=1))+Per(p=52)),"[np.str_('*'), np.str_('+')]"
S2,Seasonal,0.13900743747812971,0.229563920117559,0.0,0.38946182043565714,0.47767361569551814,0.6072710977154453,4,(((Per(p=24)+Per(p=30))*Per(p=52))*Per(p=168)),"[np.str_('+'), np.str_('*'), np.str_('*')]"
S2,Seasonal,0.09471113280710575,0.4063225270737876,0.0,0.5039466234022285,0.8544001336395524,0.8489210046854154,2,(Per(p=96)+RBF(l=10)),[np.str_('+')]
S3,Stationary,0.20923833892624166,0.22562391766367063,0.0,0.37525734665852406,0.5608848577835549,0.6877954358080601,2,(Const(1)*RQ(α=1)),[np.str_('*')]
S3,Stationary,0.08376790575425264,0.3349381360847915,0.0,0.24257882973988576,0.4902665200152645,0.5354701416065515,2,(RBF(l=1)*RQ(α=10)),[np.str_('*')]
S2,Seasonal,0.08490016825994262,0.7472009543417566,0.0,0.22593931725751581,0.8039851884360063,0.21341118407992565,2,(Per(p=7)+WN(σ=0.1)),[np.str_('+')]
S3,Stationary,0.11758274761798404,0.07439739513666432,0.0,0.45016717381054727,0.09834820528186661,0.22518858739780379,1,RBF(l=0.1),['None']
S2,Seasonal,0.1854986277797278,0.5855173033502346,0.0,0.3536845737451252,0.7402526276568273,0.5394353790059937,2,(RBF(l=1)+Per(p=12)),[np.str_('+')]
S2,Seasonal,0.02855617277538247,0.999097356761329,0.0,0.48000920410155623,0.9997830688380622,0.7597673274391716,1,Per(p=48),['None']
S2,Seasonal,0.012592429048016718,0.42266364194028305,0.0,0.03707560591502246,0.6118945201642044,0.4691051867120496,4,(((RQ(α=1)*RBF(l=1))+Per(p=6))*Per(p=52)),"[np.str_('*'), np.str_('+'), np.str_('*')]"
S2,Seasonal,0.2203642574030541,0.22652577060118684,0.0,0.5351195014861515,0.6597435243837866,0.8074323410000396,2,(Per(p=24)*RBF(l=10)),[np.str_('*')]
S2,Seasonal,0.4479133272598915,0.30977008012069374,0.0,0.6467116362638236,0.6293463864706232,0.6838990298531642,3,((Per(p=10)+Per(p=336))*RBF(l=10)),"[np.str_('+'), np.str_('*')]"
S2,Seasonal,0.15253607426850413,0.9999741823080011,0.0,0.18286347879817044,0.9999809210391205,0.2607624360891104,2,(Per(p=14)+Per(p=7)),[np.str_('+')]
S1,Composite,0.12436831576936858,0.1150452943667084,0.0,0.37887470753418695,0.16444297145471187,0.25993791327930504,5,((((Lin(σ=0)+Lin(σ=10))+Per(p=60))+Per(p=7))*RBF(l=0.1)),"[np.str_('+'), np.str_('+'), np.str_('+'), np.str_('*')]"
S1,Composite,0.9999783021055735,0.5631722444807157,0.0,0.9999909116449244,0.7594911098619017,0.5810822509658558,3,((Lin(σ=0)+RBF(l=1))+Per(p=52)),"[np.str_('+'), np.str_('+')]"
S2,Seasonal,0.03611086911486594,0.26467748613018227,0.0,0.059165957699850225,0.4388459788638327,0.44416577820865366,5,((((Per(p=730)*RQ(α=0.1))*Per(p=365))+RBF(l=0.1))+Per(p=48)),"[np.str_('*'), np.str_('*'), np.str_('+'), np.str_('+')]"
S2,Seasonal,0.04220220361494054,0.2094560801522729,0.0,0.14182276286194861,0.49773415494011775,0.5861132019570723,4,(((Per(p=336)*Per(p=672))+Per(p=336))*RQ(α=1)),"[np.str_('*'), np.str_('+'), np.str_('*')]"
S1,Composite,0.9999027962068702,0.0,0.0,0.9999520749945519,0.0,0.5052297536775965,5,((((Per(p=4)*RBF(l=1))+Lin(σ=10))*Lin(σ=1))*Lin(σ=0)),"[np.str_('*'), np.str_('+'), np.str_('*'), np.str_('*')]"
S2,Seasonal,0.48321798030511365,0.5302743004085081,0.0,0.5340650514365352,0.7032038591854112,0.47844454295125627,4,(((Per(p=365)+RBF(l=1))*Per(p=7))+RQ(α=10)),"[np.str_('+'), np.str_('*'), np.str_('+')]"
S2,Seasonal,0.9999630475341291,0.18219134376098778,0.0,0.9999932958266885,0.5634797123501925,0.8200994806072035,1,Per(p=672),['None']
S2,Seasonal,0.0,0.6725146564041936,0.0,0.32600633944426016,0.9359464027591262,0.8268514514063248,2,(Per(p=26)*Per(p=168)),[np.str_('*')]
S2,Seasonal,0.1308082580542277,0.6599800654796661,0.0,0.15119994596287079,0.7583819622285307,0.3731883327366673,3,((Per(p=26)*RQ(α=0.1))+Per(p=14)),"[np.str_('*'), np.str_('+')]"
S2,Seasonal,0.6016267455133293,0.6089497534625239,0.0,0.7251362995334469,0.9036534266847612,0.8263088700031527,2,(WN(σ=0.1)+Per(p=14)),[np.str_('+')]
S2,Seasonal,0.024813322214865208,0.9999568921643841,0.0,0.08736983206086701,0.9999715936034705,0.3401985114263486,1,Per(p=30),['None']
S2,Seasonal,0.4860880131814197,0.594080379424755,0.0,0.3079062953107373,0.6990050830285633,0.34648638399130505,1,Per(p=24),['None']
S2,Seasonal,0.05589769630403019,0.2037802558544758,0.0,0.16828190303314272,0.2671174475559325,0.2485383151656636,5,((((Per(p=336)*Per(p=48))+Per(p=14))*WN(σ=0.1))*Per(p=168)),"[np.str_('*'), np.str_('+'), np.str_('*'), np.str_('*')]"
S1,Composite,0.011240398654132178,0.15916882650690978,0.0,0.04809187538538495,0.3394088617328289,0.40278085639633665,5,((((Per(p=52)+Lin(σ=0))*Per(p=365))*Per(p=168))*RQ(α=0.1)),"[np.str_('+'), np.str_('*'), np.str_('*'), np.str_('*')]"
S2,Seasonal,0.0,0.4558864598046015,0.0,0.02612890506392873,0.8732535844305679,0.7747394146656297,2,(Per(p=30)+Per(p=12)),[np.str_('+')]
S2,Seasonal,0.022928578693003354,0.38572688120657994,0.0,0.13497523468382455,0.6511382743692122,0.6737939436009333,4,(((Per(p=14)+RQ(α=1))+Per(p=52))+Per(p=14)),"[np.str_('+'), np.str_('+'), np.str_('+')]"
S1,Composite,0.0,0.1287744989265256,0.0,0.008697897811660416,0.2852544514977483,0.3656330425131511,5,((((Lin(σ=10)+Per(p=60))*RQ(α=0.1))+Per(p=60))*Per(p=52)),"[np.str_('+'), np.str_('*'), np.str_('+'), np.str_('*')]"
S2,Seasonal,0.9985967791760467,0.08109304908025827,0.0,0.999985409788431,0.8055183590973218,0.990064990517376,1,Per(p=365),['None']
S2,Seasonal,0.030544562371884965,0.6070418416276052,0.0,0.022321407296511886,0.20737554109685774,0.0,2,(WN(σ=1)+Per(p=168)),[np.str_('+')]
S2,Seasonal,0.36734411937682265,0.3663638342763281,0.0,0.24370873838182272,0.3610641977939715,0.07846123644865,4,(((Per(p=6)+Per(p=52))+Per(p=365))+Per(p=365)),"[np.str_('+'), np.str_('+'), np.str_('+')]"
S2,Seasonal,0.35943430789278374,0.5323340544390561,0.0,0.5295493813387757,0.7283973450652834,0.5819508959707699,4,(((Per(p=26)*Per(p=26))*RQ(α=1))+Per(p=12)),"[np.str_('*'), np.str_('*'), np.str_('+')]"
S2,Seasonal,0.14206743604172845,0.7211370302872768,0.0,0.0,0.7644970612099489,0.1974342019985419,1,Per(p=7),['None']
S1,Composite,0.9646595164990257,0.9970486272400048,0.0,0.2632513163457919,0.9416694198369931,0.0,2,(Lin(σ=1)*Per(p=168)),[np.str_('*')]
S2,Seasonal,0.23002498192799004,0.15374812975452923,0.0,0.410650201847795,0.21871736213201365,0.2676964580664152,4,(((Per(p=672)+Per(p=6))+Per(p=40))*WN(σ=0.1)),"[np.str_('+'), np.str_('+'), np.str_('*')]"
S1,Composite,0.02274944838384918,0.28187932820248274,0.0,0.06867196187325941,0.5535990997269773,0.49505139912658436,5,((((Lin(σ=1)*RQ(α=1))*Per(p=7))*Const(1))+Per(p=48)),"[np.str_('*'), np.str_('*'), np.str_('*'), np.str_('+')]"
S1,Composite,0.11753937535169301,0.0852516648220043,0.0,0.20708464897274104,0.1701990360226634,0.6172530572098492,4,(((Lin(σ=10)*RQ(α=1))+Per(p=12))*Per(p=14)),"[np.str_('*'), np.str_('+'), np.str_('*')]"
S1,Composite,0.9999985694599572,0.7262946419430811,0.0,0.9999638988467368,0.1545328344799355,0.0,3,((Per(p=365)*RBF(l=10))+Lin(σ=10)),"[np.str_('*'), np.str_('+')]"
S2,Seasonal,0.03488046267518796,0.998683852116582,0.0,0.22461048730350353,0.9995756177217726,0.6822167164389549,1,Per(p=52),['None']
S2,Seasonal,0.2336987545431779,0.3407234766427325,0.0,0.15888304555760335,0.36751460448672146,0.12945136962810389,5,((((Per(p=10)*Per(p=60))*Per(p=6))*Per(p=60))*Per(p=60)),"[np.str_('*'), np.str_('*'), np.str_('*'), np.str_('*')]"
S2,Seasonal,0.048855772343766146,0.9999695593515373,0.0,0.13749315988690514,0.9999786256461325,0.29773426211552334,1,Per(p=14),['None']
S2,Seasonal,0.02918375346819424,0.23860112347331974,0.0,0.18320429401674398,0.49229485852882715,0.8483690211233166,2,(Per(p=96)*Per(p=24)),[np.str_('*')]
S2,Seasonal,0.07352209110337893,0.8371482902135469,0.0,0.2505829746712853,0.8930700371426414,0.3741021318990986,2,(Per(p=10)*Per(p=52)),[np.str_('*')]
S1,Composite,0.9426838490219084,0.9901144035771074,0.0,0.9889898669713126,0.9980597588594127,0.8018388723697092,2,(Per(p=40)*Lin(σ=1)),[np.str_('*')]
S1,Composite,0.7429461719010091,0.9959467602763445,0.0,0.9789314109749994,0.9997881653187471,0.9473634239994024,4,(((Lin(σ=1)+WN(σ=1))*Per(p=52))+Per(p=14)),"[np.str_('+'), np.str_('*'), np.str_('+')]"
S2,Seasonal,0.0,0.9982979632035202,0.0,0.6199790743081455,0.9999162512069242,0.9518789076571711,1,Per(p=52),['None']
S3,Stationary,0.06834029913093098,0.15460468489231105,0.0,0.12545244215318785,0.328061153394948,0.35499847896991066,1,RBF(l=0.1),['None']
S2,Seasonal,0.24362745088759608,0.1749504842319961,0.0,0.46763235075568954,0.2943317034367715,0.3922442537038592,4,(((WN(σ=1)*Per(p=672))*RBF(l=1))*RBF(l=1)),"[np.str_('*'), np.str_('*'), np.str_('*')]"
S2,Seasonal,0.6458994508657866,0.8331651392964765,0.0,0.6550568426846596,0.9550235707034009,0.763222085618482,3,((Per(p=4)*Per(p=6))+Per(p=12)),"[np.str_('*'), np.str_('+')]"
S1,Composite,0.6913834733782731,0.5257798436376981,0.0,0.9067180479630286,0.8642055543332012,0.7274439732978377,5,((((Per(p=14)*Const(1))+Lin(σ=10))*Lin(σ=1))*Per(p=48)),"[np.str_('*'), np.str_('+'), np.str_('*'), np.str_('*')]"
S1,Composite,0.999999660059173,0.999999762130446,0.0,0.9999999930746776,0.9999999951546635,0.9796302290258971,4,(((Per(p=10)*Lin(σ=10))+Per(p=96))+Per(p=10)),"[np.str_('*'), np.str_('+'), np.str_('+')]"
S2,Seasonal,0.0,0.8875668781453009,0.0,0.080313984499216,0.9773674392492552,0.7707289122780856,1,Per(p=96),['None']
S3,Stationary,0.008169079235676446,0.29012700615699316,0.0,0.02724036739029867,0.5312157328751961,0.4666486416484362,1,RQ(α=0.1),['None']
S1,Composite,0.03130503665546891,0.10533333683684631,0.0,0.1737328408337131,0.18270359714916906,0.46984106033886697,5,((((Lin(σ=10)+Per(p=52))+WN(σ=0.1))+Per(p=60))*RQ(α=0.1)),"[np.str_('+'), np.str_('+'), np.str_('+'), np.str_('*')]"
S2,Seasonal,0.06358204759548836,0.2984828440485646,0.0,0.16007619386690775,0.5007435984513386,0.4673422089102336,5,((((RBF(l=0.1)*Per(p=336))+Per(p=730))*Per(p=60))*Per(p=96)),"[np.str_('*'), np.str_('+'), np.str_('*'), np.str_('*')]"
S2,Seasonal,0.4977052656307568,0.7987355724719943,0.0,0.5982630877162518,0.890932831031312,0.5196445508724141,5,((((Per(p=52)+Per(p=336))*Per(p=6))+WN(σ=0.1))+Per(p=30)),"[np.str_('+'), np.str_('*'), np.str_('+'), np.str_('+')]"
S2,Seasonal,0.38266001237278624,0.41378168370219337,0.0,0.5278415007004573,0.5467090480383383,0.3823285377431185,3,((RBF(l=1)*RBF(l=1))+Per(p=4)),"[np.str_('*'), np.str_('+')]"
S2,Seasonal,0.4851120054599106,0.29379616604980796,0.0,0.5993493306524074,0.37686269254201366,0.31723597186313046,4,(((Per(p=12)*RQ(α=0.1))+Per(p=14))+Per(p=730)),"[np.str_('*'), np.str_('+'), np.str_('+')]"
S2,Seasonal,0.6478844311963624,0.07014191807328451,0.0,0.8321134318920482,0.35172553234196746,0.6644064994169159,5,((((Per(p=7)+Per(p=40))*Per(p=10))+Per(p=730))+Per(p=365)),"[np.str_('+'), np.str_('*'), np.str_('+'), np.str_('+')]"
S2,Seasonal,0.0344352114094304,0.1638411901403809,0.0,0.24964116989392227,0.29646996032853823,0.3439338222728189,5,((((Per(p=336)+Per(p=4))+Per(p=168))+Per(p=26))*RBF(l=0.1)),"[np.str_('+'), np.str_('+'), np.str_('+'), np.str_('*')]"
S1,Composite,0.028717982075208925,0.1274372680846272,0.0,0.4320026361126653,0.2076412348720007,0.38618639276245825,5,((((RBF(l=1)*WN(σ=1))*Per(p=4))*Lin(σ=0))+Per(p=7)),"[np.str_('*'), np.str_('*'), np.str_('*'), np.str_('+')]"
S2,Seasonal,0.3785834656818702,0.16674070793191953,0.0,0.5599787594714923,0.3296964557734716,0.513971706697715,5,((((RBF(l=1)+Per(p=52))*Per(p=7))*Const(1))+Per(p=672)),"[np.str_('+'), np.str_('*'), np.str_('*'), np.str_('+')]"
S2,Seasonal,0.08323173985032661,0.33752020529779414,0.0,0.10667624915664464,0.42763764833564666,0.3378542443415431,5,((((Per(p=24)+RQ(α=0.1))*RBF(l=1))*Per(p=336))+Per(p=26)),"[np.str_('+'), np.str_('*'), np.str_('*'), np.str_('+')]"
S2,Seasonal,0.08722349895289827,0.3540223119302546,0.0,0.14016957627273563,0.5761203175891119,0.5996234865309393,5,((((RQ(α=1)*Per(p=40))+Per(p=40))+Per(p=60))+WN(σ=1)),"[np.str_('*'), np.str_('+'), np.str_('+'), np.str_('+')]"
S2,Seasonal,0.010995816846148698,0.37157460489876104,0.0,0.03510860817350214,0.7130376966564573,0.7174282141363137,5,((((WN(σ=0.1)+RBF(l=1))+Per(p=30))*Per(p=168))+Per(p=96)),"[np.str_('+'), np.str_('+'), np.str_('*'), np.str_('+')]"
S1,Composite,0.18997290089627372,0.19009159521828833,0.0,0.42316720465885815,0.4266224072226398,0.6119583161983897,4,(((Lin(σ=0)*Per(p=96))*RBF(l=1))+WN(σ=0.1)),"[np.str_('*'), np.str_('*'), np.str_('+')]"
S1,Composite,0.9999999997964232,0.9999999997240392,0.0,0.9999999998453302,0.999999999790335,0.24023757834017379,2,(Lin(σ=0)*Per(p=7)),[np.str_('*')]
S2,Seasonal,0.313184358419174,0.5524121542156533,0.0,0.4390666996815977,0.6522317032365033,0.33121441207215674,2,(RQ(α=0.1)+Per(p=4)),[np.str_('+')]
S1,Composite,0.9969389469130369,0.9991481033927172,0.0,0.9978492802060771,0.9994006076774108,0.29858800118499107,4,(((Lin(σ=0)*Per(p=336))*Per(p=6))+WN(σ=1)),"[np.str_('*'), np.str_('*'), np.str_('+')]"
S2,Seasonal,0.06391888596790374,0.9998419115872995,0.0,0.07104888227055695,0.9996600987369896,0.0,2,(Const(1)+Per(p=168)),[np.str_('+')]
S2,Seasonal,0.1414907903858008,0.28300595269476336,0.0,0.2879014816520633,0.5457455965277344,0.6092100676879131,3,((WN(σ=0.1)*Per(p=672))+RQ(α=1)),"[np.str_('*'), np.str_('+')]"
S2,Seasonal,0.3385143809981962,0.22118251753965001,0.0,0.6557924082515347,0.45042832126526944,0.7416561801228168,4,(((Per(p=40)+Per(p=336))*Per(p=52))+Per(p=336)),"[np.str_('+'), np.str_('*'), np.str_('+')]"
S2,Seasonal,0.7865896381126072,0.8547617372609309,0.0,0.9748030292069291,0.9881425561168258,0.9328189736111271,2,(Per(p=730)+Per(p=96)),[np.str_('+')]
S4,Trending,0.9999999999694446,0.21419938983483677,0.0,0.9999999999780276,0.36716765876612034,0.2808977224152802,1,Lin(σ=0),['None']
S1,Composite,0.10929637575144291,0.08152638792327693,0.0,0.4978512546423497,0.11620762735152368,0.32404875973099045,4,(((Lin(σ=1)+Per(p=14))+Per(p=168))*WN(σ=0.1)),"[np.str_('+'), np.str_('+'), np.str_('*')]"
S3,Stationary,0.29498191892538084,0.11639038036522698,0.0,0.5115233430247268,0.1572077906409154,0.2829704624330893,1,RBF(l=0.1),['None']
S2,Seasonal,0.33177343553943883,0.3845043251524274,0.0,0.5130438806925934,0.6364421985907891,0.6145554416886442,5,((((Per(p=60)*RQ(α=1))+Per(p=26))*Per(p=672))*Per(p=12)),"[np.str_('*'), np.str_('+'), np.str_('*'), np.str_('*')]"
S1,Composite,0.999999963225948,0.058141269697626785,0.0,0.9999999996658038,0.756122084646133,0.9909116651408081,3,((Lin(σ=1)+Per(p=336))+Const(1)),"[np.str_('+'), np.str_('+')]"
S2,Seasonal,0.5542598123789826,0.5198877491061319,0.0,0.6354050816437308,0.6160459657916242,0.4312499135112082,3,((Per(p=6)*Per(p=672))*RQ(α=10)),"[np.str_('*'), np.str_('*')]"
S2,Seasonal,0.39443830783673306,0.20417853017564913,0.0,0.6125239110417198,0.460822163048492,0.6088333283179543,5,((((WN(σ=1)+RQ(α=10))*Per(p=60))+Per(p=730))+Const(1)),"[np.str_('+'), np.str_('*'), np.str_('+'), np.str_('+')]"
S1,Composite,0.9999999998040859,0.9999999998504581,0.0,0.9999999998747063,0.9999999999043627,0.3604654593555696,3,((Const(1)*Per(p=4))*Lin(σ=0)),"[np.str_('*'), np.str_('*')]"
S2,Seasonal,0.05839526268061901,0.3490280035994664,0.0,0.07851553823249768,0.6021905735007846,0.5547246313109719,4,(((RQ(α=1)+Per(p=7))*Per(p=336))+WN(σ=1)),"[np.str_('+'), np.str_('*'), np.str_('+')]"
S2,Seasonal,0.6852516768619831,0.7481456896821526,0.0,0.809734011499795,0.8673920423631594,0.5925013231333792,3,((Per(p=336)*Per(p=336))*Per(p=12)),"[np.str_('*'), np.str_('*')]"
S3,Stationary,0.1670285273915898,0.288973175441012,0.0,0.2606202411610786,0.4186512976406461,0.3803071141122827,4,(((RBF(l=0.1)*RBF(l=10))*RQ(α=1))+RBF(l=1)),"[np.str_('*'), np.str_('*'), np.str_('+')]"
S1,Composite,0.10083023036629646,0.11552603927799965,0.0,0.31185965060389154,0.1583257891972234,0.3498905391168765,4,(((RBF(l=0.1)*Per(p=672))+WN(σ=1))*Lin(σ=10)),"[np.str_('*'), np.str_('+'), np.str_('*')]"
S4,Trending,0.1829390870119978,0.4110168855390839,0.0,0.5593254875312144,0.8874662895615923,0.8725828739414248,2,(Lin(σ=0)*RQ(α=10)),[np.str_('*')]
S2,Seasonal,0.07239236787473913,0.1672296667156551,0.0,0.15586919524639709,0.2801374239690221,0.34333159610907016,2,(RQ(α=0.1)*Per(p=10)),[np.str_('*')]
S2,Seasonal,0.06662344208980564,0.29932790110111507,0.0,0.04321006086053736,0.4099992159648497,0.34708066284762074,5,((((Per(p=96)+RQ(α=0.1))+Per(p=48))*Per(p=672))*RBF(l=1)),"[np.str_('+'), np.str_('+'), np.str_('*'), np.str_('*')]"
S4,Trending,0.0,0.08469851071155021,0.0,0.10077619087497747,0.5515051210676862,0.6752735300542081,4,(((RQ(α=1)*Lin(σ=1))+WN(σ=0.1))*Const(1)),"[np.str_('*'), np.str_('+'), np.str_('*')]"
S3,Stationary,0.27165801827739955,0.17900074671616006,0.0,0.29147110300256984,0.3516208916509521,0.4347868483162648,2,(Const(1)*RBF(l=1)),[np.str_('*')]
S2,Seasonal,0.24203568557662614,0.27918201662377806,0.0,0.30277724494760583,0.49737072697694895,0.6025034817564805,5,((((RBF(l=10)*Per(p=672))*Per(p=7))+Per(p=30))*RQ(α=10)),"[np.str_('*'), np.str_('*'), np.str_('+'), np.str_('*')]"
S2,Seasonal,0.5659165055468104,0.9526398041362815,0.0,0.46275554118262596,0.9317078926779595,0.0,5,((((Per(p=40)+RBF(l=0.1))*Per(p=40))+RQ(α=10))*Per(p=672)),"[np.str_('+'), np.str_('*'), np.str_('+'), np.str_('*')]"
S2,Seasonal,0.0,0.32924066739339164,0.0,0.02209796516276996,0.6490838279255133,0.5791114126355006,5,((((Const(1)+RBF(l=10))*RQ(α=0.1))+Per(p=96))+Per(p=14)),"[np.str_('+'), np.str_('*'), np.str_('+'), np.str_('+')]"
S2,Seasonal,0.19726526151865675,0.15341196167849092,0.0,0.40723195946173074,0.22914177253241375,0.3352653434301095,2,(WN(σ=0.1)*Per(p=10)),[np.str_('*')]
S1,Composite,0.9986850043049252,0.9948302632943137,0.0,0.9998555809292848,0.9994720564466717,0.8951247460558784,3,((Per(p=24)+Per(p=365))*Lin(σ=10)),"[np.str_('+'), np.str_('*')]"
S1,Composite,0.9999276878887289,0.9999572358738208,0.0,0.9999625485355991,0.9999778969222373,0.4828511482947462,3,((Lin(σ=10)+RBF(l=1))*Per(p=10)),"[np.str_('+'), np.str_('*')]"
S3,Stationary,0.12847836167613635,0.1922004950413364,0.0,0.20162519872172335,0.336412615722826,0.3386810572362251,1,RQ(α=0.1),['None']
S2,Seasonal,0.25309732724015066,0.30087767624197514,0.0,0.43563933927865683,0.5283531009037346,0.6373313900114068,5,((((Per(p=730)+RBF(l=10))+Per(p=10))*RQ(α=1))+Per(p=10)),"[np.str_('+'), np.str_('+'), np.str_('*'), np.str_('+')]"
S3,Stationary,0.02435895450212988,0.42108253364276393,0.0,0.0,0.1122157371348852,0.0,1,RQ(α=0.1),['None']
S2,Seasonal,0.07014444571226852,0.4900317023158026,0.0,0.2632980318145359,0.7902181836145619,0.6859603468155278,5,((((WN(σ=0.1)+Per(p=365))+Per(p=30))*Per(p=12))*Per(p=60)),"[np.str_('+'), np.str_('+'), np.str_('*'), np.str_('*')]"
S2,Seasonal,0.010374133263465146,0.8949505707482664,0.0,0.04832877604750485,0.984293362174503,0.853242006214489,2,(Per(p=60)*Per(p=60)),[np.str_('*')]
S1,Composite,0.9666601430568289,0.9993307710489134,0.0,0.9944576377177431,0.9998876148360539,0.8337600451229226,5,((((Per(p=12)*Lin(σ=0))+WN(σ=0.1))*Lin(σ=0))*Per(p=730)),"[np.str_('*'), np.str_('+'), np.str_('*'), np.str_('*')]"
S2,Seasonal,0.022539368169111507,0.2346932371191114,0.0,0.04613368184929467,0.408377289664833,0.32970795717148194,5,((((Per(p=672)*Per(p=730))+WN(σ=0.1))*WN(σ=1))*Per(p=40)),"[np.str_('*'), np.str_('+'), np.str_('*'), np.str_('*')]"
S4,Trending,0.9995426580722857,0.33871195847429414,0.0,0.9999402968381952,0.8965419480223757,0.8695700169786234,2,(RQ(α=10)+Lin(σ=10)),[np.str_('+')]
S4,Trending,0.9999999999010314,0.12287794048224632,0.0,0.9999999999292477,0.17989992502726126,0.2851036010128757,1,Lin(σ=1),['None']
S1,Composite,0.1336422798800011,0.9915659310186756,0.0,0.04386479086079409,0.954724956543496,0.0,3,((Per(p=168)*Lin(σ=0))+WN(σ=1)),"[np.str_('*'), np.str_('+')]"
S2,Seasonal,0.05379087009987216,0.21931411201108686,0.0,0.18284314168155924,0.3589361880374715,0.36101965469323083,4,(((Per(p=4)+WN(σ=0.1))*RQ(α=10))*Per(p=30)),"[np.str_('+'), np.str_('*'), np.str_('*')]"
S2,Seasonal,0.27466341559019547,0.23199238216017948,0.0,0.2894811675125216,0.49177494428440005,0.5389191937644635,5,((((Per(p=52)*Per(p=14))*Per(p=30))+Per(p=4))*Per(p=48)),"[np.str_('*'), np.str_('*'), np.str_('+'), np.str_('*')]"
S2,Seasonal,0.0,0.6871172268486003,0.0,0.0,0.043689458309421614,0.0,2,(Per(p=168)+RQ(α=0.1)),[np.str_('+')]
S2,Seasonal,0.11981430160828732,0.5902723151311458,0.0,0.19898002832429407,0.6966048815206783,0.32993535234775895,5,((((WN(σ=1)+Per(p=168))+Per(p=730))*Per(p=30))*Per(p=6)),"[np.str_('+'), np.str_('+'), np.str_('*'), np.str_('*')]"
S1,Composite,0.9999240353785761,0.9999721141935597,0.0,0.9999386803465271,0.9999774506931146,0.19186636061043172,4,(((Lin(σ=10)*Per(p=730))*Per(p=6))+WN(σ=0.1)),"[np.str_('*'), np.str_('*'), np.str_('+')]"
S2,Seasonal,0.0,0.8735273805566713,0.0,0.021630828611277964,0.9246616283679816,0.4627997269896301,3,((Const(1)+Per(p=60))+Per(p=7)),"[np.str_('+'), np.str_('+')]"
S3,Stationary,0.003725369050459393,0.5039128809415807,0.0,0.015331452805899426,0.7567213714507929,0.5388615363601303,2,(WN(σ=0.1)+RQ(α=1)),[np.str_('+')]
S2,Seasonal,0.04509428414670469,0.9999871993215224,0.0,0.09551721470066721,0.9999916556268835,0.34827223417371933,1,Per(p=24),['None']
S2,Seasonal,0.35401400262696714,0.24267415977040707,0.0,0.39987102623729687,0.4539787600421563,0.4504117641153911,4,(((Per(p=24)*Per(p=40))+Per(p=10))*Per(p=6)),"[np.str_('*'), np.str_('+'), np.str_('*')]"
S1,Composite,0.9999999984143054,0.9999537571363554,0.0,0.9999999989527045,0.9999694573382156,0.3395359645640802,2,(Lin(σ=10)+Per(p=30)),[np.str_('+')]
S2,Seasonal,0.17869114279429377,0.10303205061984566,0.0,0.4655648724332271,0.13523352179166515,0.2485202297563066,2,(WN(σ=1)*Per(p=12)),[np.str_('*')]
S2,Seasonal,0.17892128969248122,0.3357273845259314,0.0,0.34610003247565946,0.8716725990928089,0.8263573670755472,2,(RBF(l=10)+Per(p=672)),[np.str_('+')]
S2,Seasonal,0.5929654189755371,0.8997809696215505,0.0,0.585414478941821,0.9067213585913121,0.08791181370657686,2,(Per(p=730)+Per(p=30)),[np.str_('+')]
S1,Composite,0.03906866684216381,0.3599400322962555,0.0,0.08782523217810245,0.6633050385001948,0.669102598841063,5,((((Lin(σ=1)*Per(p=40))*Per(p=96))*Per(p=10))+WN(σ=1)),"[np.str_('*'), np.str_('*'), np.str_('*'), np.str_('+')]"
S1,Composite,0.9999999989448682,0.9999515208233359,0.0,0.9999999992911622,0.9999674057313085,0.3282002504165634,3,((Per(p=12)*Const(1))+Lin(σ=10)),"[np.str_('*'), np.str_('+')]"
S2,Seasonal,0.5242552748730697,0.363025174655885,0.0,0.7024396719494745,0.6409933694521008,0.6934912678806678,3,((Per(p=24)+Per(p=96))*RQ(α=10)),"[np.str_('+'), np.str_('*')]"
S2,Seasonal,0.08877311748013461,0.4679997366600247,0.0,0.2849171932889166,0.7953134768474783,0.7810604064577251,3,((RQ(α=1)+Per(p=52))*Per(p=60)),"[np.str_('+'), np.str_('*')]"
S3,Stationary,0.0,0.4624664150506512,0.0,0.2256232082582985,0.8512079107279708,0.8746529117394273,2,(RQ(α=10)+RQ(α=10)),[np.str_('+')]
S2,Seasonal,0.021362666918894324,0.9999903073827368,0.0,0.03970480744681415,0.9999930015575746,0.2778805574659131,1,Per(p=30),['None']
S2,Seasonal,0.0,0.5478203060690017,0.0,0.12196783386531918,0.9073816775136775,0.8850079743430516,3,((Per(p=60)+Const(1))+Per(p=26)),"[np.str_('+'), np.str_('+')]"
S3,Stationary,0.0,0.4430393842320234,0.0,0.036905507939754,0.8516241290499894,0.7563510212297068,2,(RBF(l=10)+RBF(l=0.1)),[np.str_('+')]
S3,Stationary,0.03205220420353272,0.3408985535399267,0.0,0.12343520033144917,0.7545060382840559,0.6419504557954157,2,(RBF(l=10)+RBF(l=1)),[np.str_('+')]
S3,Stationary,0.0,0.2520792633118629,0.0,0.03224766071995422,0.4312778659628217,0.3515640032365456,1,RBF(l=0.1),['None']
S1,Composite,0.9998448994668687,0.13951619402722337,0.0,0.9999841106604771,0.7558042745493677,0.8975903904273588,5,((((Per(p=4)+Lin(σ=10))+Per(p=10))+Per(p=365))*Per(p=730)),"[np.str_('+'), np.str_('+'), np.str_('+'), np.str_('*')]"
S1,Composite,0.9996131274749257,0.5102433805876516,0.0,0.9998132554141391,0.6890333514817928,0.5167850988238487,5,((((Per(p=24)+Per(p=4))*Const(1))+Lin(σ=0))+RQ(α=1)),"[np.str_('+'), np.str_('*'), np.str_('+'), np.str_('+')]"
S3,Stationary,0.06438743504984934,0.322464837247576,0.0,0.07329814590891004,0.7128505476522118,0.7205295347722488,2,(RBF(l=1)+RBF(l=10)),[np.str_('+')]
S3,Stationary,0.17241864626569148,0.2463679888234701,0.0,0.27978372601911305,0.6428226171195887,0.5214531183250715,2,(RBF(l=10)+WN(σ=1)),[np.str_('+')]
S3,Stationary,0.07305193082283801,0.28000833468997366,0.0,0.09198872736223684,0.4773540703688297,0.45470564378647493,1,RQ(α=0.1),['None']
S2,Seasonal,0.5359216041639077,0.4914373566156015,0.0,0.7223229742833415,0.7658633069929905,0.6903065205425121,3,((Per(p=365)+Per(p=96))*Per(p=96)),"[np.str_('+'), np.str_('*')]"
S2,Seasonal,0.26186048545196217,0.40962882098979025,0.0,0.3946230487697784,0.7186991820792219,0.6607907189983775,3,((Per(p=40)+RQ(α=1))*Per(p=30)),"[np.str_('+'), np.str_('*')]"
S2,Seasonal,0.12454832726248377,0.09036824598222937,0.0,0.47306221135537885,0.1149114568241546,0.21802626582957751,5,((((Per(p=336)*WN(σ=0.1))*RQ(α=0.1))*Per(p=30))*Per(p=6)),"[np.str_('*'), np.str_('*'), np.str_('*'), np.str_('*')]"
S2,Seasonal,0.06658535814281785,0.3360658313073568,0.0,0.307323221000249,0.5684688019679811,0.666555746755584,2,(Per(p=48)*RQ(α=1)),[np.str_('*')]
S2,Seasonal,0.6802944095219214,0.7786136379786527,0.0,0.7332852560336816,0.8050677235496332,0.2530146055461314,3,((Per(p=730)*Per(p=60))*Per(p=7)),"[np.str_('*'), np.str_('*')]"
S2,Seasonal,0.9933916240499827,0.9953701697208432,0.0,0.9986530091680148,0.9991693218052584,0.8213843875837438,2,(Per(p=7)+Per(p=52)),[np.str_('+')]
S2,Seasonal,0.9994340727087496,0.0,0.0,0.9999606908470774,0.8749700222780327,0.9326149274063844,1,Per(p=730),['None']
S2,Seasonal,0.15735103688282293,0.27806597090048346,0.0,0.27502300679086533,0.6900101135841473,0.7563693366195012,3,((RBF(l=1)+RBF(l=10))+Per(p=26)),"[np.str_('+'), np.str_('+')]"
S2,Seasonal,0.4133752648590685,0.06844325301983178,0.0,0.6225570510531142,0.09434061834015617,0.2967743278841565,4,(((Per(p=4)+Per(p=52))*Per(p=336))*Per(p=7)),"[np.str_('+'), np.str_('*'), np.str_('*')]"
S2,Seasonal,0.039490781808363185,0.897713278735498,0.0,0.05909752515289057,0.9518185960337007,0.5729860745634558,4,(((Per(p=6)+Per(p=96))+Const(1))+WN(σ=0.1)),"[np.str_('+'), np.str_('+'), np.str_('+')]"
S2,Seasonal,0.1812469364629069,0.5178776166720928,0.0,0.0,0.5766408871957737,0.0,3,((Per(p=4)+Per(p=365))+Per(p=96)),"[np.str_('+'), np.str_('+')]"
S1,Composite,0.0,0.39009835947100036,0.0,0.4697285318675709,0.39667144529771514,0.039335808373949566,4,(((Per(p=730)+Lin(σ=0))*Per(p=4))+RBF(l=10)),"[np.str_('+'), np.str_('*'), np.str_('+')]"
S2,Seasonal,0.2789140840139104,0.18676247332169216,0.0,0.4192513434354459,0.27840787905605613,0.33932386751323884,4,(((RBF(l=1)+RQ(α=0.1))*Per(p=7))*Per(p=6)),"[np.str_('+'), np.str_('*'), np.str_('*')]"
S1,Composite,0.9999988861093535,0.77021643325625,0.0,0.9999997236277337,0.9320844142924654,0.7519009770285818,3,((Lin(σ=0)+Per(p=12))+Lin(σ=0)),"[np.str_('+'), np.str_('+')]"
S2,Seasonal,0.9980798228347662,0.0,0.0,0.9998584859011628,0.880838256113911,0.9296383824732534,1,Per(p=365),['None']
S2,Seasonal,0.24165760428957783,0.410590208219746,0.0,0.1865923105241395,0.6363247390234792,0.6040543781522707,2,(Per(p=48)*Per(p=14)),[np.str_('*')]
S2,Seasonal,0.5385085222927027,0.8063821216561325,0.0,0.4320058554176004,0.818615300020123,0.08384598900809603,3,((Per(p=10)*Const(1))+Per(p=30)),"[np.str_('*'), np.str_('+')]"
S2,Seasonal,0.0411320083139709,0.38220546088274254,0.0,0.08483090346083833,0.8858777843929054,0.7778848827276492,3,((Const(1)*Per(p=30))*Per(p=12)),"[np.str_('*'), np.str_('*')]"
S2,Seasonal,0.10568934712117739,0.2360113019949044,0.0,0.15657505971823027,0.3263884501172246,0.2513605926611635,5,((((WN(σ=0.1)*Per(p=52))*Per(p=4))*Per(p=40))*Per(p=24)),"[np.str_('*'), np.str_('*'), np.str_('*'), np.str_('*')]"
S2,Seasonal,0.011181623431785526,0.8253675638153791,0.0,0.31259622051304403,0.9196462779991764,0.729277777526126,2,(Per(p=52)+Per(p=60)),[np.str_('+')]
S2,Seasonal,0.6442142957308237,0.9575701997730728,0.0,0.0,0.6604610065742902,0.0,1,Per(p=336),['None']
S2,Seasonal,0.038530137130021735,0.6829477837703045,0.0,0.0,0.9030519585875085,0.6312210940099522,5,((((Const(1)*Const(1))+Per(p=30))+Per(p=672))+Per(p=365)),"[np.str_('*'), np.str_('+'), np.str_('+'), np.str_('+')]"
S4,Trending,0.9999809780367941,0.3220625183485065,0.0,0.9999969754809606,0.7598916228646364,0.8411074129015519,2,(Lin(σ=10)+RQ(α=10)),[np.str_('+')]
S1,Composite,0.9987688448955756,0.2639192191348644,0.0,0.9993694052038739,0.4642542811769824,0.48767907741397,5,((((RQ(α=0.1)+Per(p=26))*WN(σ=1))+Lin(σ=1))+RQ(α=10)),"[np.str_('+'), np.str_('*'), np.str_('+'), np.str_('+')]"
S2,Seasonal,0.061805035418383225,0.8170657949966198,0.0,0.0012160732328467816,0.8893719312354188,0.34114931606081644,2,(RQ(α=10)*Per(p=672)),[np.str_('*')]
S2,Seasonal,0.8436837569831235,0.3493416546631345,0.0,0.9612163528941584,0.7410273019071869,0.8380427459662538,3,((Per(p=336)*Per(p=48))+Const(1)),"[np.str_('*'), np.str_('+')]"
S2,Seasonal,0.4951371814891439,0.46561740205402435,0.0,0.5535026081935193,0.5744428539770903,0.31386651382202235,5,((((WN(σ=1)+Per(p=4))+Per(p=24))+Per(p=730))+RQ(α=0.1)),"[np.str_('+'), np.str_('+'), np.str_('+'), np.str_('+')]"
S2,Seasonal,0.17188028908138775,0.6922988914469872,0.0,0.24017815034424994,0.2368771438696341,0.0,4,(((Per(p=168)+Per(p=48))+Per(p=52))+Per(p=672)),"[np.str_('+'), np.str_('+'), np.str_('+')]"
S3,Stationary,0.2609696677138037,0.3675095065961398,0.0,0.4036990570086889,0.5879260709415988,0.518498601619644,2,(RBF(l=10)+WN(σ=1)),[np.str_('+')]
S2,Seasonal,0.003201980437529617,0.9970616454165875,0.0,0.04277592106207273,0.9997268503874513,0.9065402236093674,1,Per(p=52),['None']
S2,Seasonal,0.9985299952196816,0.05844136623556717,0.0,0.9999824377187783,0.776138255584453,0.9887183449345975,1,Per(p=336),['None']
S2,Seasonal,0.5641945753870194,0.7273463715191837,0.0,0.8648660895073425,0.9609646653466454,0.8488602420019646,2,(Per(p=96)+Per(p=730)),[np.str_('+')]
S2,Seasonal,0.030365251793136427,0.6861461791819359,0.0,0.08370605417114685,0.7675682539353632,0.32236411840146817,3,((RBF(l=0.1)*Per(p=365))+Per(p=30)),"[np.str_('*'), np.str_('+')]"
S2,Seasonal,0.02984142437624948,0.7948819034719008,0.0,0.0512501415860972,0.8859721393771521,0.5225855696825767,3,((WN(σ=0.1)+Per(p=60))+Per(p=30)),"[np.str_('+'), np.str_('+')]"
S2,Seasonal,0.36474844153744923,0.7226146608553407,0.0,0.5427394948793165,0.8897466401535015,0.7298135261025169,4,(((Per(p=52)+RBF(l=10))*Per(p=672))*Per(p=52)),"[np.str_('+'), np.str_('*'), np.str_('*')]"
S2,Seasonal,0.07749918854650784,0.1426873030774899,0.0,0.3071178013196134,0.2904262668881298,0.3388481286635422,2,(RBF(l=0.1)*Per(p=48)),[np.str_('*')]
S2,Seasonal,0.2033845680311802,0.13736305851703534,0.0,0.4580656993266984,0.16674115567213843,0.19284718206720453,4,(((Per(p=52)+Per(p=12))+Per(p=30))*WN(σ=0.1)),"[np.str_('+'), np.str_('+'), np.str_('*')]"
S3,Stationary,0.19287629775596826,0.20550394307376907,0.0,0.3640726670983865,0.32692470964504816,0.413148950159437,1,RQ(α=0.1),['None']
S2,Seasonal,0.15326084140790786,0.24064850434774232,0.0,0.1854513841033535,0.3825233635598565,0.5292764288924275,3,((Per(p=10)*RBF(l=1))*Per(p=168)),"[np.str_('*'), np.str_('*')]"
S1,Composite,0.999913766832842,0.2938342217397264,0.0,0.9999722793127632,0.5140631456427691,0.6783454923254008,5,((((Per(p=10)+Per(p=672))*Per(p=26))*Per(p=52))+Lin(σ=0)),"[np.str_('+'), np.str_('*'), np.str_('*'), np.str_('+')]"
S1,Composite,0.9664644611056252,0.8483667808920852,0.0,0.9949898613975374,0.9753597534810454,0.8682110998186965,5,((((Per(p=336)*Per(p=168))+Per(p=6))*Per(p=730))*Lin(σ=10)),"[np.str_('*'), np.str_('+'), np.str_('*'), np.str_('*')]"
S2,Seasonal,0.25061717608027057,0.7945847583384729,0.0,0.0,0.23764510132672112,0.0,2,(Per(p=336)+Per(p=168)),[np.str_('+')]
S3,Stationary,0.3396073353752962,0.1817643003816436,0.0,0.38489393394672156,0.2742475230985605,0.4268582649711886,1,RBF(l=1),['None']
S4,Trending,0.013522314457558027,0.17851738967510278,0.0,0.18750949533013928,0.5850135054721413,0.6958421523809608,4,(((Lin(σ=0)*RBF(l=1))+Const(1))*Lin(σ=0)),"[np.str_('*'), np.str_('+'), np.str_('*')]"
S2,Seasonal,0.0,0.27850427358857677,0.0,0.007815774814642462,0.7409583433600047,0.7395929930441614,2,(RQ(α=1)*Per(p=60)),[np.str_('*')]
S1,Composite,0.9999999977823932,0.9999999995138313,0.0,0.9999999983436291,0.999999999636871,0.25308020795071995,3,((Lin(σ=0)+Per(p=6))*Per(p=30)),"[np.str_('+'), np.str_('*')]"
S2,Seasonal,0.17263882394481878,0.8433445208690261,0.0,0.33289587788404984,0.9277450434101563,0.5476223749645767,3,((Per(p=672)+Per(p=14))*Per(p=30)),"[np.str_('+'), np.str_('*')]"
S2,Seasonal,0.7238433274918284,0.742511604720065,0.0,0.9306663718511661,0.9675642785429519,0.902800020790502,1,Per(p=24),['None']
S2,Seasonal,0.0071839263148348875,0.3247070673077549,0.0,0.018121959431480872,0.47741546023877857,0.2852567627306247,5,((((Per(p=48)*Per(p=24))+RQ(α=1))*RBF(l=0.1))+Per(p=96)),"[np.str_('*'), np.str_('+'), np.str_('*'), np.str_('+')]"
S1,Composite,0.999547347953999,0.689828267368769,0.0,0.9995466410123995,0.6912298922357232,0.0,3,((Per(p=30)+Per(p=12))+Lin(σ=10)),"[np.str_('+'), np.str_('+')]"
S1,Composite,0.9999999991581169,0.9999889240198891,0.0,0.9999999994424378,0.9999926664934374,0.3377195406028025,2,(Lin(σ=10)+Per(p=14)),[np.str_('+')]
S2,Seasonal,0.0,0.6961034303194638,0.0,0.12953664258460396,0.7952512694543001,0.28843782446267385,2,(Per(p=26)*Per(p=24)),[np.str_('*')]
S2,Seasonal,0.13993983541181632,0.24870144850433162,0.0,0.2835967706567616,0.3283226954715266,0.22058342722883417,4,(((Per(p=6)*Per(p=10))*Per(p=730))*RBF(l=0.1)),"[np.str_('*'), np.str_('*'), np.str_('*')]"
S1,Composite,0.6948834707376904,0.12014326763137262,0.0,0.7871653736999713,0.1880125187955346,0.40252993851071694,4,(((Per(p=6)+RQ(α=1))+Per(p=336))*Lin(σ=1)),"[np.str_('+'), np.str_('+'), np.str_('*')]"
S2,Seasonal,0.17026936146118787,0.23418762665228743,0.0,0.25168535086487354,0.3574747718746224,0.29617583883391063,3,((Per(p=730)+WN(σ=1))+WN(σ=0.1)),"[np.str_('+'), np.str_('+')]"
S2,Seasonal,0.8968165255385783,0.6326775398760812,0.0,0.8896516708631675,0.638278346527982,0.025044010344860035,2,(Per(p=4)+Per(p=26)),[np.str_('+')]
S2,Seasonal,0.1684915417536127,0.22012381534843328,0.0,0.27166696739054397,0.32458403380534984,0.3283632259940741,5,((((Per(p=7)*Per(p=10))+RBF(l=0.1))*Per(p=52))*Per(p=672)),"[np.str_('*'), np.str_('+'), np.str_('*'), np.str_('*')]"
S2,Seasonal,0.23413722045329488,0.06810022376210012,0.0,0.48157154893459864,0.08505440416717791,0.18716495500561836,4,(((Per(p=40)*Per(p=730))*WN(σ=0.1))*RQ(α=10)),"[np.str_('*'), np.str_('*'), np.str_('*')]"
S2,Seasonal,0.06861369604940959,0.23681946439550217,0.0,0.2932664048752307,0.3655898028816592,0.32944987462145425,2,(Per(p=24)*RBF(l=0.1)),[np.str_('*')]
S1,Composite,0.8826814135558112,0.9215919106281637,0.0,0.9282862717605703,0.95211569912583,0.4571046079609403,3,((Lin(σ=0)*Per(p=96))+Per(p=40)),"[np.str_('*'), np.str_('+')]"
S2,Seasonal,0.0061200102841707515,0.7838701538890103,0.0,0.007909649307835886,0.6167912770155822,0.0,3,((Per(p=168)+RQ(α=0.1))*Per(p=168)),"[np.str_('+'), np.str_('*')]"
S1,Composite,0.9997435414388394,0.0,0.0,0.999760424345558,0.0,0.06647010712209733,4,(((Per(p=365)+Per(p=365))+Per(p=14))+Lin(σ=1)),"[np.str_('+'), np.str_('+'), np.str_('+')]"
S2,Seasonal,0.16859493153962646,0.8029286596126147,0.0,0.6140318479953368,0.9664876310111292,0.8749131680997935,3,((Per(p=24)*Per(p=26))+Per(p=10)),"[np.str_('*'), np.str_('+')]"
S2,Seasonal,0.07828598696111633,0.9999890435673374,0.0,0.1505977203136285,0.9999924011438419,0.306320796681834,2,(Per(p=14)+Per(p=14)),[np.str_('+')]
S2,Seasonal,0.07680200603014875,0.9651237564428351,0.0,0.042861874468614225,0.9682268888157289,0.09200025839266768,2,(Per(p=7)+Per(p=4)),[np.str_('+')]
S2,Seasonal,0.8034726491833691,0.6647325803727318,0.0,0.9387273860123466,0.8919867877779788,0.7459727319454577,3,((RBF(l=10)*Per(p=30))+Per(p=12)),"[np.str_('*'), np.str_('+')]"
S2,Seasonal,0.9613926268887425,0.925727355072276,0.0,0.9138467573182135,0.8593750963887359,0.0,1,Per(p=730),['None']
S4,Trending,0.9999748686961254,0.0,0.0,0.9999685524285241,0.0,0.0,1,Lin(σ=0),['None']
S2,Seasonal,0.16116268194048022,0.1805118724960204,0.0,0.24891141994451316,0.408463067909029,0.5549194227789856,2,(Per(p=24)*RBF(l=1)),[np.str_('*')]
S2,Seasonal,0.023221630090859757,0.364558116385882,0.0,0.05711608405283308,0.3382208632768501,0.25431917458381137,4,(((Per(p=6)*Per(p=336))+Per(p=7))*Per(p=48)),"[np.str_('*'), np.str_('+'), np.str_('*')]"
S2,Seasonal,0.4041731257825013,0.5335159022317544,0.0,0.577290392187398,0.773760470249658,0.6362712749917099,4,(((RQ(α=1)+Per(p=14))+Per(p=672))*Per(p=365)),"[np.str_('+'), np.str_('+'), np.str_('*')]"
S2,Seasonal,0.38722161145167955,0.8324595391679208,0.0,0.5025134666008848,0.8763043298949672,0.33240772386941964,5,((((Per(p=30)*Per(p=4))+Per(p=730))+Per(p=7))*Per(p=7)),"[np.str_('*'), np.str_('+'), np.str_('+'), np.str_('*')]"
S4,Trending,0.9999815957351031,0.3212788042010728,0.0,0.9999918402020165,0.49511958735428796,0.5564648735657851,2,(RBF(l=1)+Lin(σ=1)),[np.str_('+')]
S2,Seasonal,0.16169884083460262,0.393324639372968,0.0,0.3397847028896338,0.881519592280662,0.8717322448962335,5,((((Per(p=60)+Per(p=96))+Per(p=60))+RQ(α=1))*Per(p=365)),"[np.str_('+'), np.str_('+'), np.str_('+'), np.str_('*')]"
S1,Composite,0.9984794435815131,0.9999844355912335,0.0,0.9990040099223956,0.9999898140811628,0.3458879485077285,4,(((Per(p=336)+Lin(σ=1))+RQ(α=0.1))*Per(p=10)),"[np.str_('+'), np.str_('+'), np.str_('*')]"
S2,Seasonal,0.14628462142080556,0.19263345160551448,0.0,0.2003382243653632,0.24580173860029697,0.3251340371943906,5,((((RQ(α=0.1)*Const(1))*Per(p=730))*Per(p=672))*RQ(α=0.1)),"[np.str_('*'), np.str_('*'), np.str_('*'), np.str_('*')]"
S2,Seasonal,0.4854801076899701,0.6576816728945338,0.0,0.7188683983186227,0.846992905466698,0.6477114257771087,5,((((Per(p=26)*Per(p=96))+Per(p=672))+Per(p=30))*Per(p=24)),"[np.str_('*'), np.str_('+'), np.str_('+'), np.str_('*')]"
S1,Composite,0.001461614419871582,0.2958051251309396,0.0,0.004066557303410989,0.7065764064138189,0.5553903670607907,5,((((RQ(α=1)*Per(p=7))*Lin(σ=1))+Per(p=336))+WN(σ=1)),"[np.str_('*'), np.str_('*'), np.str_('+'), np.str_('+')]"
S2,Seasonal,0.11124674977153814,0.19098885449919734,0.0,0.15456837913137478,0.3489336963335403,0.2528350606236974,5,((((Per(p=26)*Per(p=14))*WN(σ=1))+WN(σ=1))+Per(p=365)),"[np.str_('*'), np.str_('*'), np.str_('+'), np.str_('+')]"
S3,Stationary,0.07313497205062502,0.23487605185923488,0.0,0.13306276170525577,0.3976156180554582,0.3587287062530631,1,WN(σ=1),['None']
S2,Seasonal,0.15706946229104402,0.9999969306931078,0.0,0.35161204588402184,0.9999980966455645,0.37988676669207133,1,Per(p=4),['None']
S2,Seasonal,0.9034134757927718,0.9759047259071545,0.0,0.42988049604049783,0.7864193959995763,0.0,1,Per(p=365),['None']
S2,Seasonal,0.02630342873765734,0.9751706213805478,0.0,0.0265840861742076,0.975159626371997,0.0,2,(Per(p=7)+Per(p=4)),[np.str_('+')]
S2,Seasonal,0.141069046415358,0.09197198759452863,0.0,0.4648381292537609,0.15902620711735405,0.33165743474997533,3,((Per(p=52)*RBF(l=0.1))*RBF(l=0.1)),"[np.str_('*'), np.str_('*')]"
S2,Seasonal,0.3031346005359161,0.3901310028381536,0.0,0.48343931951260266,0.49033073503867664,0.41085823193221793,5,((((RQ(α=0.1)+Const(1))*Per(p=730))*Per(p=672))*Per(p=26)),"[np.str_('+'), np.str_('*'), np.str_('*'), np.str_('*')]"
S2,Seasonal,0.5654671746005759,0.706863741097685,0.0,0.7953734063833795,0.8514876471366133,0.6602362600539797,5,((((Per(p=96)*Per(p=730))+Per(p=96))*Per(p=730))*Per(p=14)),"[np.str_('*'), np.str_('+'), np.str_('*'), np.str_('*')]"
S2,Seasonal,0.7383109497108357,0.9566869403011834,0.0,0.9258620554589542,0.9888248861780476,0.7828145030592614,3,((Per(p=7)+Per(p=168))*Per(p=14)),"[np.str_('+'), np.str_('*')]"
S2,Seasonal,0.016680251226548815,0.9102151466837554,0.0,0.048860488132549285,0.9458358209399408,0.46031291231462623,2,(Per(p=96)+WN(σ=0.1)),[np.str_('+')]
S2,Seasonal,0.08547739196318971,0.19853665434440615,0.0,0.17877991824612283,0.2906436107061644,0.32076531497213934,5,((((RQ(α=1)*Per(p=60))*Per(p=60))*Per(p=730))*RQ(α=0.1)),"[np.str_('*'), np.str_('*'), np.str_('*'), np.str_('*')]"
S3,Stationary,0.10098356365022643,0.02747081519521488,0.0,0.4786604405471939,0.031007331283008033,0.23569172724062726,2,(RBF(l=0.1)*RBF(l=0.1)),[np.str_('*')]
S2,Seasonal,0.20361582275490941,0.19686842864164045,0.0,0.381372436516911,0.26724165205157024,0.24355637833764976,3,((RBF(l=0.1)*Per(p=4))+Const(1)),"[np.str_('*'), np.str_('+')]"
S2,Seasonal,0.2524751432072546,0.5510956663979787,0.0,0.35755915425353,0.6891591746299218,0.38328263791261474,4,(((Per(p=6)*Per(p=30))+Per(p=730))+WN(σ=1)),"[np.str_('*'), np.str_('+'), np.str_('+')]"
S2,Seasonal,0.6037523659039394,0.45210698693920404,0.0,0.7195318929012546,0.6039552974201187,0.4069717073678194,4,(((Per(p=672)+RQ(α=0.1))*Const(1))+Per(p=7)),"[np.str_('+'), np.str_('*'), np.str_('+')]"
S2,Seasonal,0.6521389427788845,0.48811343483298963,0.0,0.753805961594691,0.6585519868825722,0.5048280117315702,5,((((Per(p=336)*Per(p=168))*Per(p=60))+RBF(l=1))+Per(p=6)),"[np.str_('*'), np.str_('*'), np.str_('+'), np.str_('+')]"
S2,Seasonal,0.07530113603189248,0.9455815380274112,0.0,0.7829958714041549,0.9988247394577178,0.9806718731897612,1,Per(p=96),['None']
S2,Seasonal,0.31844428682498416,0.3527037267150307,0.0,0.4281613216370266,0.478362717505308,0.33730901536966984,3,((Per(p=4)+WN(σ=1))+RQ(α=0.1)),"[np.str_('+'), np.str_('+')]"
S1,Composite,0.9998729473877743,0.3021707139793266,0.0,0.9999301910506434,0.5143772785001884,0.45066647363826506,5,((((Per(p=672)+Per(p=14))*WN(σ=1))+RQ(α=10))+Lin(σ=0)),"[np.str_('+'), np.str_('*'), np.str_('+'), np.str_('+')]"
S2,Seasonal,0.2059688633185791,0.3869394919203212,0.0,0.39249325187762274,0.6336332401488827,0.7357060543395898,4,(((RQ(α=10)+WN(σ=0.1))*Per(p=14))*Per(p=40)),"[np.str_('+'), np.str_('*'), np.str_('*')]"
S2,Seasonal,0.10219017993647994,0.13660686399771482,0.0,0.40671777361300643,0.22522120363111653,0.36245125046731663,4,(((RBF(l=0.1)*RQ(α=0.1))*Per(p=6))*Per(p=30)),"[np.str_('*'), np.str_('*'), np.str_('*')]"
S2,Seasonal,0.0,0.9986271187385936,0.0,0.1773237940804978,0.9997920917028307,0.8483772708609914,1,Per(p=52),['None']
S2,Seasonal,0.05453440017988709,0.6339887041747312,0.0,0.0,0.08263321007865232,0.0,5,((((RQ(α=1)+RQ(α=0.1))*Per(p=40))+Per(p=730))*Per(p=168)),"[np.str_('+'), np.str_('*'), np.str_('+'), np.str_('*')]"
S4,Trending,0.0,0.31822938304641357,0.0,0.005978692996010837,0.7782194661158954,0.713775780308463,2,(Lin(σ=0)*RQ(α=1)),[np.str_('*')]
S1,Composite,0.1722955990072783,0.6033882838152949,0.0,0.2961447295229881,0.8359829008162198,0.6422155501540184,4,(((Lin(σ=1)+RBF(l=1))+RQ(α=0.1))*Per(p=26)),"[np.str_('+'), np.str_('+'), np.str_('*')]"
S2,Seasonal,0.002160067730434867,0.6787404094116166,0.0,0.005128913232905985,0.7625061923410351,0.3205828310049301,2,(Per(p=52)+WN(σ=0.1)),[np.str_('+')]
S2,Seasonal,0.9978200597330088,0.023115187690567307,0.0,0.99970357625939,0.09947046573992702,0.870219656280867,2,(Per(p=365)*Per(p=365)),[np.str_('*')]
S2,Seasonal,0.0,0.3611287264320817,0.0,0.012894734178367173,0.4743930404730775,0.4636689848706276,4,(((Per(p=7)*Const(1))*Per(p=30))+Per(p=26)),"[np.str_('*'), np.str_('*'), np.str_('+')]"
S2,Seasonal,0.05191174241695551,0.6620260168661825,0.0,0.1963892518586372,0.7379540068431707,0.28880015784295565,2,(WN(σ=1)+Per(p=6)),[np.str_('+')]
S1,Composite,0.013305546503731058,0.191073930427879,0.0,0.02561828477289596,0.405656180534113,0.4010356039383649,5,((((Per(p=672)+Per(p=365))*RBF(l=0.1))*Lin(σ=10))*RQ(α=10)),"[np.str_('+'), np.str_('*'), np.str_('*'), np.str_('*')]"
S1,Composite,0.9998946160212014,0.16941305584697464,0.0,0.9999661484602062,0.4103147197096618,0.6789735353192291,3,((Per(p=730)+RQ(α=10))+Lin(σ=1)),"[np.str_('+'), np.str_('+')]"
S3,Stationary,0.0836372284048984,0.23030212015211082,0.0,0.2132249084118233,0.3432860378191084,0.3630446233758242,1,WN(σ=0.1),['None']
S2,Seasonal,0.08292715808702755,0.9999909978477268,0.0,0.17312790298651948,0.9999938218113061,0.3140057589470312,1,Per(p=10),['None']
S1,Composite,0.9999518952540376,0.9999981311256255,0.0,0.9999630791160309,0.9999985662480755,0.232777042084371,5,((((Lin(σ=10)+WN(σ=0.1))+WN(σ=0.1))+Const(1))*Per(p=7)),"[np.str_('+'), np.str_('+'), np.str_('+'), np.str_('*')]"
S2,Seasonal,0.05543972695438548,0.4478651477789589,0.0,0.13001867943268341,0.6691795389730737,0.5541020852671663,3,((RBF(l=1)*Per(p=30))+Per(p=48)),"[np.str_('*'), np.str_('+')]"
S2,Seasonal,0.0011691534802976689,0.74162644707471,0.0,0.05451198383060707,0.7882155406978788,0.4370887906795853,3,((Const(1)+Per(p=12))*Per(p=40)),"[np.str_('+'), np.str_('*')]"
S2,Seasonal,0.11974524257088315,0.2687064336171553,0.0,0.1711743750880349,0.44183689386023584,0.411289561696635,4,(((WN(σ=1)+Per(p=12))*Per(p=24))*Per(p=12)),"[np.str_('+'), np.str_('*'), np.str_('*')]"
S2,Seasonal,0.07894610106157196,0.9999881881260868,0.0,0.1991851067727456,0.9999919013756468,0.3141843166630034,1,Per(p=12),['None']
S2,Seasonal,0.22669270003980602,0.2303824303528863,0.0,0.4615031612283602,0.4989364934246068,0.7429385469486596,3,((Per(p=336)+Per(p=40))*RQ(α=10)),"[np.str_('+'), np.str_('*')]"
S2,Seasonal,0.8790349897968796,0.8845344415026467,0.0,0.9042296722570835,0.9171774402006426,0.31525500594660094,5,((((WN(σ=0.1)+Per(p=4))+Per(p=60))+Const(1))*Const(1)),"[np.str_('+'), np.str_('+'), np.str_('+'), np.str_('*')]"
S2,Seasonal,0.0370762005196531,0.8277303469751636,0.0,0.06331922522749045,0.863569024503945,0.337978863620256,3,((Per(p=30)+Per(p=14))*Per(p=14)),"[np.str_('+'), np.str_('*')]"
S2,Seasonal,0.5966463611477018,0.4491098405708608,0.0,0.6968164737313782,0.6175120383786306,0.480799878139208,5,((((RQ(α=1)*RBF(l=10))*Per(p=14))+Per(p=7))+Per(p=96)),"[np.str_('*'), np.str_('*'), np.str_('+'), np.str_('+')]"
S2,Seasonal,0.07985724643391823,0.2745662727068784,0.0,0.1909491038404303,0.509656271018295,0.5986351487817485,3,((RBF(l=1)*Per(p=30))*Per(p=40)),"[np.str_('*'), np.str_('*')]"
S1,Composite,0.9999778725443735,0.5273518566463815,0.0,0.9999905378808372,0.7877443535964564,0.5730599165074263,5,((((Per(p=14)*Per(p=6))+Per(p=365))*Per(p=4))+Lin(σ=10)),"[np.str_('*'), np.str_('+'), np.str_('*'), np.str_('+')]"
S2,Seasonal,0.011362443937755762,0.4481217104977687,0.0,0.02450644168863847,0.025113624805619628,0.0,4,(((RBF(l=1)*Per(p=26))*Per(p=4))*Per(p=96)),"[np.str_('*'), np.str_('*'), np.str_('*')]"
S2,Seasonal,0.08184143951264522,0.9999522630544093,0.0,0.3338750082352754,0.9999714379490027,0.40179746739582944,1,Per(p=4),['None']
S2,Seasonal,0.05839283873805112,0.4090017138659042,0.0,0.06992930716863044,0.6444979391340719,0.5085721344392505,5,((((Per(p=7)+Per(p=60))*Per(p=26))+WN(σ=0.1))*Per(p=26)),"[np.str_('+'), np.str_('*'), np.str_('+'), np.str_('*')]"
S2,Seasonal,0.3057059531597902,0.41906393376647466,0.0,0.3287914111241632,0.5324283518029741,0.31893872406979784,5,((((WN(σ=1)+Per(p=52))+WN(σ=1))+Per(p=12))+Per(p=48)),"[np.str_('+'), np.str_('+'), np.str_('+'), np.str_('+')]"
S2,Seasonal,0.7258921244960692,0.18913852844787438,0.0,0.8935889795371498,0.32645171801794903,0.7035209991394891,3,((Per(p=365)+Per(p=40))*Per(p=40)),"[np.str_('+'), np.str_('*')]"
S4,Trending,0.9998892009961927,0.34144287191804634,0.0,0.9999637512715452,0.6166107394803773,0.6730404482979926,3,((Lin(σ=1)+RQ(α=1))+Lin(σ=1)),"[np.str_('+'), np.str_('+')]"
S1,Composite,0.9999715076030207,0.27814985848548257,0.0,0.9999784906321572,0.3629933947489815,0.2455490139895432,5,((((Per(p=672)*RBF(l=1))+RQ(α=0.1))*RBF(l=0.1))+Lin(σ=0)),"[np.str_('*'), np.str_('+'), np.str_('*'), np.str_('+')]"
S2,Seasonal,0.5312553138040363,0.35679976981660677,0.0,0.5991600767300033,0.4888531895130104,0.3842133620661101,5,((((Per(p=96)*RBF(l=0.1))+Per(p=4))+RQ(α=10))+RQ(α=1)),"[np.str_('*'), np.str_('+'), np.str_('+'), np.str_('+')]"
S4,Trending,0.9999999998684332,0.14822214147677726,0.0,0.9999999999185017,0.23367809222631686,0.3805553314809865,1,Lin(σ=10),['None']
S2,Seasonal,0.08175018635531472,0.9999864353785952,0.0,0.11080031330788587,0.9999907745320121,0.3196160032004277,1,Per(p=12),['None']
S2,Seasonal,0.11844822894564488,0.47385444232834517,0.0,0.3864989940103145,0.7432373185177726,0.5503151956826158,2,(Per(p=26)*Per(p=30)),[np.str_('*')]
S1,Composite,0.9997484046823797,0.0,0.0,0.9999764698488711,0.7394260498157419,0.9076019631276323,4,(((Lin(σ=10)*Const(1))+RBF(l=1))*Per(p=730)),"[np.str_('*'), np.str_('+'), np.str_('*')]"
S1,Composite,0.9998280468732899,0.8275222116142528,0.0,0.9998914949578138,0.8751363846642619,0.3691481142243097,5,((((Per(p=7)+Per(p=7))*Per(p=730))+Lin(σ=1))+Per(p=6)),"[np.str_('+'), np.str_('*'), np.str_('+'), np.str_('+')]"
S4,Trending,0.9999907638259014,0.5946551467092113,0.0,0.9999612603564786,0.0,0.0,2,(RBF(l=10)+Lin(σ=10)),[np.str_('+')]
S2,Seasonal,0.0,0.5729828913437449,0.0,0.0,0.751032646329836,0.5080661219319889,2,(Per(p=10)*Per(p=96)),[np.str_('*')]
S1,Composite,0.07702284721660724,0.15159519289390289,0.0,0.3989937600419673,0.2386199018429198,0.3933684691855349,5,((((RBF(l=0.1)*Per(p=24))*RBF(l=10))*Per(p=48))*Lin(σ=0)),"[np.str_('*'), np.str_('*'), np.str_('*'), np.str_('*')]"
S2,Seasonal,0.8004589356502857,0.9240251612208915,0.0,0.013472498407680611,0.2754201839108741,0.0,4,(((RQ(α=10)+Per(p=730))*Per(p=336))+Per(p=672)),"[np.str_('+'), np.str_('*'), np.str_('+')]"
S2,Seasonal,0.229043107959349,0.45526673162370257,0.0,0.6650227192203627,0.828078410307889,0.8419724745517772,2,(Per(p=12)+RBF(l=10)),[np.str_('+')]
S2,Seasonal,0.9998316709181355,0.13099697108685304,0.0,0.9999840344533607,0.5581675420998613,0.9061733840847778,1,Per(p=672),['None']
S2,Seasonal,0.6087889176099521,0.7495351166111079,0.0,0.4543711753556572,0.8611755257538752,0.5216857513523503,2,(Per(p=48)*Per(p=48)),[np.str_('*')]
S2,Seasonal,0.23424081568178623,0.4418281892690319,0.0,0.38594565801668035,0.7127307689927614,0.6389531150305711,3,((Per(p=26)+RQ(α=10))+RQ(α=0.1)),"[np.str_('+'), np.str_('+')]"
S2,Seasonal,0.8980247558253672,0.6653574499203525,0.0,0.8963722886713469,0.6654290014359079,0.0009084270360206759,3,((Per(p=4)+Per(p=60))*Const(1)),"[np.str_('+'), np.str_('*')]"
S4,Trending,0.9999999998773583,0.15023680327696964,0.0,0.9999999999229542,0.25757109666189903,0.3717824391938215,1,Lin(σ=0),['None']
S1,Composite,0.10109301531080539,0.16213495534988798,0.0,0.21528967341560457,0.5843941288320376,0.6453277188705837,5,((((Lin(σ=10)*Per(p=30))*Per(p=7))*Per(p=96))*Per(p=730)),"[np.str_('*'), np.str_('*'), np.str_('*'), np.str_('*')]"
S2,Seasonal,0.05589129713899632,0.999983245923356,0.0,0.09785176380755922,0.999988735163374,0.327702257232122,1,Per(p=24),['None']
S2,Seasonal,0.0,0.8026327675890256,0.0,0.05411177128624256,0.8049260271804775,0.05149516830539391,2,(Per(p=12)*Per(p=48)),[np.str_('*')]
S2,Seasonal,0.3071207558515944,0.34325572720766173,0.0,0.4306124070153946,0.5470499362961192,0.5360978645790005,5,((((Per(p=12)*RQ(α=1))*Per(p=24))+Per(p=14))+Per(p=52)),"[np.str_('*'), np.str_('*'), np.str_('+'), np.str_('+')]"
S2,Seasonal,0.06807184289210821,0.9999912074161186,0.0,0.18171672446293197,0.9999942120207231,0.34189331729971917,2,(Const(1)*Per(p=14)),[np.str_('*')]
S2,Seasonal,0.10985607853339663,0.33945103543196564,0.0,0.24609427095818448,0.6730532721722828,0.7409372815524502,3,((WN(σ=0.1)+Per(p=12))*Per(p=40)),"[np.str_('+'), np.str_('*')]"
S2,Seasonal,0.824139313827855,0.3015756732276723,0.0,0.919958193042073,0.5404726243832279,0.6298538103331569,3,((Per(p=672)+Per(p=48))+RQ(α=1)),"[np.str_('+'), np.str_('+')]"
S1,Composite,0.0,0.09010016192755044,0.0,0.2509697388708704,0.2462948974563428,0.3969514978077946,5,((((Per(p=7)*Lin(σ=0))+Per(p=10))*RQ(α=0.1))*Lin(σ=1)),"[np.str_('*'), np.str_('+'), np.str_('*'), np.str_('*')]"
S2,Seasonal,0.0,0.9481474622921037,0.0,0.3314905615518614,0.991251852019018,0.840539686542495,1,Per(p=60),['None']
S1,Composite,0.021156669201030986,0.18710998968197745,0.0,0.1418414408274299,0.6453963987608549,0.5860542899843177,5,((((Lin(σ=0)+Per(p=4))*RQ(α=1))*Per(p=14))+RQ(α=10)),"[np.str_('+'), np.str_('*'), np.str_('*'), np.str_('+')]"
S2,Seasonal,0.5467970569794929,0.4879065801731395,0.0,0.6487686286500529,0.5776498828002736,0.33208499707313166,5,((((Per(p=672)+RBF(l=0.1))*Per(p=24))+Per(p=672))+Per(p=24)),"[np.str_('+'), np.str_('*'), np.str_('+'), np.str_('+')]"
S2,Seasonal,0.15991018261392975,0.3646428791634656,0.0,0.07571644168522607,0.5060682129543742,0.4163932986346618,1,Per(p=7),['None']
S2,Seasonal,0.36081501862790344,0.1716936064329444,0.0,0.511570917749834,0.5626148274727019,0.7459157556673982,3,((Per(p=24)*Per(p=14))*Per(p=730)),"[np.str_('*'), np.str_('*')]"
S2,Seasonal,0.17139442980227282,0.14565648747660276,0.0,0.4116441062116536,0.21611233946028618,0.31150227380535755,5,((((Per(p=7)+Per(p=336))*RBF(l=10))*WN(σ=1))*WN(σ=0.1)),"[np.str_('+'), np.str_('*'), np.str_('*'), np.str_('*')]"
S2,Seasonal,0.026378054377980575,0.39637538407074024,0.0,0.010430280643987322,0.5278461668485317,0.3537435746934008,2,(RBF(l=0.1)+Per(p=168)),[np.str_('+')]
S1,Composite,0.999994059293666,0.9976293838869159,0.0,0.9999994027538676,0.9997604899869005,0.8994651379308625,2,(Lin(σ=0)+Per(p=48)),[np.str_('+')]
S2,Seasonal,0.40403715422247466,0.38517062625558185,0.0,0.7083880223444856,0.7683729684071445,0.792557813808185,2,(Per(p=60)*Per(p=336)),[np.str_('*')]
S2,Seasonal,0.6796581327258253,0.8801386475021455,0.0,0.8785302226415671,0.9793244910608887,0.8391745313294099,5,((((Const(1)+Per(p=365))*Per(p=48))+Per(p=96))*Const(1)),"[np.str_('+'), np.str_('*'), np.str_('+'), np.str_('*')]"
S2,Seasonal,0.015051392846694212,0.4302786520793559,0.0,0.013968130815194657,0.5282889707710455,0.33739414939989454,3,((RBF(l=0.1)+WN(σ=1))+Per(p=52)),"[np.str_('+'), np.str_('+')]"
S2,Seasonal,0.0689118669055615,0.28486191882062073,0.0,0.09369264439262448,0.311419579592903,0.2240963843057152,3,((RBF(l=0.1)+Per(p=48))*RQ(α=0.1)),"[np.str_('+'), np.str_('*')]"
S1,Composite,0.9998212462605092,0.18434258521043556,0.0,0.9999439089209927,0.41790094986395476,0.6865135919828428,4,(((Per(p=14)*RBF(l=1))+RBF(l=10))+Lin(σ=0)),"[np.str_('*'), np.str_('+'), np.str_('+')]"
S1,Composite,0.03418084133793653,0.5449158533561403,0.0,0.16546382840916807,0.7121063991802454,0.4912273770555833,5,((((Lin(σ=0)*Per(p=10))*Per(p=6))*Per(p=24))+Per(p=52)),"[np.str_('*'), np.str_('*'), np.str_('*'), np.str_('+')]"
S2,Seasonal,0.6468991118197036,0.5673664821497487,0.0,0.6956045657753478,0.6935324597617953,0.262234173237209,3,((Per(p=48)*Per(p=7))+Per(p=672)),"[np.str_('*'), np.str_('+')]"
S2,Seasonal,0.0007933411176808125,0.9961153865045925,0.0,0.027857129634942357,0.987199212704703,0.0,1,Per(p=168),['None']
S2,Seasonal,0.8309858313354115,0.5562534123299039,0.0,0.8283037083840841,0.5530940161195577,0.0,5,((((Per(p=24)*Per(p=4))+Per(p=6))+WN(σ=0.1))+Per(p=48)),"[np.str_('*'), np.str_('+'), np.str_('+'), np.str_('+')]"
S1,Composite,0.9978549458091072,0.8362340873162852,0.0,0.9986585410629276,0.8868719896410455,0.3751440310313464,4,(((Per(p=40)+Lin(σ=0))+WN(σ=0.1))+Lin(σ=0)),"[np.str_('+'), np.str_('+'), np.str_('+')]"
S4,Trending,0.9999999997133593,0.13328604807510913,0.0,0.9999999998374274,0.26442244088273037,0.43283597133743235,1,Lin(σ=0),['None']
S3,Stationary,0.4147397264269741,0.33969444279653027,0.0,0.8317189647879604,0.8581047451340404,0.8885267865977651,1,RQ(α=10),['None']
S1,Composite,0.9992031982373707,0.6278741141845265,0.0,0.9995158061146899,0.7492376453510621,0.3914921817755288,4,(((RQ(α=0.1)+Lin(σ=1))+Per(p=40))+Per(p=40)),"[np.str_('+'), np.str_('+'), np.str_('+')]"
S1,Composite,0.9225063309488585,0.8401087788252698,0.0,0.96116671891737,0.9056493511876345,0.5170471854773047,4,(((Per(p=12)+Lin(σ=1))+Per(p=60))*Per(p=6)),"[np.str_('+'), np.str_('+'), np.str_('*')]"
S2,Seasonal,0.04896570461194938,0.9999907612627421,0.0,0.06274751394274503,0.9999932790048622,0.2726340993895304,1,Per(p=24),['None']
S2,Seasonal,0.01613196040668108,0.3442431249977832,0.0,0.02771667098863906,0.4150164353639292,0.22504784337358996,3,((Per(p=26)*Per(p=4))*Per(p=14)),"[np.str_('*'), np.str_('*')]"
S2,Seasonal,0.17845022450074954,0.6395953271322435,0.0,0.19980194855843825,0.672235546905029,0.13410414126165582,4,(((Per(p=7)*Per(p=6))*Const(1))*Per(p=672)),"[np.str_('*'), np.str_('*'), np.str_('*')]"
S2,Seasonal,0.1369022151380629,0.23509560814966657,0.0,0.1614907671127065,0.371021356783825,0.5119717751690074,2,(RBF(l=1)*Per(p=336)),[np.str_('*')]
S2,Seasonal,0.18096231940086327,0.3597288123669403,0.0,0.2852988098226673,0.4246274453731689,0.38544332633523926,4,(((RQ(α=1)+Per(p=40))*RBF(l=1))*RQ(α=10)),"[np.str_('+'), np.str_('*'), np.str_('*')]"
S2,Seasonal,0.13908937551439415,0.31332177519029436,0.0,0.4330125539379107,0.6924606273372467,0.6993949265356905,3,((Per(p=365)*Per(p=48))*Per(p=730)),"[np.str_('*'), np.str_('*')]"
S2,Seasonal,0.07250912037846058,0.1381770992728374,0.0,0.34837392993586513,0.19903068600787288,0.28327200158057786,5,((((Per(p=30)+Per(p=52))*RBF(l=0.1))+Per(p=7))*WN(σ=0.1)),"[np.str_('+'), np.str_('*'), np.str_('+'), np.str_('*')]"
S4,Trending,0.9999999995431834,0.110415269273484,0.0,0.9999999997050666,0.1938916497279416,0.3543734620509901,1,Lin(σ=10),['None']
S2,Seasonal,0.002939123502343377,0.23326280427473434,0.0,0.004800337964653623,0.4922441321014729,0.3815964456412442,5,((((Per(p=672)*Per(p=730))*RBF(l=0.1))*Per(p=10))*RQ(α=10)),"[np.str_('*'), np.str_('*'), np.str_('*'), np.str_('*')]"
S2,Seasonal,0.9147180400495664,0.9413833548206794,0.0,0.9690257912489878,0.9819486985998944,0.7029744544328591,3,((Per(p=4)+RQ(α=10))+Per(p=52)),"[np.str_('+'), np.str_('+')]"
S3,Stationary,0.14343931290202783,0.13382008734214645,0.0,0.4733502574507197,0.17150028586275334,0.23714126758680265,1,WN(σ=0.1),['None']
S1,Composite,0.048217803749244115,0.07197426962833198,0.0,0.4082468866584641,0.10736469286530681,0.35305167426144435,4,(((Per(p=336)*Lin(σ=1))*RQ(α=0.1))+Per(p=60)),"[np.str_('*'), np.str_('*'), np.str_('+')]"
S4,Trending,0.9999999244838959,0.1542900392245885,0.0,0.9999999475456335,0.26203446886192283,0.3054259464321888,2,(Lin(σ=1)*Const(1)),[np.str_('*')]
S1,Composite,0.9999047565365412,0.9999943238598352,0.0,0.9999047804128373,0.9999943262011444,0.00041465208116431285,4,(((Lin(σ=10)*Per(p=6))+Per(p=4))+Per(p=168)),"[np.str_('*'), np.str_('+'), np.str_('+')]"
S2,Seasonal,0.04737840588527287,0.9999933066932132,0.0,0.06384836408056416,0.9999955014646597,0.3278334059432938,2,(Per(p=12)*Per(p=24)),[np.str_('*')]
S2,Seasonal,0.16501808212335445,0.1594496956009549,0.0,0.43939105154228675,0.24034100464140384,0.3399500158406894,4,(((RQ(α=1)*Per(p=30))*WN(σ=1))*Per(p=730)),"[np.str_('*'), np.str_('*'), np.str_('*')]"
S2,Seasonal,0.11542792167017912,0.7124796091811509,0.0,0.12582557519559778,0.8737226564900669,0.3329065095520164,2,(RBF(l=10)+Per(p=168)),[np.str_('+')]
S2,Seasonal,0.003583768676959531,0.8009588633873762,0.0,0.01598990164272407,0.7661858959425312,0.0,4,(((Per(p=48)+WN(σ=0.1))+RQ(α=10))+RQ(α=1)),"[np.str_('+'), np.str_('+'), np.str_('+')]"
S2,Seasonal,0.0,0.6512241254244968,0.0,0.0,0.6499436357016377,0.0,2,(Per(p=7)+Per(p=10)),[np.str_('+')]
S2,Seasonal,0.0827019773225035,0.23539555740087392,0.0,0.15888896064386693,0.41645836313450335,0.5757003033782759,3,((Per(p=30)*Per(p=26))*RBF(l=1)),"[np.str_('*'), np.str_('*')]"
S3,Stationary,0.1355776118743489,0.19595464149064057,0.0,0.317488754131232,0.26977555442415724,0.275759466012628,1,Const(1),['None']
S1,Composite,0.9998738032169237,0.809995924043875,0.0,0.9998541759189156,0.6749807865941255,0.0,3,((Per(p=168)+Lin(σ=1))+Per(p=672)),"[np.str_('+'), np.str_('+')]"
S2,Seasonal,0.03322587745650496,0.9999865272639177,0.0,0.042948942249965816,0.9999912963691757,0.35369932614603905,1,Per(p=30),['None']
S2,Seasonal,0.15081432669847294,0.22090702350601443,0.0,0.27029965393298916,0.5652447443359456,0.7218212323443574,2,(Per(p=30)*RQ(α=10)),[np.str_('*')]
S3,Stationary,0.1964215567883677,0.10386780104485105,0.0,0.43963128930517503,0.17861541844730178,0.32650109917800196,1,RBF(l=0.1),['None']
S2,Seasonal,0.51810974088039,0.4673473774482092,0.0,0.6191547591839828,0.6329351041406832,0.4742059856853781,5,((((Per(p=96)*RQ(α=1))*Per(p=30))+Per(p=24))+Per(p=6)),"[np.str_('*'), np.str_('*'), np.str_('+'), np.str_('+')]"
S2,Seasonal,0.10475342585514014,0.03253753768185064,0.0,0.4671600662005654,0.04739400610008071,0.22618412740753158,4,(((Per(p=48)*RBF(l=10))*Per(p=52))*RBF(l=0.1)),"[np.str_('*'), np.str_('*'), np.str_('*')]"
S2,Seasonal,0.02276287188290993,0.4289042237309161,0.0,0.037097323921848724,0.5959597055855839,0.5073704669020644,3,((Per(p=10)*Per(p=60))+RQ(α=0.1)),"[np.str_('*'), np.str_('+')]"
S2,Seasonal,0.9536029906256612,0.9659472120692933,0.0,0.9949677691795532,0.9969295329621883,0.9135062897947975,4,(((Per(p=60)*Per(p=168))+Per(p=10))+Per(p=672)),"[np.str_('*'), np.str_('+'), np.str_('+')]"
S2,Seasonal,0.0804075102914763,0.9731126803291668,0.0,0.165306119434099,0.9893286046496071,0.6406270766866982,1,Per(p=60),['None']
S2,Seasonal,0.19337933589844458,0.3881297559538335,0.0,0.4222733471731319,0.9237856500551676,0.85149250861029,3,((Per(p=52)+WN(σ=0.1))+Per(p=336)),"[np.str_('+'), np.str_('+')]"
S2,Seasonal,0.05699463688530759,0.2511570022879377,0.0,0.2807990329258132,0.8624246770131604,0.7420126853735938,2,(Per(p=52)+Per(p=336)),[np.str_('+')]
S2,Seasonal,0.6777487144730235,0.7855814495426507,0.0,0.6778982943780553,0.7855471879786337,0.0,1,Per(p=6),['None']
S2,Seasonal,0.6481188652312584,0.6749678545345147,0.0,0.894687036898406,0.930204802506218,0.8296309205841043,3,((RBF(l=10)*Per(p=14))+Per(p=6)),"[np.str_('*'), np.str_('+')]"
S1,Composite,0.9994285659015943,0.8068368106810268,0.0,0.9986366254867207,0.7775988160741071,0.0,4,(((Lin(σ=0)+Lin(σ=0))+Const(1))+Per(p=730)),"[np.str_('+'), np.str_('+'), np.str_('+')]"
S4,Trending,0.9999789671664265,0.0,0.0,0.9999795688348296,0.0,0.028230753587745627,1,Lin(σ=0),['None']
S2,Seasonal,0.11680703320718744,0.4458084927753819,0.0,0.22934200940773453,0.5406715088771199,0.3018167949911532,4,(((RBF(l=0.1)+Per(p=24))+Per(p=7))+Per(p=96)),"[np.str_('+'), np.str_('+'), np.str_('+')]"
S2,Seasonal,0.00888362958461364,0.6015335477075334,0.0,0.057040309353927454,0.300956722447835,0.0,4,(((Per(p=10)*Per(p=365))*Per(p=60))*Per(p=365)),"[np.str_('*'), np.str_('*'), np.str_('*')]"
S1,Composite,0.9999249184324458,0.03271776632147072,0.0,0.9999997980467508,0.23758991161035803,0.9973494850848426,3,((Per(p=168)+Lin(σ=0))*Per(p=672)),"[np.str_('+'), np.str_('*')]"
S1,Composite,0.3618470549681081,0.5452749779334891,0.0,0.4427714437371305,0.8506017810894082,0.698523675566194,3,((Lin(σ=10)*Per(p=10))+RQ(α=0.1)),"[np.str_('*'), np.str_('+')]"
S2,Seasonal,0.13012373618101392,0.999988396430646,0.0,0.330114629726005,0.9999923759693804,0.34294580055999735,1,Per(p=4),['None']
S2,Seasonal,0.8861392738540943,0.8228846582653107,0.0,0.9033393237671394,0.8552693942387156,0.21131028035525934,5,((((Per(p=52)*Per(p=60))+Per(p=4))*Per(p=48))+Per(p=40)),"[np.str_('*'), np.str_('+'), np.str_('*'), np.str_('+')]"
S2,Seasonal,0.02283702655768627,0.9999916963357313,0.0,0.051883327069421004,0.9999947370222041,0.36602778263228986,2,(Per(p=30)*Const(1)),[np.str_('*')]
S3,Stationary,0.16399246607517715,0.18389060335405127,0.0,0.3259318074888303,0.4393742114013607,0.7582899681721162,1,RQ(α=10),['None']
S3,Stationary,0.18369360887143948,0.3156729099249561,0.0,0.4368446654984355,0.5511364912496652,0.6594747940897103,1,RQ(α=1),['None']
S1,Composite,0.9999999990597194,0.9999957685453594,0.0,0.9999999993509477,0.9999970794090428,0.30972488945698173,2,(Lin(σ=10)+Per(p=26)),[np.str_('+')]
S1,Composite,0.9999911695236072,0.8096172476434493,0.0,0.9999956213937636,0.8958936647696543,0.5043181603208874,5,((((Per(p=168)+RQ(α=10))*Per(p=14))+Per(p=4))+Lin(σ=10)),"[np.str_('+'), np.str_('*'), np.str_('+'), np.str_('+')]"
S2,Seasonal,0.8831122176979804,0.8489477405163586,0.0,0.9138218511111681,0.8904519387974918,0.30206383765648326,4,(((WN(σ=0.1)+Per(p=6))+Const(1))+Per(p=336)),"[np.str_('+'), np.str_('+'), np.str_('+')]"
S2,Seasonal,0.03188430368854345,0.4304254157716283,0.0,0.1562712103250119,0.7151129714005551,0.6502725289011215,2,(Per(p=52)*Per(p=30)),[np.str_('*')]
S2,Seasonal,0.2445982952142831,0.44762655977555044,0.0,0.18337477328307217,0.6398225026453188,0.49777934571628757,2,(Per(p=48)+WN(σ=0.1)),[np.str_('+')]
S1,Composite,0.07359771798106662,0.1198541438080638,0.0,0.22115104178697786,0.2869931148672691,0.37902737535851483,4,(((Per(p=52)+Lin(σ=0))*Per(p=168))*WN(σ=1)),"[np.str_('+'), np.str_('*'), np.str_('*')]"
S2,Seasonal,0.0892685090064993,0.2636430107269023,0.0,0.18162055257326215,0.37771437635138827,0.4299964882548888,5,((((Per(p=7)+RQ(α=1))*RQ(α=1))+RBF(l=0.1))*Per(p=10)),"[np.str_('+'), np.str_('*'), np.str_('+'), np.str_('*')]"
S2,Seasonal,0.04151267155828564,0.45810450579188233,0.0,0.03793397720147529,0.06904152051985513,0.0,4,(((Per(p=60)*Per(p=365))+Per(p=48))+RBF(l=10)),"[np.str_('*'), np.str_('+'), np.str_('+')]"
S2,Seasonal,0.0,0.40640607781288896,0.0,0.0346960327225776,0.5997353186535883,0.4948893961440858,5,((((RQ(α=0.1)*Per(p=672))+Per(p=10))+RQ(α=1))+Per(p=96)),"[np.str_('*'), np.str_('+'), np.str_('+'), np.str_('+')]"
S2,Seasonal,0.08322971118129052,0.9999607814389091,0.0,0.23055283079122701,0.9999711489062468,0.26451951807640883,1,Per(p=7),['None']
S2,Seasonal,0.00541381209601044,0.9915622794968071,0.0,0.07105086463544319,0.9972908001370077,0.6782527999500396,1,Per(p=52),['None']
S2,Seasonal,0.29702662457679496,0.7905092024627046,0.0,0.352446057254745,0.857436415688334,0.45145059262800136,2,(Per(p=48)*Per(p=40)),[np.str_('*')]
S2,Seasonal,0.41833520021142734,0.777285079361452,0.0,0.5651459507607672,0.8884477292188351,0.5618702912987903,4,(((Per(p=672)*Per(p=336))*RQ(α=1))+Per(p=6)),"[np.str_('*'), np.str_('*'), np.str_('+')]"
S1,Composite,0.10072722510411136,0.11417432660112381,0.0,0.4658928391975098,0.14546018323293708,0.2690505397301599,5,((((Lin(σ=1)*WN(σ=1))*Per(p=365))+RQ(α=1))+Per(p=365)),"[np.str_('*'), np.str_('*'), np.str_('+'), np.str_('+')]"
S2,Seasonal,0.9525572728256323,0.9725408280425374,0.0,0.9967454485574846,0.9984160208884321,0.9453487287420319,2,(Per(p=12)+RBF(l=10)),[np.str_('+')]
S2,Seasonal,0.13714614931638813,0.08758833672973754,0.0,0.332246519374676,0.51784315880239,0.7644582142255211,2,(Per(p=672)*RQ(α=10)),[np.str_('*')]
S2,Seasonal,0.042891789784773926,0.561289123550993,0.0,0.10463708620543832,0.6647737059081322,0.30877566699647285,4,(((Per(p=4)*WN(σ=1))*Per(p=365))+Per(p=24)),"[np.str_('*'), np.str_('*'), np.str_('+')]"
S1,Composite,0.9635821498461968,0.9547291199169197,0.0,0.8802587588512052,0.8904367007482605,0.0,4,(((WN(σ=1)+Per(p=30))+Lin(σ=0))*Per(p=168)),"[np.str_('+'), np.str_('+'), np.str_('*')]"
S3,Stationary,0.08574933082776004,0.3012127404226681,0.0,0.17638792965797456,0.4965874809221551,0.626108784194592,1,RBF(l=1),['None']
S2,Seasonal,0.10672215672259744,0.17738627263067996,0.0,0.28134154509245335,0.38711724550514925,0.5762204526738945,3,((RQ(α=1)*Per(p=168))+RQ(α=0.1)),"[np.str_('*'), np.str_('+')]"
S2,Seasonal,0.004666202405997244,0.4968226524387571,0.0,0.0,0.06033307490808948,0.0,2,(Per(p=336)+WN(σ=1)),[np.str_('+')]
S2,Seasonal,0.07124663949549004,0.23245594295862038,0.0,0.21760325407005865,0.3518812613267349,0.36122626901737975,5,((((RQ(α=0.1)*RBF(l=1))*RQ(α=10))*RBF(l=10))*Per(p=365)),"[np.str_('*'), np.str_('*'), np.str_('*'), np.str_('*')]"
S1,Composite,0.4589199768264093,0.5443090923732266,0.0,0.7074359753035555,0.8040811789011293,0.6460087519549608,5,((((RBF(l=1)+Per(p=24))*Lin(σ=10))+Lin(σ=10))+Per(p=30)),"[np.str_('+'), np.str_('*'), np.str_('+'), np.str_('+')]"
S2,Seasonal,0.1313137077944786,0.2564493780954854,0.0,0.21377038598673848,0.40793998467232473,0.412792022498945,3,((RQ(α=0.1)*RBF(l=10))*Per(p=40)),"[np.str_('*'), np.str_('*')]"
S2,Seasonal,0.0,0.9243234757582693,0.0,0.022446054683852967,0.958001626424426,0.39820320196948467,2,(Per(p=96)+Per(p=26)),[np.str_('+')]
S2,Seasonal,0.5672596737672162,0.9226998807422444,0.0,0.2102060613297222,0.5749303695027638,0.0,5,((((WN(σ=1)*Per(p=7))*Const(1))*Per(p=52))+RBF(l=10)),"[np.str_('*'), np.str_('*'), np.str_('*'), np.str_('+')]"
S1,Composite,0.999999990479119,0.9999501513069887,0.0,0.999999993450103,0.9999657242162492,0.31204534742842516,3,((Per(p=7)+Lin(σ=1))+Lin(σ=10)),"[np.str_('+'), np.str_('+')]"
S1,Composite,0.21502497632850381,0.68760749140845,0.0,0.24066398227548902,0.9069305046419704,0.6243325933424888,5,((((Per(p=672)*RQ(α=10))*Lin(σ=1))+Per(p=60))+RBF(l=10)),"[np.str_('*'), np.str_('*'), np.str_('+'), np.str_('+')]"
S2,Seasonal,0.0473016280461761,0.3235534303167844,0.0,0.5618692411707278,0.8686040679235119,0.8556466366696899,5,((((Per(p=24)+WN(σ=0.1))*Per(p=30))*RQ(α=10))+RQ(α=10)),"[np.str_('+'), np.str_('*'), np.str_('*'), np.str_('+')]"
S2,Seasonal,0.21779369956544115,0.1767516238461847,0.0,0.4660030473472683,0.23799148643869428,0.29451477142489246,4,(((Per(p=365)+Per(p=60))*WN(σ=0.1))*Per(p=48)),"[np.str_('+'), np.str_('*'), np.str_('*')]"
S2,Seasonal,0.09856810146545436,0.9999907882485376,0.0,0.21489023380160754,0.9999933115698989,0.273820920090845,1,Per(p=12),['None']
S2,Seasonal,0.039120236817559495,0.2553033211816341,0.0,0.06588036645746975,0.466030617074792,0.4806379884605192,5,((((RBF(l=0.1)+WN(σ=0.1))*Per(p=60))+Per(p=60))*RQ(α=1)),"[np.str_('+'), np.str_('*'), np.str_('+'), np.str_('*')]"
S2,Seasonal,0.9155078400642106,0.11631563536303191,0.0,0.9557708174895995,0.25898099450642187,0.5795732759777181,3,((Per(p=168)*RBF(l=10))+Per(p=365)),"[np.str_('*'), np.str_('+')]"
S2,Seasonal,0.1876542321436121,0.9999535476960019,0.0,0.3822277890443908,0.9999680581190113,0.3124008799028789,1,Per(p=4),['None']
S1,Composite,0.9994443247317818,0.6752695093875136,0.0,0.9996095613869295,0.752805789112563,0.29696056842641894,4,(((Const(1)+RBF(l=0.1))+Per(p=24))+Lin(σ=1)),"[np.str_('+'), np.str_('+'), np.str_('+')]"
S1,Composite,0.0,0.18425965113100318,0.0,0.11206457175729856,0.5341763637094024,0.5946146581689057,4,(((Lin(σ=10)*RBF(l=10))*Per(p=26))*Per(p=48)),"[np.str_('*'), np.str_('*'), np.str_('*')]"
S1,Composite,0.9999999804577505,0.9999999988533257,0.0,0.9999999887736447,0.9999999993412683,0.4255279023046795,2,(Per(p=14)*Lin(σ=10)),[np.str_('*')]
S2,Seasonal,0.04604035636387904,0.40716791884876957,0.0,0.007568637666811928,0.027564093885952934,0.0,5,((((Per(p=10)+Per(p=60))+RBF(l=10))+RQ(α=1))*RQ(α=10)),"[np.str_('+'), np.str_('+'), np.str_('+'), np.str_('*')]"
S1,Composite,0.6535675267128783,0.9489439218166785,0.0,0.421017712304642,0.7502670485777507,0.0,5,((((Per(p=24)*RBF(l=1))+Per(p=672))*Lin(σ=0))*Per(p=30)),"[np.str_('*'), np.str_('+'), np.str_('*'), np.str_('*')]"
S1,Composite,0.03446986367685201,0.11947675970611304,0.0,0.20739487990953354,0.25590453455590045,0.2581018073344368,5,((((Per(p=168)+RQ(α=10))+WN(σ=1))+Lin(σ=0))*WN(σ=1)),"[np.str_('+'), np.str_('+'), np.str_('+'), np.str_('*')]"
S4,Trending,0.9999999872850759,0.15531158418144786,0.0,0.9999999914935808,0.2383259649397126,0.3309930828580111,1,Lin(σ=1),['None']
S2,Seasonal,0.665018967418787,0.3419671341999644,0.0,0.7200993591969702,0.36467184580492196,0.09481391777355885,5,((((RBF(l=1)*Per(p=336))*Per(p=30))+WN(σ=0.1))+Per(p=4)),"[np.str_('*'), np.str_('*'), np.str_('+'), np.str_('+')]"
S2,Seasonal,0.588729933402935,0.2903327607423607,0.0,0.7334085252868922,0.48132073076691617,0.5088943012910783,3,((Per(p=336)+Per(p=336))+RBF(l=1)),"[np.str_('+'), np.str_('+')]"
S2,Seasonal,0.8457439242687996,0.9130259814932338,0.0,0.9397473857565816,0.9754686549220477,0.735914319223957,4,(((Per(p=52)*Const(1))*Per(p=24))+Per(p=4)),"[np.str_('*'), np.str_('*'), np.str_('+')]"
S2,Seasonal,0.07103458441372545,0.9999953272901418,0.0,0.13990006863957705,0.9999968050363721,0.3162580043426052,1,Per(p=10),['None']
S1,Composite,0.9999051580362611,0.31998836858448865,0.0,0.9999595673639632,0.5758683858870629,0.5738618993212226,5,((((Per(p=12)*RBF(l=1))+Lin(σ=0))+Per(p=52))*Const(1)),"[np.str_('*'), np.str_('+'), np.str_('+'), np.str_('*')]"
S2,Seasonal,0.11527482082320417,0.15464742539676524,0.0,0.29822076083185556,0.2626855617011882,0.3073617250029854,3,((Per(p=96)+Per(p=6))*RQ(α=0.1)),"[np.str_('+'), np.str_('*')]"
S2,Seasonal,0.14368246840052012,0.25097813507700584,0.0,0.206197718531282,0.3363130827110924,0.29026441238035383,5,((((Per(p=6)+WN(σ=1))*Per(p=10))*Per(p=30))*WN(σ=1)),"[np.str_('+'), np.str_('*'), np.str_('*'), np.str_('*')]"
S3,Stationary,0.3197167644907387,0.29467722037887834,0.0,0.6055782645823142,0.6157762483820416,0.7071508236537869,2,(RBF(l=1)+RQ(α=10)),[np.str_('+')]
S1,Composite,0.6721372172219142,0.5318308999596719,0.0,0.9507036762771265,0.897599470908639,0.8851517134571742,4,(((Per(p=96)*Per(p=672))*Per(p=40))+Lin(σ=1)),"[np.str_('*'), np.str_('*'), np.str_('+')]"
S1,Composite,0.7492291628325175,0.9465047601469033,0.0,0.7938590411888164,0.9603729870658888,0.2672235442929939,5,((((Per(p=6)*Per(p=168))+Per(p=12))*Lin(σ=0))+RBF(l=10)),"[np.str_('*'), np.str_('+'), np.str_('*'), np.str_('+')]"
S3,Stationary,0.11751787814637837,0.08085244352235033,0.0,0.4341779841565988,0.10374702415344661,0.21600656728339018,2,(RQ(α=0.1)*WN(σ=1)),[np.str_('*')]
S2,Seasonal,0.4949956199042225,0.2611047253119899,0.0,0.640404591756508,0.43145030417436936,0.5235838886844582,4,(((Per(p=7)*RQ(α=1))+Per(p=4))+RBF(l=1)),"[np.str_('*'), np.str_('+'), np.str_('+')]"
S2,Seasonal,0.8659045276933544,0.9884425073660107,0.0,0.8605288685819438,0.9886160136870724,0.014728161239814241,2,(Per(p=6)+Per(p=26)),[np.str_('+')]
S2,Seasonal,0.03815352005018913,0.2452848933111753,0.0,0.058992421728614075,0.6380235919572441,0.6755822555891964,4,(((Per(p=6)*RQ(α=1))*Per(p=6))+RQ(α=10)),"[np.str_('*'), np.str_('*'), np.str_('+')]"
S1,Composite,0.9999997042123245,0.99865358284822,0.0,0.9999999877432528,0.9999440188036872,0.9585667020881876,4,(((Const(1)*Per(p=168))+Per(p=10))+Lin(σ=1)),"[np.str_('*'), np.str_('+'), np.str_('+')]"
S2,Seasonal,0.30054761530313645,0.31676050404009426,0.0,0.44817517816743235,0.5778837241779756,0.5245700364556897,4,(((Per(p=4)+RBF(l=10))+Per(p=7))*Per(p=24)),"[np.str_('+'), np.str_('+'), np.str_('*')]"
S1,Composite,0.0507122165491678,0.09422857024482956,0.0,0.13500977684059046,0.3246745528039614,0.45664302556754255,5,((((RQ(α=10)+Lin(σ=0))+Per(p=336))*Per(p=6))*RBF(l=1)),"[np.str_('+'), np.str_('+'), np.str_('*'), np.str_('*')]"
S1,Composite,0.16858499770543245,0.26443273070353646,0.0,0.2952475095522804,0.4908725844408065,0.5351488003795426,5,((((Per(p=12)*Per(p=30))*Per(p=12))+Per(p=26))*Lin(σ=10)),"[np.str_('*'), np.str_('*'), np.str_('+'), np.str_('*')]"
S3,Stationary,0.20184200064511537,0.17571993478890413,0.0,0.43411605519567564,0.28217299982828037,0.35050615063902846,1,RBF(l=0.1),['None']
S1,Composite,0.9409283362768512,0.9921721592538422,0.0,0.9731233036160624,0.9965402343637684,0.5591883996679653,5,((((Per(p=96)+Per(p=52))+Per(p=52))+Lin(σ=10))*Per(p=52)),"[np.str_('+'), np.str_('+'), np.str_('+'), np.str_('*')]"
S2,Seasonal,0.5156572486034485,0.2702144617989751,0.0,0.6198977729095483,0.39830851043752347,0.36543735049728565,4,(((Const(1)*RBF(l=0.1))*RBF(l=10))+Per(p=336)),"[np.str_('*'), np.str_('*'), np.str_('+')]"
S1,Composite,0.0,0.06481242115403818,0.0,0.37466895999443395,0.09584387733019406,0.3169035180981825,5,((((Lin(σ=10)+RBF(l=10))*RBF(l=1))*WN(σ=1))*Per(p=60)),"[np.str_('+'), np.str_('*'), np.str_('*'), np.str_('*')]"
S1,Composite,0.9999790563050582,0.9999952047717234,0.0,0.9999872626927928,0.9999970817934023,0.39147649431067655,4,(((RQ(α=0.1)+Lin(σ=0))*Const(1))*Per(p=4)),"[np.str_('+'), np.str_('*'), np.str_('*')]"
S1,Composite,0.3431831686843344,0.37166630504582865,0.0,0.8017829023492353,0.7063171668707298,0.6209270336290433,3,((Per(p=48)+Lin(σ=1))*Per(p=365)),"[np.str_('+'), np.str_('*')]"
S2,Seasonal,0.1399275171995451,0.2263244102316576,0.0,0.29152927879462065,0.3493061781765844,0.39896517081179883,4,(((RQ(α=10)*RQ(α=0.1))+Per(p=14))*Per(p=10)),"[np.str_('*'), np.str_('+'), np.str_('*')]"
S3,Stationary,0.09620400480691926,0.11634019511415361,0.0,0.43536332771795705,0.2146155823371716,0.3981730470852335,1,WN(σ=0.1),['None']
S1,Composite,0.14825335448775612,0.23953446560629776,0.0,0.5963298291977142,0.8644677975607613,0.8380492330058116,3,((Lin(σ=1)*Per(p=30))*Per(p=40)),"[np.str_('*'), np.str_('*')]"
S1,Composite,0.8540151412461339,0.35264395764867895,0.0,0.9646271386236595,0.7555368540012211,0.7716116876335596,5,((((Per(p=10)+Per(p=365))+Per(p=10))+Lin(σ=1))*Per(p=26)),"[np.str_('+'), np.str_('+'), np.str_('+'), np.str_('*')]"
S2,Seasonal,0.06981930058699792,0.35227518046722606,0.0,0.10448910145299084,0.4295673510117938,0.2921368024024813,2,(Per(p=12)+WN(σ=1)),[np.str_('+')]
S3,Stationary,0.08700888094758752,0.2940042482912697,0.0,0.19388868142634164,0.5341165642376469,0.6366198214913623,1,RQ(α=1),['None']
S4,Trending,0.999999999558703,0.16137932091164287,0.0,0.9999999996996735,0.2560379939571742,0.3194451664274124,1,Lin(σ=10),['None']
S3,Stationary,0.187901941316153,0.09264728857955151,0.0,0.4830644091355034,0.1229978662622343,0.21448312685800464,3,((RBF(l=0.1)*RBF(l=1))+WN(σ=1)),"[np.str_('*'), np.str_('+')]"
S1,Composite,0.2957094209810954,0.22814286165352982,0.0,0.9761196817883209,0.8615463157647121,0.9800024143594297,5,((((Per(p=96)*Const(1))+Per(p=730))*Lin(σ=10))*Per(p=672)),"[np.str_('*'), np.str_('+'), np.str_('*'), np.str_('*')]"
S3,Stationary,0.3708116000850966,0.9074595389738522,0.0,0.34154917832979115,0.8426440626603545,0.0,1,RBF(l=10),['None']
S1,Composite,0.15919140660851294,0.9380218327907688,0.0,0.09774524810700103,0.8140258415071593,0.0,5,((((Per(p=48)+Per(p=48))*Per(p=336))*Lin(σ=10))+RQ(α=1)),"[np.str_('+'), np.str_('*'), np.str_('*'), np.str_('+')]"
S4,Trending,0.0,0.12485874979097533,0.0,0.14652751670569808,0.32569656857847606,0.4081929197062447,4,(((Lin(σ=0)+Const(1))*WN(σ=0.1))*RBF(l=0.1)),"[np.str_('+'), np.str_('*'), np.str_('*')]"
S2,Seasonal,0.2688418307269064,0.33923346069515714,0.0,0.6133332381123592,0.7377212105245035,0.7944407335529265,4,(((Per(p=52)*RQ(α=10))+Per(p=26))+Per(p=48)),"[np.str_('*'), np.str_('+'), np.str_('+')]"
S4,Trending,0.9999999998293809,0.14815887791668936,0.0,0.9999999998926433,0.23382983614273356,0.37078107387294146,1,Lin(σ=1),['None']
S2,Seasonal,0.23797795475523764,0.022671014985120697,0.0,0.5243276771205426,0.03755530412340069,0.2398472136061769,3,((Per(p=48)*Per(p=336))*RQ(α=0.1)),"[np.str_('*'), np.str_('*')]"
S2,Seasonal,0.27451834494116867,0.4830818874975279,0.0,0.227218820248148,0.542648658580176,0.18842298432972027,2,(Per(p=4)*Per(p=10)),[np.str_('*')]
S2,Seasonal,0.8928030865236942,0.9582199853635045,0.0,0.9420193669841409,0.9758501881512701,0.48066622627828304,2,(Per(p=730)*Per(p=24)),[np.str_('*')]
S2,Seasonal,0.19234008388493995,0.7439558592801347,0.0,0.3873522309033065,0.9169248936416637,0.7366805699895418,3,((Per(p=52)*Per(p=48))+Per(p=96)),"[np.str_('*'), np.str_('+')]"
S2,Seasonal,0.6052439434123384,0.9190360909563162,0.0,0.17379515962875824,0.5101412479274638,0.0,1,Per(p=672),['None']
S2,Seasonal,0.9958753162284733,0.9998308028781049,0.0,0.9999476487416212,0.9999980723359283,0.9886148457703858,2,(Per(p=365)+Per(p=26)),[np.str_('+')]
S3,Stationary,0.1525188196437044,0.12460114557349755,0.0,0.44479426056316085,0.20861484537640607,0.3518164687836608,2,(Const(1)*RBF(l=0.1)),[np.str_('*')]
S3,Stationary,0.13572961358425062,0.12294681583312295,0.0,0.4461425224390918,0.19543055448870505,0.32101264872650725,2,(WN(σ=0.1)*RQ(α=0.1)),[np.str_('*')]
S2,Seasonal,0.13068031997422658,0.24723177785239048,0.0,0.2804152191635829,0.4753334118405218,0.5747965624880984,3,((RQ(α=1)*Per(p=730))*Per(p=12)),"[np.str_('*'), np.str_('*')]"
S2,Seasonal,0.05091084619003239,0.2067101415579271,0.0,0.12258043702725652,0.36163368049989963,0.32183593784233544,4,(((Per(p=24)*Per(p=12))*WN(σ=1))*Per(p=336)),"[np.str_('*'), np.str_('*'), np.str_('*')]"
S2,Seasonal,0.02762337748685373,0.2797549754241563,0.0,0.0478106446392782,0.5247537776889768,0.4508796778215257,5,((((Per(p=24)+RBF(l=10))*RQ(α=0.1))*Per(p=30))*Per(p=168)),"[np.str_('+'), np.str_('*'), np.str_('*'), np.str_('*')]"
S3,Stationary,0.12390258970878121,0.030938229461750955,0.0,0.4236204060442791,0.05248168363956329,0.2925294605132781,1,RBF(l=0.1),['None']
S2,Seasonal,0.6361918698414748,0.6563197981681458,0.0,0.7237954017284897,0.9192646025110272,0.8325911221051475,1,Per(p=14),['None']
S2,Seasonal,0.026706169757069076,0.9003712594700974,0.0,0.3144019293396303,0.98573906951185,0.8549781701297946,1,Per(p=96),['None']
S2,Seasonal,0.04654946622758094,0.33282190181651383,0.0,0.085355379880791,0.5527992935834629,0.4608779028472869,5,((((RBF(l=1)+WN(σ=1))*Per(p=672))*Per(p=6))*Per(p=365)),"[np.str_('+'), np.str_('*'), np.str_('*'), np.str_('*')]"
S3,Stationary,0.23495888086052164,0.25326454644707685,0.0,0.3998952565763647,0.46608640888184083,0.6217650402410861,1,RQ(α=1),['None']
S2,Seasonal,0.048677054000722864,0.7786647161366642,0.0,0.11257012986636816,0.8621616529447659,0.5350171939187522,3,((Per(p=52)*Per(p=60))*Per(p=14)),"[np.str_('*'), np.str_('*')]"
S4,Trending,0.9999999996638654,0.11373666634678603,0.0,0.9999999997703463,0.1728189242483229,0.31678105414748303,2,(Lin(σ=1)+Lin(σ=10)),[np.str_('+')]
S2,Seasonal,0.05410261795438709,0.9554381933370555,0.0,0.11673761581145614,0.9729768041997178,0.3975970586220616,2,(WN(σ=0.1)+Per(p=26)),[np.str_('+')]
S2,Seasonal,0.9999395877972526,0.999979493062675,0.0,0.9999650698857633,0.9999882211115828,0.42572816479245723,2,(Per(p=672)+Per(p=10)),[np.str_('+')]
S2,Seasonal,0.0,0.9603362292901042,0.0,0.2621107464633676,0.970144609881827,0.24071119920007011,2,(Per(p=26)*Per(p=52)),[np.str_('*')]
S2,Seasonal,0.03225896745710399,0.7273621694253665,0.0,0.575438568680861,0.8360340412021133,0.558982317878471,1,Per(p=336),['None']
S2,Seasonal,0.34422828116084503,0.3025974123099191,0.0,0.38890878762127745,0.41069031070206385,0.3819801603569779,4,(((Per(p=14)+Per(p=12))+RQ(α=0.1))+Per(p=336)),"[np.str_('+'), np.str_('+'), np.str_('+')]"
S4,Trending,0.9999999997770231,0.1644585296450496,0.0,0.9999999998292606,0.21125302701399418,0.23427150895418603,1,Lin(σ=10),['None']
S2,Seasonal,0.6121864266380566,0.6168843759838714,0.0,0.786769142745364,0.8206169151811916,0.6357891716008965,5,((((RQ(α=10)*Per(p=168))+Per(p=6))+RBF(l=1))*Per(p=365)),"[np.str_('*'), np.str_('+'), np.str_('+'), np.str_('*')]"
S2,Seasonal,0.1593199447859608,0.2730206374727753,0.0,0.18913499227008979,0.3427417927731694,0.22274380886339096,5,((((Per(p=60)*RQ(α=1))*Per(p=168))*WN(σ=0.1))*Per(p=168)),"[np.str_('*'), np.str_('*'), np.str_('*'), np.str_('*')]"
S3,Stationary,0.0,0.28634166862285193,0.0,0.8855512681709832,0.978776441979785,0.986376219805899,1,RBF(l=10),['None']
S2,Seasonal,0.12230379185632634,0.9999782158745292,0.0,0.2534049153269128,0.9999855089837221,0.3347893302353222,2,(Per(p=7)+Per(p=7)),[np.str_('+')]
S3,Stationary,0.7758808480935468,0.026663822603842702,0.0,0.9612610530189027,0.7770693640253483,0.8890413717641824,1,RBF(l=10),['None']
S2,Seasonal,0.12748524387430493,0.9999449972638526,0.0,0.18296367184424844,0.9999592387546538,0.2596781296427785,1,Per(p=12),['None']
S2,Seasonal,0.013167953837373347,0.5503698708634008,0.0,0.005125920749182944,0.0,0.0,5,((((Per(p=48)*RBF(l=1))+Per(p=4))*WN(σ=1))+RBF(l=10)),"[np.str_('*'), np.str_('+'), np.str_('*'), np.str_('+')]"
S1,Composite,0.999979390701921,0.7618409149949722,0.0,0.9998796315543236,0.1886950089281465,0.0,2,(Lin(σ=1)+Per(p=365)),[np.str_('+')]
S2,Seasonal,0.21303350443797486,0.15293100447591856,0.0,0.45766655988258176,0.22044362001890028,0.30387455686514764,5,((((Per(p=6)*Per(p=52))+Per(p=96))*Per(p=14))*RQ(α=0.1)),"[np.str_('*'), np.str_('+'), np.str_('*'), np.str_('*')]"
S2,Seasonal,0.018666845665113563,0.7657590147354914,0.0,0.09523645545949067,0.8537983595772148,0.20447526630609958,2,(RBF(l=10)*Per(p=336)),[np.str_('*')]
S2,Seasonal,0.5460972330118485,0.7121532225281799,0.0,0.4850122125727603,0.7186090356946961,0.0321282847149259,3,((Per(p=7)+Per(p=12))+Per(p=52)),"[np.str_('+'), np.str_('+')]"
S2,Seasonal,0.3431831755205119,0.6596742702303162,0.0,0.0,0.7519864223761658,0.3988263946292965,1,Per(p=40),['None']
S2,Seasonal,0.5348940127725739,0.9866833233499902,0.0,0.8003688298848525,0.9973119236589062,0.8140558596607275,2,(Per(p=168)+Per(p=40)),[np.str_('+')]
S2,Seasonal,0.13324251665713016,0.1413262878319418,0.0,0.29607075506401825,0.2851410775800901,0.3207567390034821,4,(((Per(p=10)*RQ(α=10))*RBF(l=0.1))*Per(p=48)),"[np.str_('*'), np.str_('*'), np.str_('*')]"
S2,Seasonal,0.3248663054932004,0.49351251824066156,0.0,0.5973177185998768,0.8214528695438528,0.7503232174362633,5,((((Per(p=52)+Per(p=365))*Per(p=24))*Per(p=168))*Per(p=26)),"[np.str_('+'), np.str_('*'), np.str_('*'), np.str_('*')]"
S2,Seasonal,0.06121943000507757,0.41375053540037965,0.0,0.23627293494029977,0.8318565912797267,0.7679414161595566,2,(Per(p=60)*Per(p=26)),[np.str_('*')]
S2,Seasonal,0.8694521848715332,0.9041541053949013,0.0,0.9495530910169344,0.954008889304077,0.6080324165946567,2,(Per(p=12)*Per(p=336)),[np.str_('*')]
S2,Seasonal,0.11209309455929939,0.18926030783361736,0.0,0.35165447227489155,0.5150813176651456,0.7223725032749305,3,((Per(p=168)*RQ(α=1))*Per(p=672)),"[np.str_('*'), np.str_('*')]"
S2,Seasonal,0.04963009752852898,0.2673935249062327,0.0,0.04075800951312003,0.3865826769848112,0.38311812224148734,3,((Per(p=336)*RQ(α=0.1))*Per(p=168)),"[np.str_('*'), np.str_('*')]"
S2,Seasonal,0.29517189527347365,0.2363511601476609,0.0,0.42466945981442006,0.31698909779555395,0.3269711684372065,2,(Per(p=24)*RQ(α=0.1)),[np.str_('*')]
S1,Composite,0.9999986487455641,0.23704094591175706,0.0,0.9999991447053096,0.3802583481782824,0.36698014796579337,3,((WN(σ=0.1)*Per(p=336))+Lin(σ=1)),"[np.str_('*'), np.str_('+')]"
S2,Seasonal,0.018491700557593194,0.3029516217714475,0.0,0.202796349381679,0.7446125298426887,0.7436497500804768,4,(((RQ(α=10)*Per(p=336))*Per(p=60))*Per(p=26)),"[np.str_('*'), np.str_('*'), np.str_('*')]"
S2,Seasonal,0.4076168235053351,0.5012518788229197,0.0,0.6847106815494068,0.8420459496186896,0.8183732157279371,4,(((Per(p=24)*Per(p=14))*Per(p=365))+Per(p=10)),"[np.str_('*'), np.str_('*'), np.str_('+')]"
S1,Composite,0.016681715499761607,0.3074593962090816,0.0,0.09887675993359102,0.8606570852545032,0.7838058364057001,4,(((Lin(σ=10)+Per(p=26))*Per(p=96))*RQ(α=1)),"[np.str_('+'), np.str_('*'), np.str_('*')]"
S2,Seasonal,0.17806390952568385,0.261076968971924,0.0,0.29346042411258855,0.4307824657971787,0.47275336760830644,5,((((Per(p=60)+Per(p=12))*Per(p=30))+Per(p=7))+WN(σ=1)),"[np.str_('+'), np.str_('*'), np.str_('+'), np.str_('+')]"
S4,Trending,0.9999999997085118,0.21832583932599936,0.0,0.9999999998290239,0.4122722105693454,0.41343703815969535,1,Lin(σ=1),['None']
S2,Seasonal,0.8974002541885828,0.9363745871126239,0.0,0.7877380791426485,0.8424902361629001,0.0,2,(Per(p=168)*Per(p=672)),[np.str_('*')]
S2,Seasonal,0.022021640277017918,0.9999443839850202,0.0,0.04190648378948669,0.999960067844215,0.281486754029903,1,Per(p=30),['None']
S1,Composite,0.9880578542356376,0.6771239585743692,0.0,0.9960913364558468,0.8802024276449696,0.6726717781363813,5,((((Per(p=26)*RQ(α=1))+Per(p=52))+Lin(σ=10))+Per(p=168)),"[np.str_('*'), np.str_('+'), np.str_('+'), np.str_('+')]"
S2,Seasonal,0.4926498944106996,0.6240009678923171,0.0,0.7117207564403253,0.8053220272346941,0.6106041973847234,5,((((Per(p=4)*RBF(l=1))+Per(p=48))+Per(p=30))*Per(p=672)),"[np.str_('*'), np.str_('+'), np.str_('+'), np.str_('*')]"
S2,Seasonal,0.13670328149406696,0.13114910693506499,0.0,0.47441760412994727,0.216894885538361,0.3518425751074913,5,((((Per(p=365)*RQ(α=1))+WN(σ=1))*RQ(α=10))*WN(σ=1)),"[np.str_('*'), np.str_('+'), np.str_('*'), np.str_('*')]"
S2,Seasonal,0.042077728637893164,0.2684228800098285,0.0,0.046870242772755866,0.4056148508067684,0.3755136646893098,3,((Per(p=168)*Per(p=168))*RQ(α=0.1)),"[np.str_('*'), np.str_('*')]"
S2,Seasonal,0.08077694597663798,0.27520642896025493,0.0,0.11552136805196955,0.49058259254118963,0.44894112370764117,3,((Per(p=60)*Per(p=30))+RQ(α=0.1)),"[np.str_('*'), np.str_('+')]"
S1,Composite,0.11899991233204377,0.04574454724383625,0.0,0.39058079093029874,0.11975647705509485,0.38182515610693,5,((((Lin(σ=10)*Const(1))*RQ(α=0.1))+Per(p=40))+Lin(σ=1)),"[np.str_('*'), np.str_('*'), np.str_('+'), np.str_('+')]"
S1,Composite,0.4835844884781473,0.5351084533952574,0.0,0.0,0.5477855125447393,0.1471834878519639,5,((((Lin(σ=1)+Lin(σ=10))+Lin(σ=10))*Per(p=365))*Const(1)),"[np.str_('+'), np.str_('+'), np.str_('*'), np.str_('*')]"
S1,Composite,0.18790254303561027,0.6899903631541462,0.0,0.0,0.0,0.0,5,((((RBF(l=1)*RQ(α=0.1))+Per(p=168))*Lin(σ=0))+Const(1)),"[np.str_('*'), np.str_('+'), np.str_('*'), np.str_('+')]"
S2,Seasonal,0.5860655667779733,0.24833526304262943,0.0,0.7523477591124345,0.4741589128905904,0.6475878497152001,5,((((RBF(l=1)+Per(p=365))*Per(p=96))*Per(p=40))+Per(p=336)),"[np.str_('+'), np.str_('*'), np.str_('*'), np.str_('+')]"
S1,Composite,0.07024471815788547,0.3664317723811117,0.0,0.07176271575553039,0.7785107166750334,0.7742855837162367,3,((Per(p=168)+Lin(σ=1))*RQ(α=10)),"[np.str_('+'), np.str_('*')]"
S2,Seasonal,0.382410498253805,0.2061597997338963,0.0,0.5954071410185496,0.25612787370383583,0.23823892653318213,5,((((WN(σ=1)*Per(p=6))+Per(p=4))+Per(p=52))*Per(p=60)),"[np.str_('*'), np.str_('+'), np.str_('+'), np.str_('*')]"
S1,Composite,0.0,0.11993427555509528,0.0,0.24393522906180098,0.2492275002452926,0.43280223391056205,3,((Lin(σ=1)*Per(p=48))*WN(σ=0.1)),"[np.str_('*'), np.str_('*')]"
S2,Seasonal,0.22143762771038333,0.5616684010814079,0.0,0.448542177761876,0.8591911078386646,0.781393254600555,2,(Per(p=60)+RQ(α=10)),[np.str_('+')]
S1,Composite,0.9999997430999492,0.9999999946121766,0.0,0.9999999703998801,0.9999999993793525,0.8848055252363378,4,(((Lin(σ=1)*Per(p=7))+Per(p=168))+Per(p=365)),"[np.str_('*'), np.str_('+'), np.str_('+')]"
S2,Seasonal,0.0,0.8499527228777012,0.0,0.0,0.8727137014986592,0.27419624150503263,2,(RBF(l=10)*Per(p=672)),[np.str_('*')]
S2,Seasonal,0.0,0.8020135951744278,0.0,0.005705905908280795,0.8939577689977829,0.5636921592730966,3,((Per(p=730)*WN(σ=0.1))+Per(p=96)),"[np.str_('*'), np.str_('+')]"
S1,Composite,0.08539325556224797,0.15344846799824408,0.0,0.20630339704129375,0.5558021914280199,0.8294631471700264,5,((((RQ(α=10)*Lin(σ=1))+Per(p=24))+Const(1))*Per(p=40)),"[np.str_('*'), np.str_('+'), np.str_('+'), np.str_('*')]"
S1,Composite,0.9999881828542279,0.6801500684200199,0.0,0.9999905741264615,0.7337409847128817,0.20240229125526776,5,((((Per(p=4)*Per(p=24))+Per(p=24))+Lin(σ=1))+Const(1)),"[np.str_('*'), np.str_('+'), np.str_('+'), np.str_('+')]"
S2,Seasonal,0.17471568290889605,0.310394577428156,0.0,0.1759217438230285,0.3640193059225453,0.3921983404420496,2,(Per(p=26)*Per(p=6)),[np.str_('*')]
S2,Seasonal,0.037413834736140794,0.5741552572615618,0.0,0.05917681033505917,0.6269542061172486,0.18085177477310932,1,Per(p=30),['None']
S2,Seasonal,0.760365357865707,0.7813234103321541,0.0,0.8903082054930772,0.9094192220583079,0.658170767478401,5,((((Per(p=40)+Per(p=730))+Per(p=10))+Per(p=12))+Per(p=48)),"[np.str_('+'), np.str_('+'), np.str_('+'), np.str_('+')]"
S4,Trending,0.999990993334432,0.3875760316666149,0.0,0.9999945132040869,0.5097945718888519,0.3909484211788681,4,(((Const(1)*Lin(σ=10))+RQ(α=0.1))+Const(1)),"[np.str_('*'), np.str_('+'), np.str_('+')]"
S2,Seasonal,0.4925104969468509,0.7143682290129715,0.0,0.522228880174049,0.7494261978783616,0.4740963371314888,1,Per(p=336),['None']
S2,Seasonal,0.9999124892351267,0.9999393073334988,0.0,0.9999527074313659,0.9999672331448033,0.4624133052634568,2,(Per(p=672)*Per(p=6)),[np.str_('*')]
S2,Seasonal,0.17438133329072214,0.2335636691772106,0.0,0.34321997995780396,0.3416251759796791,0.33981813393303884,3,((Per(p=4)*RQ(α=10))*RQ(α=0.1)),"[np.str_('*'), np.str_('*')]"
S3,Stationary,0.07055451099321441,0.2993936697404981,0.0,0.1871084733455558,0.4501281581783654,0.41923444869656123,1,RQ(α=0.1),['None']
S2,Seasonal,0.6792530692379035,0.7646592023060793,0.0,0.9428083458622589,0.9859493030713571,0.9558772789166486,1,Per(p=60),['None']
S2,Seasonal,0.2716595628069841,0.28808852037490507,0.0,0.5605076811195351,0.3227087295883525,0.15535219160097968,2,(Per(p=4)+RQ(α=0.1)),[np.str_('+')]
S2,Seasonal,0.06722270419946108,0.24282406243345778,0.0,0.13620679671842262,0.33026459971373856,0.3116905397357317,5,((((RBF(l=0.1)+RQ(α=1))+Per(p=96))+RBF(l=1))*RBF(l=0.1)),"[np.str_('+'), np.str_('+'), np.str_('+'), np.str_('*')]"
S2,Seasonal,0.09274963917589418,0.20925136943802303,0.0,0.18338958887315582,0.3380591905494702,0.37437400277010335,4,(((Per(p=30)+RBF(l=10))*WN(σ=1))+RBF(l=1)),"[np.str_('+'), np.str_('*'), np.str_('+')]"
S2,Seasonal,0.3421896359223956,0.6130954520665118,0.0,0.32990216433957087,0.67612066698333,0.24603912600602307,3,((Per(p=30)+Per(p=60))*Per(p=12)),"[np.str_('+'), np.str_('*')]"
S2,Seasonal,0.44394811299061976,0.7052300488591037,0.0,0.7410974903362141,0.8888653846568081,0.7072604193275323,2,(Per(p=26)*Per(p=365)),[np.str_('*')]
S2,Seasonal,0.0,0.6774689377911942,0.0,0.0015110471795543035,0.7015020157340068,0.0,2,(WN(σ=1)*Per(p=48)),[np.str_('*')]
S1,Composite,0.3272333979150327,0.02711460023262746,0.0,0.7987679723274832,0.6340844405964475,0.9227438247592935,4,(((Per(p=10)+Lin(σ=0))+Per(p=48))*RBF(l=10)),"[np.str_('+'), np.str_('+'), np.str_('*')]"
S4,Trending,0.9999854230772659,0.0,0.0,0.9999879045365111,0.0,0.17030248773608625,2,(Lin(σ=0)*Const(1)),[np.str_('*')]
S1,Composite,0.9996701829489083,0.0,0.0,0.9998607539493097,0.12980872151830536,0.5895025306426311,3,((Lin(σ=0)*Per(p=730))+Per(p=48)),"[np.str_('*'), np.str_('+')]"
S2,Seasonal,0.4938855055325593,0.43240662567794097,0.0,0.7435188609716175,0.799128280911231,0.7633384542149866,4,(((RQ(α=1)*Per(p=672))+Per(p=30))+Per(p=672)),"[np.str_('*'), np.str_('+'), np.str_('+')]"
S2,Seasonal,0.0,0.99359015236869,0.0,0.19825889511330808,0.9982485566092136,0.7306333425416697,1,Per(p=40),['None']
S1,Composite,0.9998089788379181,0.3379275935107863,0.0,0.9998795578158368,0.4617342153538101,0.36990891444964635,3,((WN(σ=1)+Per(p=14))+Lin(σ=0)),"[np.str_('+'), np.str_('+')]"
S3,Stationary,0.14333365702097867,0.12345273241786237,0.0,0.3091335773349939,0.22956209214500667,0.36200786123171647,2,(RQ(α=0.1)+RQ(α=0.1)),[np.str_('+')]
S1,Composite,0.9999563379379637,0.4872051834851123,0.0,0.999983179184147,0.7263321302522091,0.6147389956634659,5,((((Per(p=48)+Lin(σ=0))+Per(p=96))+RBF(l=1))+Const(1)),"[np.str_('+'), np.str_('+'), np.str_('+'), np.str_('+')]"
S2,Seasonal,0.14330898323905683,0.9999835532484963,0.0,0.20806991711208223,0.9999883373077799,0.29063202034363544,1,Per(p=6),['None']
S1,Composite,0.023345687581085572,0.2500693594868717,0.0,0.3105095661386621,0.36437272171975676,0.360598525449227,5,((((Per(p=48)*Lin(σ=0))*WN(σ=1))*Lin(σ=1))+Per(p=14)),"[np.str_('*'), np.str_('*'), np.str_('*'), np.str_('+')]"
S2,Seasonal,0.0,0.8726263761305049,0.0,0.018619720021561204,0.9417638786217815,0.601146706396306,2,(Per(p=336)+RQ(α=10)),[np.str_('+')]
S1,Composite,0.9844488270046337,0.9797162366973936,0.0,0.9984483193378291,0.9981099280570519,0.9042354670521424,3,((Per(p=40)*Lin(σ=1))*Lin(σ=1)),"[np.str_('*'), np.str_('*')]"
S2,Seasonal,0.1312721556076608,0.2763274400392227,0.0,0.3220943878603528,0.5655755852219303,0.7035022884749247,4,(((Per(p=12)+RQ(α=0.1))+Per(p=14))*Per(p=40)),"[np.str_('+'), np.str_('+'), np.str_('*')]"
S1,Composite,0.0,0.2978228894245305,0.0,0.18084794346396738,0.608844612453364,0.8168738486962029,4,(((Per(p=730)*RQ(α=1))+Lin(σ=0))*RQ(α=10)),"[np.str_('*'), np.str_('+'), np.str_('*')]"
S1,Composite,0.9730588581514321,0.9872117376492915,0.0,0.9849476544368958,0.9932242298435862,0.4603033361489699,3,((Const(1)+Lin(σ=10))*Per(p=40)),"[np.str_('+'), np.str_('*')]"
S2,Seasonal,0.9999021060655364,0.9999558427074545,0.0,0.9999012280069142,0.9999555030874342,0.0,3,((Per(p=336)+Per(p=672))*Per(p=4)),"[np.str_('+'), np.str_('*')]"
S2,Seasonal,0.17137484575500894,0.10989585163336368,0.0,0.506154589038134,0.14819352839666988,0.2649647092956182,3,((Per(p=26)+Per(p=365))*WN(σ=0.1)),"[np.str_('+'), np.str_('*')]"
S2,Seasonal,0.16027708087834514,0.9646625636328856,0.0,0.2467984629713854,0.9750031435727382,0.2978343732414338,3,((WN(σ=0.1)*WN(σ=1))+Per(p=6)),"[np.str_('*'), np.str_('+')]"
S1,Composite,0.42935088120055687,0.026717328038669552,0.0,0.7589623652011376,0.039533064394155715,0.24515713359635638,4,(((Per(p=12)+Lin(σ=0))*Per(p=4))*Per(p=365)),"[np.str_('+'), np.str_('*'), np.str_('*')]"
S1,Composite,0.999891616797038,0.7498675728840178,0.0,0.9999743090375295,0.9082651913748938,0.7625681149722837,5,((((Per(p=336)*Per(p=52))+Per(p=24))+Lin(σ=1))+Per(p=52)),"[np.str_('*'), np.str_('+'), np.str_('+'), np.str_('+')]"
S1,Composite,0.09243205549096722,0.056396859748474304,0.0,0.4698708613961996,0.09049624736329975,0.31391759605199,4,(((Lin(σ=10)+Per(p=6))*RBF(l=0.1))+RBF(l=0.1)),"[np.str_('+'), np.str_('*'), np.str_('+')]"
S2,Seasonal,0.08788537959601583,0.22118768670348832,0.0,0.13246315073757742,0.41910444423571047,0.5188958690987667,4,(((Per(p=48)+RBF(l=10))+RBF(l=10))*RBF(l=1)),"[np.str_('+'), np.str_('+'), np.str_('*')]"
S2,Seasonal,0.8417262884092421,0.6925220313198175,0.0,0.8378442861001971,0.6938942124056142,0.007636516523335746,3,((Per(p=4)+Per(p=30))+RQ(α=10)),"[np.str_('+'), np.str_('+')]"
S2,Seasonal,0.2758325888122951,0.16611752932841906,0.0,0.4947566380190923,0.19579391714402772,0.13122402239649833,3,((Per(p=30)+Per(p=6))*WN(σ=1)),"[np.str_('+'), np.str_('*')]"
S1,Composite,0.9994856486264383,0.9999631995189485,0.0,0.9996303088539856,0.9999735899772939,0.28334727920964886,3,((Per(p=6)*Per(p=730))*Lin(σ=0)),"[np.str_('*'), np.str_('*')]"
S4,Trending,0.07575127887011546,0.05114558477427178,0.0,0.4576646573232178,0.07147881701767689,0.2542683461969113,3,((Lin(σ=10)+Const(1))*WN(σ=1)),"[np.str_('+'), np.str_('*')]"
S2,Seasonal,0.2396464786506588,0.4008969599894179,0.0,0.36117044268116083,0.4920407516863461,0.3186095613614871,5,((((RBF(l=1)+Per(p=96))+Per(p=7))+Per(p=10))+Per(p=4)),"[np.str_('+'), np.str_('+'), np.str_('+'), np.str_('+')]"
S2,Seasonal,0.10191142348572069,0.22459609781569134,0.0,0.20892329782957986,0.33729763656668765,0.32575702497966175,3,((RQ(α=0.1)*Per(p=365))*Per(p=730)),"[np.str_('*'), np.str_('*')]"
S1,Composite,0.9998903390057745,0.22050038715338527,0.0,0.9999285738945624,0.29046633421683976,0.3483370861889835,4,(((Per(p=7)*RBF(l=1))*Per(p=6))+Lin(σ=10)),"[np.str_('*'), np.str_('*'), np.str_('+')]"
S2,Seasonal,0.0214468933007379,0.5559135480916993,0.0,0.021806187483736195,0.6880435076053147,0.3819460287486224,4,(((WN(σ=1)+WN(σ=1))*Per(p=4))+Per(p=52)),"[np.str_('+'), np.str_('*'), np.str_('+')]"
S1,Composite,0.18462794036592345,0.7468299373573897,0.0,0.2846858298452536,0.8758248687967345,0.5792296711343392,4,(((Lin(σ=10)+Per(p=6))*Per(p=30))+Per(p=52)),"[np.str_('+'), np.str_('*'), np.str_('+')]"
S3,Stationary,0.0,0.9045208293961814,0.0,0.04987049204055094,0.9070184484102011,0.01802382172613093,1,RQ(α=10),['None']
S2,Seasonal,0.9998770082611556,0.06529386920276292,0.0,0.9999903241418966,0.3822802188018518,0.9227508359396234,1,Per(p=730),['None']
S4,Trending,0.017408128064612338,0.12139687714741254,0.0,0.09541289554908583,0.33252740645059276,0.27501222249717583,2,(Lin(σ=10)*WN(σ=1)),[np.str_('*')]
S2,Seasonal,0.05939820337280488,0.9389030906480536,0.0,0.16519758076283242,0.9514093045408859,0.3001597473533145,2,(Const(1)+Per(p=96)),[np.str_('+')]
S2,Seasonal,0.00955843410427415,0.5236110428166654,0.0,0.06031531251331512,0.5344591986379228,0.18212252815450503,3,((WN(σ=1)+Per(p=4))+Per(p=40)),"[np.str_('+'), np.str_('+')]"
S2,Seasonal,0.009761491105989673,0.6799883543424784,0.0,0.030202693226931476,0.7627191849814847,0.37596025657075904,2,(Per(p=48)+RBF(l=0.1)),[np.str_('+')]
S2,Seasonal,0.0,0.9965859077132795,0.0,0.5335684319884153,0.9994967439524233,0.8547297837320323,1,Per(p=40),['None']
S2,Seasonal,0.7247894168847341,0.09956827890426523,0.0,0.9355151421522523,0.38613911927205613,0.7951659329794866,3,((Per(p=26)*Per(p=40))+Per(p=672)),"[np.str_('*'), np.str_('+')]"
S2,Seasonal,0.15827248668727434,0.28424592602618226,0.0,0.2721984448427309,0.4762290292742154,0.5505513536799026,3,((Per(p=52)*RBF(l=1))*Per(p=96)),"[np.str_('*'), np.str_('*')]"
S2,Seasonal,0.9997722950668775,0.9997368669856332,0.0,0.9999819503100544,0.9999795606279334,0.9223137539764459,2,(Per(p=672)+Per(p=6)),[np.str_('+')]
S2,Seasonal,0.03477171033732984,0.27261948297591665,0.0,0.080730369841997,0.5119673682892623,0.5114141867492652,5,((((RBF(l=0.1)*WN(σ=1))+Per(p=365))+WN(σ=1))*RQ(α=10)),"[np.str_('*'), np.str_('+'), np.str_('+'), np.str_('*')]"
S2,Seasonal,0.41506264845090746,0.36392949003603414,0.0,0.42867872326923406,0.5070850141778642,0.4104908726489608,2,(Per(p=24)*Per(p=14)),[np.str_('*')]
S2,Seasonal,0.08078154398660331,0.7273968998329315,0.0,0.24671457320564782,0.9717868583558396,0.8718936255817794,2,(Per(p=168)+Per(p=365)),[np.str_('+')]
S2,Seasonal,0.03949937917698276,0.3148322977886291,0.0,0.057305533715099166,0.445726430910096,0.35846047038973183,2,(Per(p=4)*WN(σ=0.1)),[np.str_('*')]
S2,Seasonal,0.09591365087752501,0.32268401037562366,0.0,0.1177209256887809,0.4631101306776362,0.4216587010875571,5,((((Per(p=336)+RBF(l=1))*Per(p=7))+RQ(α=1))+Per(p=48)),"[np.str_('+'), np.str_('*'), np.str_('+'), np.str_('+')]"
S2,Seasonal,0.8282813350324626,0.19318151677606266,0.0,0.9490983746253542,0.5220099159221714,0.7575640158306689,4,(((RQ(α=1)+Per(p=60))+Per(p=730))+Per(p=336)),"[np.str_('+'), np.str_('+'), np.str_('+')]"
S3,Stationary,0.25032274375058516,0.29393402219061204,0.0,0.5830329734114706,0.75791640027067,0.8521031802295789,2,(Const(1)*RQ(α=10)),[np.str_('*')]
S2,Seasonal,0.8843802640135479,0.8108195360433916,0.0,0.9930034796874503,0.9881761637953055,0.9523741235787088,3,((Per(p=730)*Per(p=30))+Per(p=96)),"[np.str_('*'), np.str_('+')]"
S2,Seasonal,0.029951880475155512,0.999916939420024,0.0,0.02119503849161153,0.9995153085819826,0.0,3,((Per(p=168)+Const(1))+Per(p=168)),"[np.str_('+'), np.str_('+')]"
S4,Trending,0.9999999995058867,0.2524621622620675,0.0,0.99999999966283,0.36236572806043366,0.31763046635617087,1,Lin(σ=0),['None']
S2,Seasonal,0.0505513588622285,0.9999945455807865,0.0,0.1578234121378902,0.9999958787001924,0.2443935395580229,2,(Per(p=12)*Per(p=12)),[np.str_('*')]
S1,Composite,0.1028158868417357,0.1447479698549471,0.0,0.21120976540204617,0.2914630873314594,0.3618491685330809,5,((((RBF(l=0.1)*Per(p=672))*Lin(σ=10))*Const(1))*Per(p=365)),"[np.str_('*'), np.str_('*'), np.str_('*'), np.str_('*')]"
S2,Seasonal,0.07402221712368584,0.4716925425245544,0.0,0.17872532496654714,0.7693972262197226,0.7004804012863506,3,((Per(p=40)*RQ(α=1))+Per(p=30)),"[np.str_('*'), np.str_('+')]"
S2,Seasonal,0.0791730908614775,0.5017672961088315,0.0,0.14785916584583625,0.6251872854580705,0.353107797201481,2,(Per(p=14)+RQ(α=0.1)),[np.str_('+')]
S1,Composite,0.115607117512452,0.13249895899220554,0.0,0.22780318401552802,0.5702266100267934,0.6360145544521898,5,((((RQ(α=1)+Lin(σ=0))+Const(1))+Per(p=7))*RBF(l=1)),"[np.str_('+'), np.str_('+'), np.str_('+'), np.str_('*')]"
S2,Seasonal,0.047619161728430726,0.9999738264732669,0.0,0.08004153062780806,0.9999829593007414,0.34946069558385273,1,Per(p=26),['None']
S1,Composite,0.999989271184419,0.13502234554054804,0.0,0.9999961059892115,0.3432205992934999,0.6365077966176489,5,((((RQ(α=1)+Lin(σ=10))*Lin(σ=10))+Per(p=40))+RQ(α=0.1)),"[np.str_('+'), np.str_('*'), np.str_('+'), np.str_('+')]"
S2,Seasonal,0.02859163038000434,0.999984731698628,0.0,0.07924732511700794,0.9999897283971538,0.32710835865942345,1,Per(p=26),['None']
S2,Seasonal,0.6502773273762084,0.8790108665517377,0.0,0.6502530964299802,0.8788473257888916,0.0,1,Per(p=4),['None']
S2,Seasonal,0.03281493471353969,0.9999893335504341,0.0,0.2198225301551644,0.9999929913909207,0.34291315924149934,1,Per(p=12),['None']
S1,Composite,0.9788897410898454,0.9946672897359317,0.0,0.994877017804236,0.9986904188881109,0.7565656137132312,4,(((Lin(σ=10)*Per(p=48))+Per(p=24))+Per(p=12)),"[np.str_('*'), np.str_('+'), np.str_('+')]"
S2,Seasonal,0.0,0.7137888877924223,0.0,0.055385035600097776,0.6888268391174674,0.022135158631383933,2,(Per(p=96)+Per(p=40)),[np.str_('+')]
S2,Seasonal,0.2696226340910566,0.2672318878398148,0.0,0.34127237016472334,0.3937042441172215,0.46009294495513164,2,(Per(p=40)*RQ(α=1)),[np.str_('*')]
S2,Seasonal,7.637604432697565e-05,0.46128644584587564,0.0,0.00026230944590821537,0.01922861265005127,0.0,5,((((RQ(α=0.1)*Per(p=730))+Per(p=48))+Per(p=60))+Per(p=168)),"[np.str_('*'), np.str_('+'), np.str_('+'), np.str_('+')]"
S4,Trending,0.9999128892825582,0.2085911806303068,0.0,0.9999497679963274,0.3445590986780386,0.4234774423158134,5,((((RQ(α=1)+RBF(l=0.1))+WN(σ=0.1))+Lin(σ=1))+WN(σ=1)),"[np.str_('+'), np.str_('+'), np.str_('+'), np.str_('+')]"
S2,Seasonal,0.5296677220688508,0.8402224837901178,0.0,0.5717166888307461,0.8488594490477467,0.15826072013159376,2,(Per(p=336)*Per(p=14)),[np.str_('*')]
S2,Seasonal,0.02255157279101183,0.3112923084555371,0.0,0.030997914354091716,0.5488189579046021,0.5986157153832725,4,(((WN(σ=0.1)+Per(p=40))*RBF(l=1))*Per(p=40)),"[np.str_('+'), np.str_('*'), np.str_('*')]"
S4,Trending,0.9999999997658591,0.11417854849485554,0.0,0.9999999998421905,0.18053543796278926,0.326007029226263,1,Lin(σ=10),['None']
S2,Seasonal,0.0,0.42105429159075225,0.0,0.014062552016529062,0.5586903195550952,0.19626397238150717,2,(Per(p=30)*Per(p=7)),[np.str_('*')]
S2,Seasonal,0.9786105904196198,0.960417467958957,0.0,0.9966002595052728,0.9941269374991977,0.8581070099273508,3,((Per(p=10)+Per(p=96))*Per(p=672)),"[np.str_('+'), np.str_('*')]"
S2,Seasonal,0.20446318282546005,0.4305023613890915,0.0,0.35035985745846754,0.5350122080708716,0.3600496889514191,5,((((Per(p=6)*Per(p=7))+Per(p=12))+WN(σ=0.1))+RQ(α=0.1)),"[np.str_('*'), np.str_('+'), np.str_('+'), np.str_('+')]"
S4,Trending,0.11551364355144722,0.18880628528749743,0.0,0.26281156037005937,0.45520106231044677,0.6779215810075248,3,((RQ(α=1)*Lin(σ=1))+RQ(α=0.1)),"[np.str_('*'), np.str_('+')]"
S4,Trending,0.9999999990882237,0.22680120260970305,0.0,0.9999999993108772,0.29370523603996235,0.24419963152884383,1,Lin(σ=10),['None']
S2,Seasonal,0.24764327190525248,0.3711175701178936,0.0,0.237987674523649,0.5709475660541461,0.5330111891484596,5,((((RQ(α=10)*Per(p=4))+Per(p=14))*Per(p=168))+Per(p=60)),"[np.str_('*'), np.str_('+'), np.str_('*'), np.str_('+')]"
S1,Composite,0.9998024916113243,0.0,0.0,0.9999025990030775,0.2026645759150133,0.5125254124712437,3,((Lin(σ=0)+Per(p=96))*Per(p=730)),"[np.str_('+'), np.str_('*')]"
S2,Seasonal,0.15059019776084426,0.14181571734495024,0.0,0.31060642214649603,0.6765444945808602,0.8190581993896038,2,(RQ(α=10)*Per(p=48)),[np.str_('*')]
S2,Seasonal,0.06657781150587072,0.535558692261274,0.0,0.18102134124698932,0.7430274455080834,0.26726706557482305,4,(((RQ(α=10)+Per(p=60))*Per(p=60))*Per(p=52)),"[np.str_('+'), np.str_('*'), np.str_('*')]"
S1,Composite,0.8493161631111908,0.9615139848065765,0.0,0.9389259089201889,0.9863262836042535,0.6409550004104627,4,(((Per(p=672)*Lin(σ=10))*Per(p=40))+Per(p=730)),"[np.str_('*'), np.str_('*'), np.str_('+')]"
S2,Seasonal,0.0,0.7781774611946278,0.0,0.07180822075025939,0.8299930200058572,0.2926062009979111,2,(Per(p=14)+Per(p=26)),[np.str_('+')]
S2,Seasonal,0.021371630365872862,0.7602566853610134,0.0,0.0,0.7873162073606093,0.15576095747724172,4,(((Per(p=26)*Per(p=336))+Const(1))+Per(p=168)),"[np.str_('*'), np.str_('+'), np.str_('+')]"
S2,Seasonal,0.22415125218945475,0.9999758688797182,0.0,0.37852642836323047,0.9999837230973065,0.3256448394441128,1,Per(p=4),['None']
S1,Composite,0.9999970676151815,0.9697845715953616,0.0,0.9999994509184017,0.9941754879486375,0.8127179929242201,4,(((Per(p=730)+Per(p=40))+Per(p=7))+Lin(σ=1)),"[np.str_('+'), np.str_('+'), np.str_('+')]"
S2,Seasonal,0.9712997041519973,0.98801175999334,0.0,0.9907755150387058,0.9965920322219888,0.7126497243911432,2,(Per(p=730)*Per(p=12)),[np.str_('*')]
S2,Seasonal,0.04025633708626897,0.8334686779842614,0.0,0.031905398795710416,0.8578803652222524,0.22143760724349737,3,((Per(p=30)+Per(p=26))+Per(p=24)),"[np.str_('+'), np.str_('+')]"
S1,Composite,0.9999787118696699,0.6322027305956958,0.0,0.9999939159301916,0.8539384831597405,0.7143661789628887,4,(((Per(p=30)+Lin(σ=10))+Lin(σ=1))+RQ(α=1)),"[np.str_('+'), np.str_('+'), np.str_('+')]"
S1,Composite,0.9999984077172784,0.9913622646048128,0.0,0.9999999400209834,0.9996715229677465,0.9623363195286919,4,(((Per(p=96)*Per(p=365))+Per(p=10))+Lin(σ=1)),"[np.str_('*'), np.str_('+'), np.str_('+')]"
S2,Seasonal,0.48980702827628686,0.5307373185547084,0.0,0.06456183540983129,0.07802387622625395,0.0,4,(((Per(p=672)*Per(p=4))+Per(p=6))*Per(p=168)),"[np.str_('*'), np.str_('+'), np.str_('*')]"
S1,Composite,0.2929480120038287,0.28061786537246936,0.0,0.40149483728223845,0.7038995135737409,0.3200989609750724,4,(((Per(p=30)*Lin(σ=10))+RQ(α=1))+RBF(l=10)),"[np.str_('*'), np.str_('+'), np.str_('+')]"
S2,Seasonal,0.2048006481059491,0.14457793572805988,0.0,0.51004632057352,0.19608966711012044,0.2809866898277643,4,(((RQ(α=0.1)*Per(p=10))*WN(σ=0.1))*Per(p=40)),"[np.str_('*'), np.str_('*'), np.str_('*')]"
S2,Seasonal,0.5338908825569182,0.5826058999021355,0.0,0.6668182836605347,0.7275504664092747,0.5066882124774634,3,((RBF(l=1)+Per(p=672))+Per(p=12)),"[np.str_('+'), np.str_('+')]"
S2,Seasonal,0.9424845016184268,0.9709225789476775,0.0,0.7984828012312086,0.7707580660234346,0.0,2,(Per(p=672)*Per(p=672)),[np.str_('*')]
S1,Composite,0.999999999682149,0.9999999997531361,0.0,0.9999999997814525,0.9999999998302613,0.3124198942133095,2,(Lin(σ=0)*Per(p=4)),[np.str_('*')]
S2,Seasonal,0.4460453924116965,0.341183623395811,0.0,0.46541789132391564,0.5304414446394577,0.4813156243523987,5,((((Per(p=30)*Per(p=24))+Per(p=336))+Per(p=7))+RBF(l=0.1)),"[np.str_('*'), np.str_('+'), np.str_('+'), np.str_('+')]"
S2,Seasonal,0.0005489772594078346,0.5309341690587592,0.0,0.0,0.1225944954601138,0.0,4,(((Per(p=10)+Per(p=672))*Per(p=365))*RQ(α=0.1)),"[np.str_('+'), np.str_('*'), np.str_('*')]"
S2,Seasonal,0.5390278516411589,0.6963408689531558,0.0,0.6965271444723387,0.851558410643174,0.6001195623841807,4,(((Per(p=24)*Per(p=60))+RQ(α=1))+Per(p=10)),"[np.str_('*'), np.str_('+'), np.str_('+')]"
S2,Seasonal,0.6005213601841357,0.8205038708456669,0.0,0.6920173304546505,0.8432947517152216,0.10319288633017787,2,(RBF(l=10)+Per(p=48)),[np.str_('+')]
S2,Seasonal,0.1738789084206288,0.14396354870562267,0.0,0.48832476345080955,0.2279965893753434,0.37030003926858623,3,((RBF(l=0.1)*WN(σ=0.1))*Per(p=365)),"[np.str_('*'), np.str_('*')]"
S2,Seasonal,0.018752022667872126,0.9999877334137679,0.0,0.04924506142689089,0.999991733554373,0.3262149863833004,1,Per(p=26),['None']
S2,Seasonal,0.44325491651332805,0.8020634529317064,0.0,0.5524201524085337,0.9166511901123536,0.6293229953162325,5,((((Const(1)*Per(p=24))+Per(p=40))+Per(p=4))*Per(p=24)),"[np.str_('*'), np.str_('+'), np.str_('+'), np.str_('*')]"
S1,Composite,0.9040590217440535,0.9615978202659872,0.0,0.9400717283869549,0.9752949005485027,0.36376304990589703,4,(((Lin(σ=1)+Per(p=6))+Per(p=24))*Per(p=96)),"[np.str_('+'), np.str_('+'), np.str_('*')]"
S1,Composite,0.919105968243664,0.9848234482996153,0.0,0.977383983802302,0.9960833491355084,0.7336088093021805,4,(((Lin(σ=10)+Per(p=6))*Per(p=48))+Per(p=7)),"[np.str_('+'), np.str_('*'), np.str_('+')]"
S2,Seasonal,0.05632553088302328,0.28065911626455387,0.0,0.22744403222395215,0.8314183092734413,0.8535960209819154,5,((((Per(p=40)*Per(p=672))+RBF(l=10))*Per(p=30))*RQ(α=10)),"[np.str_('*'), np.str_('+'), np.str_('*'), np.str_('*')]"
S1,Composite,0.03333902573767933,0.0,0.0,0.15855856230533738,0.0709058937949163,0.4876933402592638,5,((((RQ(α=10)+Per(p=4))+Lin(σ=10))*RBF(l=1))+Per(p=6)),"[np.str_('+'), np.str_('+'), np.str_('*'), np.str_('+')]"
S3,Stationary,0.13288254201463545,0.20244499654634962,0.0,0.3555092218374709,0.2969792577319502,0.28806384588850464,1,WN(σ=0.1),['None']
S2,Seasonal,0.7467522962728426,0.6887471972343524,0.0,0.8322006728142327,0.8120879383132089,0.46437601539386575,5,((((Per(p=10)+Per(p=730))+Per(p=730))+Const(1))+RQ(α=1)),"[np.str_('+'), np.str_('+'), np.str_('+'), np.str_('+')]"
S2,Seasonal,0.1760224630626276,0.3407967208832726,0.0,0.32105329210476796,0.5372763873520134,0.560807555609574,2,(RBF(l=1)*Per(p=7)),[np.str_('*')]
S2,Seasonal,0.01590349281917447,0.2482640336040448,0.0,0.010555985510380839,0.45999690867944243,0.47683311142131546,3,((Per(p=4)+Const(1))*RBF(l=1)),"[np.str_('+'), np.str_('*')]"
S2,Seasonal,0.6427882083677867,0.7540024174845201,0.0,0.8561451870552258,0.9556186616410475,0.8706266260354294,2,(Per(p=96)+Per(p=40)),[np.str_('+')]
S2,Seasonal,0.9414664175405028,0.9873786581825084,0.0,0.9892071878628599,0.9976907250104321,0.8267375100933687,2,(Per(p=336)*Per(p=10)),[np.str_('*')]
S2,Seasonal,0.6675626906535408,0.755431375082955,0.0,0.6618085341337987,0.7502020308175318,0.0,1,Per(p=14),['None']
S2,Seasonal,0.9995367950516515,0.06819641968448675,0.0,0.9999883809059221,0.8620809262454305,0.9753166482968947,3,((Per(p=672)+Per(p=336))*Per(p=730)),"[np.str_('+'), np.str_('*')]"
S2,Seasonal,0.03717748294805956,0.498000825068729,0.0,0.0,0.6650302803093854,0.0,2,(Per(p=365)+RQ(α=0.1)),[np.str_('+')]
S2,Seasonal,0.15141333183285022,0.9999785803606654,0.0,0.24498872416154194,0.9999851265535421,0.3053099864075989,1,Per(p=7),['None']
S1,Composite,0.02657179587174685,0.8269351621120944,0.0,0.0,0.7162129273852359,0.0,4,(((RBF(l=0.1)*Per(p=30))+Lin(σ=1))*RBF(l=10)),"[np.str_('*'), np.str_('+'), np.str_('*')]"
S2,Seasonal,0.18027764202320784,0.18431052341256504,0.0,0.34558388860355904,0.26440175278812283,0.3369973094252967,3,((RQ(α=0.1)*Per(p=48))*Per(p=12)),"[np.str_('*'), np.str_('*')]"
S2,Seasonal,0.8639830756286558,0.7280785498256896,0.0,0.0,0.17071116072141956,0.0,5,((((RBF(l=0.1)+Per(p=10))*WN(σ=0.1))+Per(p=672))+RQ(α=1)),"[np.str_('+'), np.str_('*'), np.str_('+'), np.str_('+')]"
S2,Seasonal,0.49515409303218927,0.7843012794574225,0.0,0.5560319862824001,0.8505590939581387,0.36355614383469415,3,((RQ(α=10)*Per(p=12))+Per(p=12)),"[np.str_('*'), np.str_('+')]"
S2,Seasonal,0.5671607565042888,0.5107428083534906,0.0,0.697688489611752,0.6507520893507992,0.4368565014344137,4,(((Per(p=730)+Per(p=26))+RBF(l=0.1))+RQ(α=1)),"[np.str_('+'), np.str_('+'), np.str_('+')]"
S2,Seasonal,0.0004967951389727165,0.9216941331891355,0.0,0.11349486823030397,0.9880942555316365,0.8462658327899736,2,(Per(p=96)+Per(p=96)),[np.str_('+')]
S2,Seasonal,0.2401118737721153,0.5161344502483893,0.0,0.3988706506579035,0.7477037958078139,0.6347193410195523,3,((Per(p=30)*Per(p=12))+WN(σ=0.1)),"[np.str_('*'), np.str_('+')]"
S2,Seasonal,0.3159206365572299,0.5681434483672667,0.0,0.527112481099338,0.7555152354566751,0.7545358642849074,3,((Per(p=168)*Per(p=52))+Per(p=60)),"[np.str_('*'), np.str_('+')]"
S1,Composite,0.9200036963442518,0.9910340066304398,0.0,0.9282414452243621,0.9911685041074497,0.005771385086710601,5,((((Per(p=7)+WN(σ=0.1))*Per(p=48))+Lin(σ=0))*Per(p=40)),"[np.str_('+'), np.str_('*'), np.str_('+'), np.str_('*')]"
S1,Composite,0.9995974020128376,0.7217630993084241,0.0,0.9987461949318139,0.5903873400767541,0.0,5,((((RQ(α=1)+Per(p=168))+Lin(σ=10))+Per(p=168))+Per(p=730)),"[np.str_('+'), np.str_('+'), np.str_('+'), np.str_('+')]"
S3,Stationary,0.17345123881988522,0.3013718199803035,0.0,0.3748035691849485,0.5661648875664613,0.659502344758423,1,RQ(α=1),['None']
S1,Composite,0.4227222208875543,0.8234260572701754,0.0,0.46383524400604714,0.8451547490037234,0.0845739529920555,3,((RBF(l=10)*Lin(σ=0))+Per(p=14)),"[np.str_('*'), np.str_('+')]"
S1,Composite,0.9873566522501387,0.7678309632954462,0.0,0.9952915429266677,0.9341247708174403,0.6265796197817772,3,((Const(1)*Lin(σ=0))+Per(p=52)),"[np.str_('*'), np.str_('+')]"
S2,Seasonal,0.00740938649993339,0.3534453401463501,0.0,0.008938978706487855,0.5985357780450746,0.5491539087166399,4,(((Per(p=48)+Const(1))+RBF(l=0.1))*RBF(l=1)),"[np.str_('+'), np.str_('+'), np.str_('*')]"
S2,Seasonal,0.08745029771862256,0.20277314846152839,0.0,0.05777762824366284,0.6958972530757166,0.6368062182119187,4,(((Per(p=12)*Per(p=60))*Per(p=10))+Const(1)),"[np.str_('*'), np.str_('*'), np.str_('+')]"
S1,Composite,0.03977052761144417,0.15326428027110361,0.0,0.07296387098560542,0.3727836853814339,0.32473595217885465,5,((((Per(p=365)+Lin(σ=10))+RBF(l=0.1))*RBF(l=0.1))+Per(p=30)),"[np.str_('+'), np.str_('+'), np.str_('*'), np.str_('+')]"
S3,Stationary,0.012242658520346006,0.1711724456713064,0.0,0.05608984139300821,0.3177521202929585,0.3668424378549685,1,Const(1),['None']
S2,Seasonal,0.12791713023509677,0.3661016569068911,0.0,0.2768690395532615,0.6438982271081535,0.7041982341062083,4,(((Per(p=14)+WN(σ=1))+Per(p=10))+Per(p=40)),"[np.str_('+'), np.str_('+'), np.str_('+')]"
S2,Seasonal,0.0,0.35861143435266596,0.0,0.03945718561073386,0.6496268962895496,0.5120544670924712,4,(((WN(σ=0.1)*Per(p=14))+Per(p=7))*Per(p=52)),"[np.str_('*'), np.str_('+'), np.str_('*')]"
S1,Composite,0.9999673111751208,0.5634476472841198,0.0,0.9999814080499896,0.717859622469615,0.4307973328588891,3,((Lin(σ=0)+Per(p=48))+RQ(α=0.1)),"[np.str_('+'), np.str_('+')]"
S2,Seasonal,0.009046021123181536,0.41358479570287043,0.0,0.0,0.232700097761394,0.0,4,(((RBF(l=10)+Per(p=52))*Per(p=10))*Per(p=168)),"[np.str_('+'), np.str_('*'), np.str_('*')]"
S2,Seasonal,0.31020331127030953,0.4673933355030613,0.0,0.39375768359432495,0.6912303743778536,0.5922392478014911,4,(((Per(p=12)+RQ(α=10))*Const(1))+RBF(l=0.1)),"[np.str_('+'), np.str_('*'), np.str_('+')]"
S2,Seasonal,0.2724154540316922,0.10802966512913115,0.0,0.5091573977390609,0.13725880086008346,0.21993575441494218,4,(((Const(1)*Per(p=60))*RBF(l=0.1))*RBF(l=10)),"[np.str_('*'), np.str_('*'), np.str_('*')]"
S3,Stationary,0.0,0.1873883548583125,0.0,0.03084580089761324,0.42023691523047735,0.3916612842216489,2,(RQ(α=0.1)+RBF(l=0.1)),[np.str_('+')]
S2,Seasonal,0.0627006783856886,0.1262053980158352,0.0,0.17570849200478356,0.2694984630596846,0.3657696217244142,4,(((RQ(α=1)*WN(σ=1))*Per(p=730))*RBF(l=0.1)),"[np.str_('*'), np.str_('*'), np.str_('*')]"
S1,Composite,0.27461857669465095,0.12297220785374097,0.0,0.8513083365402332,0.8930471483241802,0.9318264910212558,3,((Lin(σ=0)*RBF(l=10))+Per(p=6)),"[np.str_('*'), np.str_('+')]"
S2,Seasonal,0.6784094534260493,0.8072044435207633,0.0,0.6786231393134637,0.8067906044183291,0.0,1,Per(p=6),['None']
S2,Seasonal,0.15046807280744146,0.33945325116987723,0.0,0.16289781616472776,0.5308926609033272,0.4679338283327973,5,((((Const(1)+RQ(α=1))+RBF(l=0.1))+Per(p=40))+WN(σ=0.1)),"[np.str_('+'), np.str_('+'), np.str_('+'), np.str_('+')]"
S2,Seasonal,0.45225324279764234,0.41788864310798546,0.0,0.5793035577271644,0.5250746406174938,0.3699869526984979,3,((Per(p=24)+Per(p=365))+WN(σ=1)),"[np.str_('+'), np.str_('+')]"
S2,Seasonal,0.0024841781904904048,0.37092867382538,0.0,0.03700943215531549,0.3053266090156146,0.0,5,((((Per(p=365)+Per(p=96))+Per(p=6))+Per(p=96))*Per(p=40)),"[np.str_('+'), np.str_('+'), np.str_('+'), np.str_('*')]"
S2,Seasonal,0.08544588136511211,0.8819804121264181,0.0,0.0,0.46506331110457355,0.0,2,(Per(p=672)+RBF(l=1)),[np.str_('+')]
S1,Composite,0.9759833844981456,0.6973160991909145,0.0,0.5607818879031583,0.3111633672348616,0.0,5,((((Per(p=730)+Per(p=7))+Per(p=14))+Lin(σ=1))*Per(p=672)),"[np.str_('+'), np.str_('+'), np.str_('+'), np.str_('*')]"
S2,Seasonal,0.9982418688142236,0.13907596860140803,0.0,0.9994477305596814,0.42762647008047927,0.6993621701887429,1,Per(p=730),['None']
S2,Seasonal,0.016151481910838816,0.9999883052540486,0.0,0.06575716758860461,0.9999931905986609,0.4178582835064768,1,Per(p=26),['None']
S2,Seasonal,0.06425749888508603,0.9999860547072947,0.0,0.13194732732850634,0.9999897543331933,0.2658302488488663,1,Per(p=12),['None']
S1,Composite,0.9962291811220737,0.0,0.0,0.9998160846277829,0.5295778370657501,0.9536654890927448,3,((Lin(σ=0)*Per(p=336))+Per(p=48)),"[np.str_('*'), np.str_('+')]"
S1,Composite,0.9999580700454915,0.27312062380654745,0.0,0.9999732175652829,0.43210029450351484,0.36149195613588303,4,(((Per(p=4)*Per(p=6))*RQ(α=1))+Lin(σ=1)),"[np.str_('*'), np.str_('*'), np.str_('+')]"
S1,Composite,0.9999974883842874,0.9402137890096582,0.0,0.9999987294523878,0.9670878128596498,0.49418348791149114,4,(((Const(1)+Lin(σ=1))+Per(p=30))+Per(p=26)),"[np.str_('+'), np.str_('+'), np.str_('+')]"
S1,Composite,0.9999601538888706,0.999978396393685,0.0,0.9999897534214702,0.9999944519563244,0.7430379071515498,3,((Lin(σ=10)+Per(p=52))*Per(p=30)),"[np.str_('+'), np.str_('*')]"
S2,Seasonal,0.16135042044648362,0.3251497183073033,0.0,0.23653057251983434,0.4564973977067762,0.3446644528570735,4,(((Per(p=365)+WN(σ=1))*Per(p=30))*Per(p=6)),"[np.str_('+'), np.str_('*'), np.str_('*')]"
S2,Seasonal,0.22973358177809833,0.6562620128405983,0.0,0.22323004508699074,0.6613050445775003,0.04776291283847711,3,((Per(p=336)+Per(p=24))*Per(p=7)),"[np.str_('+'), np.str_('*')]"
S2,Seasonal,0.019408270805483352,0.5783600803614006,0.0,0.0,0.10254432405748137,0.0,4,(((Per(p=40)*RQ(α=10))*Per(p=336))+WN(σ=0.1)),"[np.str_('*'), np.str_('*'), np.str_('+')]"
S2,Seasonal,0.46098343416915166,0.5489897642071011,0.0,0.7057816554538132,0.6997209993478992,0.5282971424599741,2,(Per(p=96)*Per(p=10)),[np.str_('*')]
S1,Composite,0.023644868826638965,0.11878390628951863,0.0,0.2177042174154894,0.34538762449659655,0.39705831697065597,5,((((Per(p=40)+Per(p=30))*Lin(σ=10))+Per(p=24))*RQ(α=0.1)),"[np.str_('+'), np.str_('*'), np.str_('+'), np.str_('*')]"
S2,Seasonal,0.46289285260443236,0.5831722462640183,0.0,0.5970451466474133,0.7956188874396714,0.5904806507697855,4,(((Per(p=7)+Const(1))*Per(p=10))+Per(p=96)),"[np.str_('+'), np.str_('*'), np.str_('+')]"
S2,Seasonal,0.03515931686683782,0.16946345796462037,0.0,0.08930920800330322,0.6525194560992378,0.6524208023474711,5,((((Per(p=60)+Per(p=10))*Per(p=26))*RQ(α=10))*Per(p=96)),"[np.str_('+'), np.str_('*'), np.str_('*'), np.str_('*')]"
S1,Composite,0.9999720967681973,0.9668778252417513,0.0,0.9999764808818155,0.9713044078523477,0.15705787293411888,3,((Lin(σ=10)+Per(p=24))+Per(p=52)),"[np.str_('+'), np.str_('+')]"
S2,Seasonal,0.1343699291892675,0.24686488350805325,0.0,0.323989106657957,0.4934376520890317,0.6158016156351477,5,((((Per(p=52)+Per(p=24))+Per(p=26))*Per(p=24))*RQ(α=1)),"[np.str_('+'), np.str_('+'), np.str_('*'), np.str_('*')]"
S2,Seasonal,0.18270311719052423,0.1244353356292478,0.0,0.45128486757003317,0.22468336808041678,0.4345845794159685,4,(((RBF(l=10)+Per(p=30))*Per(p=7))*WN(σ=0.1)),"[np.str_('+'), np.str_('*'), np.str_('*')]"
S2,Seasonal,0.0,0.9959478013813786,0.0,0.13674185199456879,0.9980086894585459,0.5223854153645524,3,((Per(p=40)*Per(p=40))*Const(1)),"[np.str_('*'), np.str_('*')]"
S2,Seasonal,0.6786190195040216,0.6226632324235752,0.0,0.7267674815034347,0.7023061761214888,0.3284925906457524,2,(Per(p=60)*Per(p=336)),[np.str_('*')]
S2,Seasonal,0.5305904919646497,0.7012333565702836,0.0,0.8955702975469905,0.9564006988736959,0.9045537992754865,5,((((Per(p=96)*Per(p=60))+Per(p=60))+Per(p=6))+Per(p=730)),"[np.str_('*'), np.str_('+'), np.str_('+'), np.str_('+')]"
S3,Stationary,0.07182728621036782,0.2146509969078234,0.0,0.16014590167019915,0.3431418901348895,0.3440985849649266,2,(WN(σ=0.1)*WN(σ=1)),[np.str_('*')]
S3,Stationary,0.1799695817827145,0.2833474322896694,0.0,0.24980206320263998,0.3392160519847459,0.21861272924910913,1,WN(σ=0.1),['None']
S2,Seasonal,0.0947013929389513,0.4631622282414921,0.0,0.3724614451864128,0.8727399843470819,0.8283214885037897,2,(Per(p=96)+RQ(α=10)),[np.str_('+')]
S2,Seasonal,0.5162753628481245,0.4825690722132666,0.0,0.5814804574304254,0.5055053644738643,0.08315363640011197,3,((Per(p=6)+Per(p=26))+Per(p=4)),"[np.str_('+'), np.str_('+')]"
S3,Stationary,0.3132253397134346,0.33298406884492904,0.0,0.5641600285720848,0.6572462228704907,0.7838353673141966,2,(RQ(α=10)*RBF(l=10)),[np.str_('*')]
S4,Trending,0.02083806084079942,0.21137991394154343,0.0,0.11585642149694064,0.45520820199043477,0.49499156645944264,2,(Lin(σ=10)*RQ(α=0.1)),[np.str_('*')]
S3,Stationary,0.07441500904494358,0.28901731626736904,0.0,0.15315228383412072,0.3487954330981231,0.2603544507435347,1,WN(σ=0.1),['None']
S2,Seasonal,0.1899713250731867,0.5983591066218481,0.0,0.06922009325447132,0.15797659660747532,0.0,1,Per(p=365),['None']
S2,Seasonal,0.9389212679690668,0.9879588552815071,0.0,0.9431190268028025,0.9906435469918627,0.22506503976589365,2,(Per(p=60)+Per(p=10)),[np.str_('+')]
S2,Seasonal,0.2843844617435296,0.25587251163790425,0.0,0.510917078831352,0.6839786304829594,0.7810784883104869,4,(((RBF(l=1)*Per(p=365))+Per(p=365))*Per(p=96)),"[np.str_('*'), np.str_('+'), np.str_('*')]"
S2,Seasonal,0.10349650754257045,0.309516667330331,0.0,0.1720229648765893,0.471708347307203,0.5140785667258749,4,(((RQ(α=10)*Per(p=730))*WN(σ=0.1))+RBF(l=1)),"[np.str_('*'), np.str_('*'), np.str_('+')]"
S2,Seasonal,0.06542202994315616,0.6820545235826814,0.0,0.030676317514110152,0.7495866791383212,0.2780320955896354,2,(Per(p=6)*Per(p=6)),[np.str_('*')]
S2,Seasonal,0.07012008048737606,0.4851914946408078,0.0,0.10619416705413864,0.6021841456066493,0.3550972156393508,2,(RBF(l=0.1)+Per(p=12)),[np.str_('+')]
S3,Stationary,0.13248286174392754,0.3177347575322552,0.0,0.18112209737890816,0.4142657375883526,0.3352165552053218,1,RBF(l=0.1),['None']
S2,Seasonal,0.2117972574950714,0.34894873132739446,0.0,0.2699849543821663,0.43480018610498716,0.3688235409592131,5,((((RQ(α=1)+Per(p=12))+RQ(α=0.1))*Per(p=10))*Per(p=336)),"[np.str_('+'), np.str_('+'), np.str_('*'), np.str_('*')]"
S2,Seasonal,0.029279466224084505,0.3349655470005831,0.0,0.08596124995956,0.4924841736171346,0.45892149193402143,3,((Per(p=14)*Per(p=10))+WN(σ=1)),"[np.str_('*'), np.str_('+')]"
S2,Seasonal,0.008088338507839965,0.5541516116226781,0.0,0.020127405903143103,0.7075834059185349,0.4765666199935309,3,((Per(p=14)+Per(p=60))+RBF(l=0.1)),"[np.str_('+'), np.str_('+')]"
S2,Seasonal,0.0,0.9978632978369824,0.0,0.33412543199007705,0.9997005008079862,0.8603859418352041,1,Per(p=48),['None']
S3,Stationary,0.15807870883607023,0.21998240119576107,0.0,0.33411093154359817,0.2879926208505892,0.23396119921168435,1,WN(σ=1),['None']
S2,Seasonal,0.42249294762542566,0.834576094298848,0.0,0.8771638958897854,0.9791617027581849,0.8904567324464965,3,((Per(p=40)*Per(p=672))*Per(p=730)),"[np.str_('*'), np.str_('*')]"
S2,Seasonal,0.1307980697575558,0.4673912227325945,0.0,0.23216159889398413,0.8424542806865527,0.7886825993358735,3,((Per(p=10)+Per(p=48))*Per(p=96)),"[np.str_('+'), np.str_('*')]"
S2,Seasonal,0.2651008240381968,0.665713018886863,0.0,0.4888980059291288,0.9094204790708826,0.7555293154683986,4,(((Per(p=365)+Per(p=24))*Per(p=40))+Per(p=24)),"[np.str_('+'), np.str_('*'), np.str_('+')]"
S2,Seasonal,0.3067814084041486,0.6389176218979506,0.0,0.4800540070667625,0.7646037340553345,0.39776550107870134,3,((Per(p=7)*Per(p=672))+Per(p=60)),"[np.str_('*'), np.str_('+')]"
S2,Seasonal,0.17775249996194775,0.2122962880199495,0.0,0.31806500756789613,0.4059371137134633,0.5889592929671175,5,((((RQ(α=0.1)*Per(p=30))+RQ(α=1))+Per(p=12))+Per(p=96)),"[np.str_('*'), np.str_('+'), np.str_('+'), np.str_('+')]"
S2,Seasonal,0.08136109869795227,0.29419919141056194,0.0,0.10427779591072206,0.5655231639457436,0.5854867124181257,5,((((Per(p=24)+RQ(α=0.1))+Per(p=40))+Per(p=30))*Per(p=40)),"[np.str_('+'), np.str_('+'), np.str_('+'), np.str_('*')]"
S2,Seasonal,0.47569438874777337,0.45889182022561936,0.0,0.7969235013607263,0.8350725716849955,0.8024169015894883,3,((Per(p=24)*Per(p=30))+Per(p=336)),"[np.str_('*'), np.str_('+')]"
S2,Seasonal,0.7661231935048513,0.7147909500151775,0.0,0.7759084112301261,0.7423103650869595,0.1274927709382997,4,(((Per(p=7)*Per(p=7))*Per(p=14))+Per(p=336)),"[np.str_('*'), np.str_('*'), np.str_('+')]"
S2,Seasonal,0.0074961213591683284,0.6785843234405633,0.0,0.06045940006806927,0.7825619149352424,0.3050045517746449,2,(WN(σ=0.1)+Per(p=24)),[np.str_('+')]
S2,Seasonal,0.0,0.9951163285464211,0.0,0.013632816014058635,0.9991049455659504,0.8189164809083065,1,Per(p=48),['None']
S1,Composite,0.0,0.09484353994018269,0.0,0.17607028474630648,0.25302058519766446,0.3129111443816526,5,((((Lin(σ=0)+Per(p=7))*Per(p=10))+WN(σ=0.1))*WN(σ=0.1)),"[np.str_('+'), np.str_('*'), np.str_('+'), np.str_('*')]"
S2,Seasonal,0.01968314592828435,0.9999814153109512,0.0,0.07540508565562165,0.999988497413891,0.3810803141905129,1,Per(p=24),['None']
S2,Seasonal,0.0,0.9952068304255168,0.0,0.2629965485416106,0.9990381805956899,0.8017565350200387,1,Per(p=40),['None']
S2,Seasonal,0.5606087358027639,0.8133156741324058,0.0,0.8015084376231242,0.9543891756659421,0.7908334365134048,3,((Per(p=30)*Per(p=365))+Per(p=14)),"[np.str_('*'), np.str_('+')]"
S2,Seasonal,0.26751468845725834,0.7266231461211548,0.0,0.03594534839368435,0.19025234488706289,0.0,1,Per(p=336),['None']
S2,Seasonal,0.4093967365592772,0.3492512204277556,0.0,0.5683281002438434,0.5069262394208316,0.3235084882614053,4,(((Per(p=10)*Per(p=4))*Const(1))*Per(p=336)),"[np.str_('*'), np.str_('*'), np.str_('*')]"
S1,Composite,0.9994272831014928,0.11059950603235402,0.0,0.999993699194069,0.8482832709669259,0.9893445635410621,5,((((Lin(σ=10)*Per(p=365))+Per(p=24))+Const(1))+Per(p=26)),"[np.str_('*'), np.str_('+'), np.str_('+'), np.str_('+')]"
S2,Seasonal,0.34022703911303154,0.18746105662869117,0.0,0.5023767466381467,0.43612777643864564,0.6485969105425436,5,((((Per(p=10)+Per(p=14))*Per(p=672))*Per(p=12))+RBF(l=1)),"[np.str_('+'), np.str_('*'), np.str_('*'), np.str_('+')]"
S2,Seasonal,0.3400275811613379,0.6000340086658912,0.0,0.4469835656107377,0.7435148434445167,0.5009098288519536,2,(Per(p=7)+RBF(l=1)),[np.str_('+')]
S2,Seasonal,0.12364181504484606,0.2542868650160678,0.0,0.17196693111089667,0.46822712090319785,0.3357918869354244,3,((RBF(l=0.1)+Per(p=30))*Per(p=7)),"[np.str_('+'), np.str_('*')]"
S2,Seasonal,0.05347556139474263,0.22132665019703956,0.0,0.07591894921405118,0.3649531343761804,0.3265341446691076,3,((Per(p=4)*Per(p=6))*Per(p=10)),"[np.str_('*'), np.str_('*')]"
S2,Seasonal,0.06186931342997082,0.26880479920010436,0.0,0.11048286110019923,0.4782433100852864,0.6001121781029364,4,(((RQ(α=1)+Per(p=52))*Per(p=60))*Per(p=12)),"[np.str_('+'), np.str_('*'), np.str_('*')]"
S2,Seasonal,0.0,0.7652893217830775,0.0,0.42704332444300597,0.9762376858910107,0.9284852090794744,2,(Per(p=96)*Per(p=30)),[np.str_('*')]
S3,Stationary,0.22872003353774562,0.30443056286320935,0.0,0.2707182331791047,0.6332277838770067,0.6158375019995217,1,RBF(l=10),['None']
S2,Seasonal,0.32076659988802925,0.4649912314119443,0.0,0.4805805208540995,0.7306708282989189,0.6972092362261251,2,(Per(p=26)+RQ(α=10)),[np.str_('+')]
S2,Seasonal,0.13883326349447556,0.4750961172763143,0.0,0.21508071970926435,0.6240519093724282,0.32381023257103925,5,((((Per(p=10)*RBF(l=10))+Per(p=336))+Per(p=4))*Per(p=14)),"[np.str_('*'), np.str_('+'), np.str_('+'), np.str_('*')]"
S2,Seasonal,0.30449558136887256,0.3979914169715758,0.0,0.3412347408964068,0.6901170161909704,0.6721188641105391,5,((((Per(p=40)+RBF(l=0.1))*Per(p=48))+Const(1))*Per(p=60)),"[np.str_('+'), np.str_('*'), np.str_('+'), np.str_('*')]"
S2,Seasonal,0.15879199316484327,0.6863106242876507,0.0,0.1777042398300177,0.7571315525598795,0.4229205180998117,3,((Per(p=336)*Per(p=4))*Per(p=26)),"[np.str_('*'), np.str_('*')]"
S2,Seasonal,0.248661957588882,0.2524748942120306,0.0,0.30980724238122015,0.5109992359594797,0.662216501316265,5,((((Per(p=7)+WN(σ=0.1))+Per(p=30))+Per(p=96))*Per(p=168)),"[np.str_('+'), np.str_('+'), np.str_('+'), np.str_('*')]"
S1,Composite,0.3329585536494004,0.3055722764700659,0.0,0.6957168079658194,0.7618847741122785,0.8365463615613441,3,((RQ(α=10)*Lin(σ=1))+Per(p=30)),"[np.str_('*'), np.str_('+')]"
S2,Seasonal,0.0,0.4347638619020753,0.0,0.2763181488799342,0.9283308231922729,0.9228041599752148,4,(((Per(p=96)+WN(σ=0.1))*Per(p=30))*Const(1)),"[np.str_('+'), np.str_('*'), np.str_('*')]"
S1,Composite,0.9999736797412958,0.06663053455399714,0.0,0.9999985451227903,0.6282840113634222,0.9450494048510718,3,((Lin(σ=1)*Per(p=730))+RQ(α=10)),"[np.str_('*'), np.str_('+')]"
S2,Seasonal,0.579604535535227,0.22966756830860757,0.0,0.7112311410734085,0.3277557614650882,0.39043947712571647,5,((((RBF(l=1)*RBF(l=1))+Per(p=730))+Per(p=6))+Per(p=14)),"[np.str_('*'), np.str_('+'), np.str_('+'), np.str_('+')]"
S1,Composite,0.9768122973591402,0.9899098488700449,0.0,0.9779986385845895,0.9911948155712477,0.1336081898175594,3,((Lin(σ=0)+RBF(l=1))*Per(p=52)),"[np.str_('+'), np.str_('*')]"
S2,Seasonal,0.0005647474689738363,0.996436942819803,0.0,0.0,0.9887411836295349,0.0,1,Per(p=168),['None']
S2,Seasonal,0.27572777011547545,0.45996449731450484,0.0,0.07528271870968217,0.5082271854788172,0.1809221101900086,1,Per(p=60),['None']
S2,Seasonal,0.024262850662865043,0.25544212286599055,0.0,0.07558763546016989,0.8748352901938423,0.8731030621656506,4,(((Per(p=40)*Const(1))*RQ(α=1))+RQ(α=10)),"[np.str_('*'), np.str_('*'), np.str_('+')]"
S4,Trending,0.9999999980910986,0.2523383810691109,0.0,0.9999999987217634,0.37094145330581785,0.3303834108198923,1,Lin(σ=1),['None']
S2,Seasonal,0.541199321882157,0.15740755876756174,0.0,0.6619175631482618,0.23013338683162443,0.39375548854017406,2,(Per(p=7)*Per(p=365)),[np.str_('*')]
S2,Seasonal,0.016220285087681807,0.4880296907175523,0.0,0.11653814551386965,0.7212206430549253,0.649210369680188,5,((((RBF(l=1)*Per(p=30))+Per(p=26))+Per(p=60))+RBF(l=1)),"[np.str_('*'), np.str_('+'), np.str_('+'), np.str_('+')]"
S1,Composite,0.49447789582766477,0.1416816519792703,0.0,0.5763379044661678,0.38898450353783975,0.3402828330620532,5,((((Per(p=24)+Per(p=672))+WN(σ=1))+Per(p=96))*Lin(σ=1)),"[np.str_('+'), np.str_('+'), np.str_('+'), np.str_('*')]"
S2,Seasonal,0.3168928903828927,0.8486747786234718,0.0,0.3587979621722296,0.9467417665806004,0.6347238749753596,1,Per(p=336),['None']
S2,Seasonal,0.7082924460645044,0.7627639244683144,0.0,0.8505871087535317,0.9022803309017623,0.6580975690107922,5,((((Per(p=365)+Per(p=168))*Per(p=365))*Per(p=24))+Per(p=10)),"[np.str_('+'), np.str_('*'), np.str_('*'), np.str_('+')]"
S2,Seasonal,0.1256367311569948,0.999991435579231,0.0,0.23962698932765703,0.9999938804064831,0.28581561424823854,2,(Per(p=7)*Const(1)),[np.str_('*')]
S2,Seasonal,0.9364407207945692,0.9735525257851103,0.0,0.6783927165725889,0.886975184170837,0.0,2,(Per(p=672)*Per(p=730)),[np.str_('*')]
S2,Seasonal,0.43517066618621725,0.3266065465976056,0.0,0.45849727687843156,0.38754384965378474,0.23707271168452315,3,((Per(p=60)*RQ(α=0.1))+Per(p=672)),"[np.str_('*'), np.str_('+')]"
S2,Seasonal,0.9411921122522242,0.8697403578080961,0.0,0.9489366876628607,0.8851919625365383,0.156900932487003,4,(((Per(p=6)+Per(p=730))+RBF(l=10))+Per(p=7)),"[np.str_('+'), np.str_('+'), np.str_('+')]"
S2,Seasonal,0.366379278660278,0.4660508472241719,0.0,0.43606453733602046,0.6589978544932532,0.4796568523855351,3,((Per(p=7)*Per(p=24))*Per(p=6)),"[np.str_('*'), np.str_('*')]"
S2,Seasonal,0.21463096489101152,0.48934037886543647,0.0,0.31123309439600766,0.6002428855612856,0.3043714202012,4,(((WN(σ=1)*Const(1))+Per(p=14))+Per(p=730)),"[np.str_('*'), np.str_('+'), np.str_('+')]"
S2,Seasonal,0.0,0.9977014189017286,0.0,0.09033190206948793,0.999815051415044,0.9197831559257864,1,Per(p=52),['None']
S2,Seasonal,0.9791326201820834,0.9239514451551729,0.0,0.9784818979568569,0.923708264026758,0.007798349267214011,1,Per(p=730),['None']
S3,Stationary,0.0,0.8000600917062792,0.0,0.003070377440680505,0.6891338126560704,0.0,1,RQ(α=1),['None']
S2,Seasonal,0.6780049575149001,0.7835824351087688,0.0,0.674435018828537,0.7797918551422581,0.0,1,Per(p=12),['None']
S2,Seasonal,0.05779146453478701,0.9198030687572488,0.0,0.2302244837295513,0.9876952412300398,0.8568222901236998,2,(Per(p=60)+Per(p=52)),[np.str_('+')]
S1,Composite,0.999869340654667,0.5755898902553751,0.0,0.9999424886981619,0.7547837789465702,0.5597576049207662,5,((((RQ(α=1)+Per(p=14))+Lin(σ=10))+Per(p=4))+Per(p=10)),"[np.str_('+'), np.str_('+'), np.str_('+'), np.str_('+')]"
S3,Stationary,0.17352907457840072,0.180761679104969,0.0,0.2774582503717449,0.25006068626263833,0.3502440743895847,2,(RQ(α=0.1)+RBF(l=1)),[np.str_('+')]
S2,Seasonal,0.21045951941904417,0.6489698200000031,0.0,0.0,0.15083687377597632,0.0,1,Per(p=365),['None']
S2,Seasonal,0.03903896431022136,0.9999930286902389,0.0,0.037361728626751356,0.9999942401776165,0.17390565494975707,1,Per(p=30),['None']
S2,Seasonal,0.028982087358842223,0.265727012286204,0.0,0.07965674578770832,0.45843121224645356,0.5401247482237258,5,((((Per(p=336)*RBF(l=0.1))+Per(p=26))*Per(p=10))+RBF(l=1)),"[np.str_('*'), np.str_('+'), np.str_('*'), np.str_('+')]"
S3,Stationary,0.235074472495023,0.29707872927808465,0.0,0.40334531167658894,0.5169713871840595,0.6398674271779444,1,RQ(α=1),['None']
S2,Seasonal,0.30718473599835894,0.8968429634080712,0.0,0.15368022480754862,0.8740895396311666,0.0,4,(((Per(p=4)+Const(1))*Per(p=672))*Per(p=672)),"[np.str_('+'), np.str_('*'), np.str_('*')]"
S2,Seasonal,0.062235459342890875,0.6316206422379602,0.0,0.01877989253508683,0.024103159404196717,0.0,5,((((WN(σ=1)+Per(p=96))+Per(p=12))*Per(p=336))+Per(p=4)),"[np.str_('+'), np.str_('+'), np.str_('*'), np.str_('+')]"
S2,Seasonal,0.34389474351522265,0.5551289978681544,0.0,0.5056679578628641,0.8065961594258402,0.6735464577169678,3,((RBF(l=1)+Per(p=10))+Per(p=24)),"[np.str_('+'), np.str_('+')]"
S2,Seasonal,0.23533671599252548,0.45963827320161177,0.0,0.323865254629351,0.5740038743423894,0.5186683011955768,2,(Per(p=40)*Per(p=26)),[np.str_('*')]
S3,Stationary,0.1570962183051633,0.199762471777448,0.0,0.2260204023953175,0.32516157191828243,0.2843170856927564,2,(RQ(α=1)*WN(σ=1)),[np.str_('*')]
S2,Seasonal,0.08558949525984272,0.7565207500542586,0.0,0.008379285446964313,0.9104385222819974,0.5627334311828487,4,(((Per(p=26)*Per(p=730))+Per(p=10))*Per(p=168)),"[np.str_('*'), np.str_('+'), np.str_('*')]"
S2,Seasonal,0.2432757177892434,0.26490032464785795,0.0,0.39906998066491417,0.4372105764045432,0.5639780615072417,4,(((RQ(α=0.1)+RBF(l=1))*Per(p=10))+Per(p=672)),"[np.str_('+'), np.str_('*'), np.str_('+')]"
S1,Composite,0.24425775929613813,0.37659297622168053,0.0,0.6326280624078434,0.8779944971975319,0.810715658678038,5,((((Lin(σ=1)*Const(1))*Per(p=96))+RQ(α=0.1))*Per(p=30)),"[np.str_('*'), np.str_('*'), np.str_('+'), np.str_('*')]"
S2,Seasonal,0.9993525778944844,0.09829332957519366,0.0,0.9999778450911808,0.7872123754677784,0.9667832770805271,1,Per(p=365),['None']
S2,Seasonal,0.16206561114804352,0.24927330262488345,0.0,0.1741324549631581,0.3888355208103841,0.4645608703167373,5,((((Per(p=96)*Per(p=30))*Per(p=52))*Per(p=26))*RBF(l=1)),"[np.str_('*'), np.str_('*'), np.str_('*'), np.str_('*')]"
S4,Trending,0.11330231662478629,0.14018565720751075,0.0,0.33679560718992496,0.24512334891856102,0.4529849351411298,4,(((RBF(l=10)*Lin(σ=1))+WN(σ=1))*RBF(l=1)),"[np.str_('*'), np.str_('+'), np.str_('*')]"
S1,Composite,0.008481486492967871,0.6356144290350005,0.0,0.0,0.1696246336310856,0.0,5,((((Per(p=4)*Lin(σ=0))*RQ(α=10))*Per(p=10))+Per(p=7)),"[np.str_('*'), np.str_('*'), np.str_('*'), np.str_('+')]"
S2,Seasonal,0.5290781192865743,0.8240378298985767,0.0,0.30161531937437647,0.8766625691418745,0.35286144505500605,2,(Per(p=30)*Per(p=30)),[np.str_('*')]
S2,Seasonal,0.28654377213818183,0.8321552060889815,0.0,0.4452847621141607,0.8641875988581691,0.21231859809411047,2,(Per(p=30)*Per(p=4)),[np.str_('*')]
S2,Seasonal,0.12076281444875214,0.5956740362298688,0.0,0.48334922052489937,0.9336592447798642,0.8739271969478668,3,((RQ(α=10)+Per(p=96))+WN(σ=0.1)),"[np.str_('+'), np.str_('+')]"
S2,Seasonal,0.015522855745108588,0.8765131390285312,0.0,0.08822143264944815,0.9468901717518946,0.6239281790105432,2,(Per(p=60)*Per(p=30)),[np.str_('*')]
S2,Seasonal,0.24736182545522112,0.31642497261634284,0.0,0.3971585034934004,0.5528879321819387,0.6168390808075138,3,((Per(p=30)+RBF(l=10))*Per(p=24)),"[np.str_('+'), np.str_('*')]"
S3,Stationary,0.1777926353065924,0.22957232515255,0.0,0.3743511447159311,0.4138898914199244,0.521902962869038,1,RQ(α=1),['None']
S2,Seasonal,0.061105650383273535,0.7533516935577604,0.0,0.009867501601522166,0.8237546131066937,0.031104997623264796,5,((((Const(1)+Per(p=672))*Per(p=96))+Per(p=26))*Per(p=168)),"[np.str_('+'), np.str_('*'), np.str_('+'), np.str_('*')]"
S2,Seasonal,0.14991950773586937,0.41381098989781606,0.0,0.3259676304233279,0.802388456421947,0.7652032089872325,4,(((RQ(α=1)+RQ(α=10))+Per(p=365))+Per(p=96)),"[np.str_('+'), np.str_('+'), np.str_('+')]"
S2,Seasonal,0.3527245115938048,0.6286466654422288,0.0,0.4350971990350684,0.7042834464891863,0.28309540406427014,3,((Per(p=168)+RBF(l=0.1))+Per(p=10)),"[np.str_('+'), np.str_('+')]"
S4,Trending,0.9999999993179575,0.0,0.0,0.9999999996422284,0.0,0.4754418269251094,1,Lin(σ=0),['None']
S1,Composite,0.07124012588753947,0.08712011253825014,0.0,0.09232793154002372,0.31670045407688574,0.49449318890890903,4,(((RBF(l=1)*Per(p=24))+RQ(α=0.1))*Lin(σ=10)),"[np.str_('*'), np.str_('+'), np.str_('*')]"
S2,Seasonal,0.06767125419616538,0.9999742553631171,0.0,0.18816621673133882,0.9999825908905465,0.32410492467753127,1,Per(p=12),['None']
S2,Seasonal,0.9998309882341568,0.9996231625498675,0.0,0.9999879218596803,0.9999734838195049,0.929653539833795,2,(Per(p=730)+Per(p=4)),[np.str_('+')]
S2,Seasonal,0.07344570390371596,0.23188895705992063,0.0,0.2055578544891844,0.39254189244750626,0.3713982644835586,2,(RBF(l=0.1)*Per(p=24)),[np.str_('*')]
S2,Seasonal,0.8730195800501712,0.9398148773139893,0.0,0.8962658051664624,0.9666803126561109,0.4608173613595208,2,(Per(p=52)+Per(p=12)),[np.str_('+')]
S1,Composite,0.9997481397558725,0.6393322996092851,0.0,0.999873377162564,0.7870954933856726,0.49763582006482454,2,(Per(p=60)+Lin(σ=0)),[np.str_('+')]
S2,Seasonal,0.0959946269766756,0.253815117784125,0.0,0.2415097814518018,0.6005863905873405,0.6432657417368011,5,((((RQ(α=10)*Per(p=24))*Per(p=60))*Per(p=365))+RQ(α=0.1)),"[np.str_('*'), np.str_('*'), np.str_('*'), np.str_('+')]"
S1,Composite,0.999880383730417,0.9999765647317193,0.0,0.9999651155515127,0.9999931768591954,0.7085631773657616,5,((((Lin(σ=1)*Per(p=12))+Per(p=24))+Per(p=365))+RBF(l=1)),"[np.str_('*'), np.str_('+'), np.str_('+'), np.str_('+')]"
S2,Seasonal,0.027587663270695728,0.9999961318288658,0.0,0.04871601970895112,0.999997489119958,0.35101923786238,1,Per(p=26),['None']
S2,Seasonal,0.999942143475163,0.9999030691453586,0.0,0.9999599457608176,0.9999326225291947,0.3078959855184148,2,(Per(p=6)*Per(p=730)),[np.str_('*')]
S3,Stationary,0.1491913223529252,0.20455142242813507,0.0,0.29388620359059014,0.3738167426930843,0.5919377894744844,1,RBF(l=1),['None']
S4,Trending,0.9999778467677065,0.0,0.0,0.9999801810074759,0.0,0.10541622192705724,1,Lin(σ=1),['None']
S2,Seasonal,0.1749331738969394,0.2333493841868034,0.0,0.3078365822222855,0.407066120552502,0.6786283080911848,2,(RQ(α=1)*Per(p=672)),[np.str_('*')]
S2,Seasonal,0.03489371978975009,0.511807907950812,0.0,0.211143866994847,0.5658500506281876,0.23069261619738257,4,(((Per(p=4)+Per(p=7))+Per(p=10))*Per(p=6)),"[np.str_('+'), np.str_('+'), np.str_('*')]"
S2,Seasonal,0.6823593058910385,0.609675793132026,0.0,0.7921683821121049,0.7407879461419056,0.5041107827786031,5,((((Per(p=10)*WN(σ=0.1))+Per(p=730))*Per(p=10))+RQ(α=1)),"[np.str_('*'), np.str_('+'), np.str_('*'), np.str_('+')]"
S2,Seasonal,0.35755807655850746,0.45625976253617073,0.0,0.5069008731458324,0.6003214945097854,0.462733728076116,4,(((RBF(l=1)*Const(1))+Per(p=12))*Per(p=672)),"[np.str_('*'), np.str_('+'), np.str_('*')]"
S2,Seasonal,0.6850090153650465,0.7945699407276118,0.0,0.6905092565141677,0.8111503709632859,0.10070867375122361,1,Per(p=12),['None']
S2,Seasonal,0.7795696311208097,0.4088316066847877,0.0,0.909236198200724,0.7347487076156861,0.7273337376358797,5,((((Per(p=26)+Per(p=10))+Per(p=672))+Per(p=96))+Per(p=14)),"[np.str_('+'), np.str_('+'), np.str_('+'), np.str_('+')]"
S4,Trending,0.9999999997257296,0.2309845410737008,0.0,0.9999999998008438,0.31791071245352165,0.2738664113379303,2,(Lin(σ=0)*Const(1)),[np.str_('*')]
S3,Stationary,0.0023152502361405425,0.5536274259325082,0.0,0.0,0.0,0.0,1,RQ(α=1),['None']
S2,Seasonal,0.08447332681760233,0.8126285323799662,0.0,0.24962188683947495,0.8841314438732811,0.38450813767238745,5,((((Per(p=12)*Per(p=365))+Per(p=336))*WN(σ=0.1))+Per(p=7)),"[np.str_('*'), np.str_('+'), np.str_('*'), np.str_('+')]"
S2,Seasonal,0.4995939417301347,0.3370405939483858,0.0,0.6144531112212701,0.47132878371566933,0.4315651372812386,4,(((Per(p=730)+Per(p=7))+RBF(l=1))*Per(p=52)),"[np.str_('+'), np.str_('+'), np.str_('*')]"
S2,Seasonal,0.20475742127785612,0.4936182309054641,0.0,0.6207508281353225,0.8398993713450713,0.8269134043764788,3,((Per(p=336)+Per(p=24))*RBF(l=10)),"[np.str_('+'), np.str_('*')]"
S2,Seasonal,0.02301542587830374,0.9999790734984366,0.0,0.048160567206044225,0.9999874410795533,0.3996814561095767,1,Per(p=30),['None']
S2,Seasonal,0.05611158254152826,0.3763635824891963,0.0,0.1014545717944787,0.5522866391354376,0.392668117651482,5,((((Per(p=14)*Per(p=48))*Const(1))*RBF(l=0.1))+Per(p=96)),"[np.str_('*'), np.str_('*'), np.str_('*'), np.str_('+')]"
S4,Trending,0.11002685647309352,0.13055717458106664,0.0,0.22972220464939264,0.4386207659260375,0.5423546820646822,3,((RQ(α=10)*RBF(l=1))*Lin(σ=0)),"[np.str_('*'), np.str_('*')]"
S1,Composite,0.18387110438949616,0.27679203011077924,0.0,0.6066410881951674,0.8039441104657645,0.8206406911185621,3,((Lin(σ=10)*RBF(l=10))*Per(p=48)),"[np.str_('*'), np.str_('*')]"
S1,Composite,0.9721010236117067,0.9218413572739496,0.0,0.0,0.2966418740826968,0.0,3,((Per(p=672)*Lin(σ=0))+Lin(σ=1)),"[np.str_('*'), np.str_('+')]"
S2,Seasonal,0.11410470272887441,0.7917861456646984,0.0,0.14684025238352805,0.8349564842877926,0.0959496317405526,4,(((Per(p=4)+Per(p=60))*Const(1))*Per(p=336)),"[np.str_('+'), np.str_('*'), np.str_('*')]"
S2,Seasonal,0.9996253457730272,0.9996842175861415,0.0,0.9999839814620136,0.9999868182905568,0.9582040657087282,2,(Per(p=672)+Per(p=30)),[np.str_('+')]
S2,Seasonal,0.48603599044746904,0.549841121443789,0.0,0.7734776545585356,0.8560853629746693,0.7580945996341917,3,((Per(p=26)+RQ(α=10))+Const(1)),"[np.str_('+'), np.str_('+')]"
S1,Composite,0.9999989236005037,0.9491126398181395,0.0,0.9999988883603205,0.9475305925453005,0.0,2,(Lin(σ=1)+Per(p=10)),[np.str_('+')]
S2,Seasonal,0.15458636020339944,0.2417627741292574,0.0,0.21515651108354472,0.393103693464006,0.3947927383996468,4,(((Per(p=672)*Per(p=336))+Per(p=30))*RQ(α=0.1)),"[np.str_('*'), np.str_('+'), np.str_('*')]"
S1,Composite,0.7649209678460245,0.9578612113592474,0.0,0.8903069265686696,0.9857327897794711,0.6483446875089998,5,((((Lin(σ=10)+Per(p=48))+WN(σ=0.1))*Per(p=60))+Lin(σ=1)),"[np.str_('+'), np.str_('+'), np.str_('*'), np.str_('+')]"
S2,Seasonal,0.26640050562000284,0.17747269742890015,0.0,0.3745873732074838,0.3030881668173807,0.34253239250775924,4,(((Per(p=336)+Per(p=40))*RBF(l=1))*RQ(α=1)),"[np.str_('+'), np.str_('*'), np.str_('*')]"
S2,Seasonal,0.4307930875460435,0.28462606944308844,0.0,0.4637902826114747,0.39193063044060095,0.3805654005512119,5,((((Per(p=48)+Per(p=24))+WN(σ=0.1))*RBF(l=1))*Per(p=26)),"[np.str_('+'), np.str_('+'), np.str_('*'), np.str_('*')]"
S2,Seasonal,0.04973744779000033,0.5536202727680737,0.0,0.06063860056431436,0.6914567869439128,0.3972268545639227,4,(((RBF(l=1)+WN(σ=0.1))+Per(p=336))+Per(p=365)),"[np.str_('+'), np.str_('+'), np.str_('+')]"
S2,Seasonal,0.9854053348286781,0.9360472687180339,0.0,0.0,0.35229428432570054,0.0,2,(Per(p=730)+Const(1)),[np.str_('+')]
S2,Seasonal,0.9993316462006976,0.09354706543978375,0.0,0.9998813970453894,0.6691451759422113,0.8268335756898118,1,Per(p=730),['None']
S2,Seasonal,0.045904366500223004,0.9993506020133306,0.0,0.7298739576539228,0.9999689906463561,0.9524882383990515,1,Per(p=48),['None']
S2,Seasonal,0.11130252947571806,0.14154232546272383,0.0,0.2867641421537913,0.2204511583377372,0.20944520377220677,4,(((WN(σ=0.1)*Per(p=6))*Per(p=672))*RQ(α=1)),"[np.str_('*'), np.str_('*'), np.str_('*')]"
S2,Seasonal,0.06776130774963296,0.27508159276268374,0.0,0.21046104233323049,0.6084940412911337,0.6798497155982351,2,(Per(p=52)*RQ(α=1)),[np.str_('*')]
S2,Seasonal,0.9970296616432391,0.9988672012113956,0.0,0.9992213019860485,0.9997040328049407,0.7424426348939883,2,(Per(p=14)*Per(p=730)),[np.str_('*')]
S2,Seasonal,0.10523114688357105,0.16285199270123218,0.0,0.32896675675498754,0.23145653596948412,0.25492761615088866,2,(WN(σ=1)+Per(p=168)),[np.str_('+')]
S1,Composite,0.9999999960640823,0.9999661916428083,0.0,0.9999999974225641,0.9999778727172705,0.34514922162874306,2,(Per(p=10)+Lin(σ=0)),[np.str_('+')]
S2,Seasonal,0.2750409496295102,0.469290938777878,0.0,0.0,0.0028577108864772383,0.0,5,((((Per(p=7)*Per(p=14))*Per(p=30))+Per(p=672))*RBF(l=10)),"[np.str_('*'), np.str_('*'), np.str_('+'), np.str_('*')]"
S2,Seasonal,0.3494443602551718,0.8427372805535045,0.0,0.19658526350134176,0.8644000910491176,0.08078173485766915,2,(Per(p=365)*Per(p=336)),[np.str_('*')]
S1,Composite,0.0,0.1643137190220616,0.0,0.18153822550020993,0.20893263527899342,0.29517969920255394,3,((Lin(σ=1)+Per(p=672))*Per(p=7)),"[np.str_('+'), np.str_('*')]"
S3,Stationary,0.2924426398305384,0.2721091087932114,0.0,0.39751728728734304,0.34022899697573705,0.30121652568116675,1,RQ(α=0.1),['None']
S2,Seasonal,0.992804871283956,0.9965957397898144,0.0,0.9986952818683126,0.9994000043719398,0.8259951409637465,2,(Per(p=672)+Per(p=48)),[np.str_('+')]
S2,Seasonal,0.14068517260432245,0.2677065271354915,0.0,0.3373801792393136,0.5736300231847609,0.7190321761489904,3,((Per(p=26)*Per(p=52))*Per(p=40)),"[np.str_('*'), np.str_('*')]"
S1,Composite,0.9999909096066087,0.12024291217630467,0.0,0.9999969569586892,0.20221644590570986,0.665162892161252,5,((((Per(p=30)*Per(p=365))+Per(p=672))+Lin(σ=0))+RQ(α=10)),"[np.str_('*'), np.str_('+'), np.str_('+'), np.str_('+')]"
S1,Composite,0.293732135135892,0.34647365101493044,0.0,0.69508902682583,0.8387375070001077,0.873918307238251,3,((RQ(α=10)*Per(p=24))+Lin(σ=10)),"[np.str_('*'), np.str_('+')]"
S3,Stationary,0.22788162886875907,0.24410299131561153,0.0,0.34841175363755583,0.34268403184068197,0.26167553930501464,1,RBF(l=0.1),['None']
S1,Composite,0.012597748992200897,0.04969879622110107,0.0,0.03532679418950857,0.2471717252120692,0.3608407956803378,5,((((Per(p=48)+Per(p=4))+Lin(σ=10))+Per(p=168))*RBF(l=0.1)),"[np.str_('+'), np.str_('+'), np.str_('+'), np.str_('*')]"
S2,Seasonal,0.23240456712980073,0.37505433691114687,0.0,0.28722957486688494,0.6685813428438541,0.44187799728357835,5,((((Per(p=12)+Per(p=4))+Per(p=365))*Per(p=48))*Const(1)),"[np.str_('+'), np.str_('+'), np.str_('*'), np.str_('*')]"
S2,Seasonal,0.8120186122229964,0.9424892592343803,0.0,0.8562485634809934,0.9552388351123413,0.2380802266052573,5,((((Per(p=4)+Per(p=96))+Per(p=40))+Per(p=40))*Per(p=4)),"[np.str_('+'), np.str_('+'), np.str_('+'), np.str_('*')]"
S2,Seasonal,0.0,0.9979676539300644,0.0,0.22761564640872334,0.9990645382105132,0.5409443070446764,1,Per(p=52),['None']
S2,Seasonal,0.07840303562387108,0.16096701980818306,0.0,0.2915035394954203,0.2470817536801364,0.26638041830563663,2,(WN(σ=1)*Per(p=365)),[np.str_('*')]
S1,Composite,0.0,0.22078052661982617,0.0,0.04034823682932054,0.4739569395763863,0.4127913712212061,4,(((RBF(l=0.1)*Per(p=30))+Per(p=48))*Lin(σ=0)),"[np.str_('*'), np.str_('+'), np.str_('*')]"
S2,Seasonal,0.7657758496541064,0.6380293562436229,0.0,0.8568096499721938,0.8257732868550527,0.6246421211869146,4,(((Per(p=4)+Per(p=10))+Per(p=14))*Per(p=52)),"[np.str_('+'), np.str_('+'), np.str_('*')]"
S2,Seasonal,0.0,0.7506998009308912,0.0,0.006621700111406503,0.8541107166628656,0.5095393691729337,3,((Per(p=30)+Per(p=4))+Per(p=26)),"[np.str_('+'), np.str_('+')]"
S1,Composite,0.1231554813721738,0.11056411095910845,0.0,0.2454869712263429,0.31718182467517786,0.5158844952454061,3,((RQ(α=0.1)*Lin(σ=10))+Per(p=40)),"[np.str_('*'), np.str_('+')]"
S2,Seasonal,0.006477432099799785,0.39392892961778214,0.0,0.0693619646575373,0.5924071095905983,0.4465314355519301,5,((((Per(p=4)*RQ(α=0.1))+RBF(l=0.1))*Per(p=24))+Per(p=60)),"[np.str_('*'), np.str_('+'), np.str_('*'), np.str_('+')]"
S2,Seasonal,0.4515428112261357,0.36316897898485456,0.0,0.8117720164818236,0.8264604928914051,0.823476079576761,3,((Per(p=365)+Per(p=40))+RBF(l=10)),"[np.str_('+'), np.str_('+')]"
S4,Trending,0.07887609056475964,0.03629414373076867,0.0,0.23542299711480053,0.1887678502215554,0.5159968476837644,2,(RBF(l=1)*Lin(σ=1)),[np.str_('*')]
S1,Composite,0.0907333523895657,0.07175328165264272,0.0,0.2213743341790675,0.2928170076763916,0.4025411230637298,4,(((Lin(σ=1)*RQ(α=0.1))+Per(p=4))*Per(p=30)),"[np.str_('*'), np.str_('+'), np.str_('*')]"
S2,Seasonal,0.21255546586289342,0.21896713820847913,0.0,0.3842515854802061,0.3353232023230692,0.35980838847795593,5,((((Per(p=10)+Per(p=7))+RQ(α=10))*WN(σ=1))*Per(p=14)),"[np.str_('+'), np.str_('+'), np.str_('*'), np.str_('*')]"
S1,Composite,0.4825479118473075,0.5661605783532293,0.0,0.48034856141336457,0.6944168030583436,0.2977337950825437,5,((((Per(p=7)+RQ(α=0.1))+Per(p=168))+Per(p=730))*Lin(σ=1)),"[np.str_('+'), np.str_('+'), np.str_('+'), np.str_('*')]"
S2,Seasonal,0.07742831707200659,0.6479799076674719,0.0,0.13634925289005362,0.7621060939149841,0.44978230519449514,3,((RQ(α=0.1)*Per(p=365))+Per(p=26)),"[np.str_('*'), np.str_('+')]"
S4,Trending,0.1509905611839103,0.1163940399993394,0.0,0.341517374822616,0.1788680135264552,0.3136774684781417,3,((WN(σ=0.1)*WN(σ=0.1))*Lin(σ=0)),"[np.str_('*'), np.str_('*')]"
S2,Seasonal,0.2847478137006827,0.26452492025605967,0.0,0.4044943979816933,0.45255648122519254,0.5325642574251581,3,((RQ(α=0.1)+Per(p=26))+Per(p=96)),"[np.str_('+'), np.str_('+')]"
S2,Seasonal,0.0,0.7321967947521473,0.0,0.06166698205006482,0.9673028183083597,0.9088803207021485,2,(Per(p=52)+Per(p=30)),[np.str_('+')]
S4,Trending,0.9999999936622208,0.22202731449743196,0.0,0.999999995643514,0.3251653019810289,0.31261440211265523,1,Lin(σ=0),['None']
S3,Stationary,0.10090062075845407,0.182754087786541,0.0,0.3650617092045967,0.26758644074991744,0.3176624347296697,2,(RQ(α=0.1)*RQ(α=0.1)),[np.str_('*')]
S1,Composite,0.15139912205514472,0.7371725503533906,0.0,0.0,0.004665999027512191,0.0,4,(((Per(p=7)*Per(p=6))+Per(p=168))*Lin(σ=10)),"[np.str_('*'), np.str_('+'), np.str_('*')]"
S1,Composite,0.0,0.40603930351428796,0.0,0.11547031692608878,0.6989690763621049,0.5361841080557129,4,(((Per(p=336)+Lin(σ=0))*Per(p=12))*Per(p=7)),"[np.str_('+'), np.str_('*'), np.str_('*')]"
S1,Composite,0.9998911107087456,0.8954410853772311,0.0,0.9999985322987773,0.9983363403975718,0.9865369799752114,4,(((Per(p=168)+Per(p=40))+Per(p=336))+Lin(σ=0)),"[np.str_('+'), np.str_('+'), np.str_('+')]"
S2,Seasonal,0.9983213828833153,0.0696757079445306,0.0,0.9999785501368594,0.7153422577482733,0.9876940663108125,1,Per(p=365),['None']
S2,Seasonal,0.049853432464857295,0.3017427704486386,0.0,0.11642469518479659,0.4907795008825555,0.3096936074523191,2,(WN(σ=1)+Per(p=26)),[np.str_('+')]
S1,Composite,0.3826676576199938,0.4009214353726195,0.0,0.4755662045991039,0.5459138147464854,0.39375634524047853,5,((((Per(p=730)*Per(p=30))+WN(σ=1))*Lin(σ=10))+Per(p=30)),"[np.str_('*'), np.str_('+'), np.str_('*'), np.str_('+')]"
S3,Stationary,0.0029513552137296895,0.20346936811913607,0.0,0.025342050862632415,0.7325341063035109,0.7011497747014479,1,RQ(α=1),['None']
S1,Composite,0.006556589223558618,0.2000867296770451,0.0,0.0837371603623348,0.6634424775693822,0.7114604443193899,3,((Per(p=730)*RQ(α=1))*Lin(σ=10)),"[np.str_('*'), np.str_('*')]"
S2,Seasonal,0.03267897563696809,0.5276401966739118,0.0,0.015837457271793864,0.8664877160172891,0.7246023854535735,3,((Per(p=365)+Per(p=12))*Per(p=336)),"[np.str_('+'), np.str_('*')]"
S2,Seasonal,0.9793727390655249,0.9967075952743263,0.0,0.9888433955765207,0.9983159935099897,0.4927025001443722,2,(Per(p=365)*Per(p=14)),[np.str_('*')]
S2,Seasonal,0.0,0.06820453303695162,0.0,0.0690033739647381,0.6511739196706977,0.5502895416093974,2,(Per(p=24)*Per(p=7)),[np.str_('*')]
S2,Seasonal,0.23599868452386563,0.34747890234362644,0.0,0.43414883212953237,0.7006287478437059,0.7679126678603913,5,((((Per(p=48)+Per(p=12))+RQ(α=0.1))+RBF(l=10))+RBF(l=10)),"[np.str_('+'), np.str_('+'), np.str_('+'), np.str_('+')]"
S1,Composite,0.9137502725026357,0.9811660032000545,0.0,0.8734874461006863,0.9726048556221792,0.0,4,(((Per(p=168)*Lin(σ=1))+RBF(l=1))+Per(p=26)),"[np.str_('*'), np.str_('+'), np.str_('+')]"
S2,Seasonal,0.28658000496460545,0.6518469525234369,0.0,0.6076539311219393,0.9197448189772925,0.8097052302342536,2,(Per(p=24)*Per(p=60)),[np.str_('*')]
S2,Seasonal,0.13033472751695852,0.3297607515427622,0.0,0.20788683866371782,0.5250353169870241,0.5373864319316713,2,(Per(p=60)+RBF(l=1)),[np.str_('+')]
S1,Composite,0.013340451627670502,0.20010688621553352,0.0,0.0,0.44671767095122883,0.23168893653441835,5,((((Per(p=48)+RBF(l=0.1))+Per(p=168))*Lin(σ=1))+Per(p=10)),"[np.str_('+'), np.str_('+'), np.str_('*'), np.str_('+')]"
S2,Seasonal,0.7639729171928415,0.8340359746406965,0.0,0.8342294275797022,0.9495002568983091,0.7317249556374978,3,((Per(p=4)+Per(p=12))+Per(p=10)),"[np.str_('+'), np.str_('+')]"
S3,Stationary,0.07688004019410821,0.31979814153725417,0.0,0.11332338729988078,0.5079496656235118,0.47802678787484976,2,(RQ(α=0.1)*RQ(α=10)),[np.str_('*')]
S2,Seasonal,0.0,0.9906649757443065,0.0,0.25979138276379543,0.997650335413573,0.7508020003954166,1,Per(p=40),['None']
S2,Seasonal,0.09359604130799026,0.46942110801758163,0.0,0.7163769696870315,0.9823637192133271,0.9646518022118686,4,(((Per(p=336)+Per(p=96))*Per(p=672))*Per(p=168)),"[np.str_('+'), np.str_('*'), np.str_('*')]"
S2,Seasonal,0.18672622786677417,0.5413598651864009,0.0,0.2697049193655092,0.6280180251997549,0.39635741490391263,5,((((Per(p=96)*RQ(α=0.1))*Per(p=48))+Per(p=365))*Per(p=24)),"[np.str_('*'), np.str_('*'), np.str_('+'), np.str_('*')]"
S2,Seasonal,0.05238292306118442,0.27405946509317713,0.0,0.0815612406085674,0.35086619137878305,0.19625186195704414,2,(WN(σ=0.1)*Per(p=168)),[np.str_('*')]
S3,Stationary,0.15121764981305563,0.45452241004184313,0.0,0.6252502771148243,0.9392313841936895,0.9011085617995559,1,RQ(α=10),['None']
S2,Seasonal,0.06999169563103991,0.554878413807715,0.0,0.13752581094654226,0.8677913149135025,0.7242787519178535,4,(((RQ(α=10)+RQ(α=1))+Per(p=26))+WN(σ=0.1)),"[np.str_('+'), np.str_('+'), np.str_('+')]"
S2,Seasonal,0.9533415203054965,0.9853372292483744,0.0,0.9867873019596365,0.9968319555656595,0.7866273404292021,2,(Per(p=48)+Per(p=6)),[np.str_('+')]
S2,Seasonal,0.0344997805227385,0.6786324084626483,0.0,0.1971843491456261,0.9256027291136548,0.8371384153412083,2,(Per(p=48)+Per(p=60)),[np.str_('+')]
S2,Seasonal,0.08643048902200756,0.4941399822549153,0.0,0.11279538808662348,0.5786692742216886,0.3904988214970698,3,((Per(p=52)+Per(p=30))*Per(p=48)),"[np.str_('+'), np.str_('*')]"
S1,Composite,0.999954822752668,0.44538084127681776,0.0,0.9999817684158518,0.7090693841420421,0.596245390362353,5,((((Lin(σ=10)+Per(p=14))+RBF(l=0.1))+Per(p=168))+Per(p=48)),"[np.str_('+'), np.str_('+'), np.str_('+'), np.str_('+')]"
S2,Seasonal,0.24824434513810867,0.15488955275468697,0.0,0.4732336932517428,0.19537390618456385,0.22323929362321038,5,((((Per(p=48)+RBF(l=1))*WN(σ=0.1))*Per(p=96))*Per(p=10)),"[np.str_('+'), np.str_('*'), np.str_('*'), np.str_('*')]"
S3,Stationary,0.22531345388424318,0.15936786197345998,0.0,0.50346416614544,0.21153952540040322,0.272594874935843,1,RBF(l=0.1),['None']
S3,Stationary,0.2737732211331386,0.8383814300603405,0.0,0.40367950746744563,0.9030154926697767,0.30443883728598864,1,RBF(l=10),['None']
S1,Composite,0.32121665976092517,0.3188341358368585,0.0,0.6056018606452651,0.7298670114866584,0.7074518939365528,4,(((Per(p=14)+RQ(α=10))+Per(p=30))*Lin(σ=10)),"[np.str_('+'), np.str_('+'), np.str_('*')]"
S3,Stationary,0.2297876057087711,0.07792379916058545,0.0,0.5793173668943974,0.09262715570812574,0.2821971288405172,2,(RQ(α=0.1)+WN(σ=1)),[np.str_('+')]
S2,Seasonal,0.5601004630891415,0.12090495667713919,0.0,0.7650852825358296,0.5754031245505251,0.7209543002490644,3,((Per(p=14)*Per(p=365))*RBF(l=10)),"[np.str_('*'), np.str_('*')]"
S2,Seasonal,0.9995399571380051,0.9998346458317312,0.0,0.9999862829205767,0.9999951892863503,0.9709094655772614,2,(Per(p=4)+Per(p=96)),[np.str_('+')]
S2,Seasonal,0.11870643686027582,0.9020396522017102,0.0,0.0,0.0,0.0,3,((Per(p=336)*Per(p=168))+Per(p=10)),"[np.str_('*'), np.str_('+')]"
S2,Seasonal,0.08520870771195066,0.4499641413728289,0.0,0.22550929565651745,0.7693514740337489,0.7741401039850525,4,(((Const(1)+RBF(l=10))*Per(p=96))*Per(p=60)),"[np.str_('+'), np.str_('*'), np.str_('*')]"
S2,Seasonal,0.9311587750700644,0.7625713767475572,0.0,0.9305186048233807,0.7625605786288915,0.0005033080925378464,3,((Per(p=4)+Per(p=48))+Per(p=336)),"[np.str_('+'), np.str_('+')]"
S2,Seasonal,0.042525065169861764,0.4833256718732343,0.0,0.08369440378106585,0.6193396095563438,0.3407219484346915,2,(RBF(l=0.1)+Per(p=40)),[np.str_('+')]
S3,Stationary,0.042419088703435914,0.3896737114532496,0.0,0.051488605887301975,0.693338811965335,0.5581782154377826,2,(WN(σ=1)+RQ(α=10)),[np.str_('+')]
S2,Seasonal,0.5329354879157044,0.26354331719287327,0.0,0.7319104827423752,0.4723813726781223,0.5822757126361301,3,((Per(p=730)+RBF(l=1))*Per(p=336)),"[np.str_('+'), np.str_('*')]"
S2,Seasonal,0.07401197235793311,0.36419871063333775,0.0,0.24400522829691862,0.44941125319895614,0.30595139616908207,2,(Per(p=7)+WN(σ=1)),[np.str_('+')]
S2,Seasonal,0.30261544866219425,0.9622356862361732,0.0,0.14814087120133035,0.9679661084757173,0.21342338088945934,1,Per(p=730),['None']
S1,Composite,0.9936221170003569,0.9999984050146283,0.0,0.9977865771692116,0.99999944851949,0.654200788401211,3,((Lin(σ=1)*Per(p=26))+Per(p=14)),"[np.str_('*'), np.str_('+')]"
S2,Seasonal,0.011076833179322065,0.5161778957234466,0.0,0.004121788358196432,0.0,0.0,4,(((Per(p=14)+Per(p=30))*RBF(l=0.1))+Per(p=336)),"[np.str_('+'), np.str_('*'), np.str_('+')]"
S1,Composite,0.9999999998690637,0.9999999998428382,0.0,0.9999999999183303,0.9999999999019724,0.37626411026954565,3,((Lin(σ=1)*Per(p=6))+Const(1)),"[np.str_('*'), np.str_('+')]"
S1,Composite,0.037273635768259816,0.08174416212422986,0.0,0.25115831111180464,0.24500659476212838,0.39913311299724163,4,(((RBF(l=10)+Lin(σ=0))*Per(p=52))*RQ(α=0.1)),"[np.str_('+'), np.str_('*'), np.str_('*')]"
S2,Seasonal,0.07288440834052723,0.999991180341219,0.0,0.1425768517109368,0.9999939469905182,0.31369715172616985,1,Per(p=12),['None']
S1,Composite,0.338211784771412,0.43116453022534185,0.0,0.8090383174930559,0.9211554023795802,0.8905528571602359,4,(((Lin(σ=10)*RBF(l=10))+RBF(l=10))+Per(p=336)),"[np.str_('*'), np.str_('+'), np.str_('+')]"
S2,Seasonal,0.28023553713657356,0.2161659391445211,0.0,0.6256391132727446,0.7240756345112667,0.866296136161217,3,((Per(p=26)+Per(p=60))*RQ(α=10)),"[np.str_('+'), np.str_('*')]"
S4,Trending,0.08309503743743885,0.16430004972278456,0.0,0.24867336015219965,0.21843828917832064,0.31363482190086267,4,(((WN(σ=1)+WN(σ=1))+Lin(σ=1))*WN(σ=1)),"[np.str_('+'), np.str_('+'), np.str_('*')]"
S2,Seasonal,0.0,0.46993591100017884,0.0,0.0,0.718338300218457,0.6631417788788413,3,((Per(p=60)+Per(p=40))*Per(p=7)),"[np.str_('+'), np.str_('*')]"
S2,Seasonal,0.1029958951766703,0.23778870086590664,0.0,0.17390721490750127,0.30425695092172345,0.26342466546346266,4,(((Per(p=12)*Per(p=48))*RQ(α=0.1))*Per(p=4)),"[np.str_('*'), np.str_('*'), np.str_('*')]"
S3,Stationary,0.17685735742560627,0.1356255248897441,0.0,0.44678488018559315,0.21832349783421245,0.32624283524656916,1,RBF(l=0.1),['None']
S2,Seasonal,0.03940820554834645,0.35695539222146655,0.0,0.1229768403008129,0.8495921516107187,0.8308316317169993,5,((((Per(p=14)+RBF(l=1))+RQ(α=10))+Per(p=52))*Per(p=96)),"[np.str_('+'), np.str_('+'), np.str_('+'), np.str_('*')]"
S4,Trending,0.9998401651015242,0.23706918894315698,0.0,0.9999489878920662,0.5368030725980204,0.6811806675974631,2,(RQ(α=1)+Lin(σ=0)),[np.str_('+')]
S3,Stationary,0.04889238755032199,0.2803399669500849,0.0,0.10017616179112176,0.49368302216858506,0.4268905335935429,1,RQ(α=0.1),['None']
S1,Composite,0.9999898154175546,0.1832685761254581,0.0,0.9999986265896339,0.6485611324686189,0.864920408932945,4,(((Lin(σ=10)+Per(p=48))+RQ(α=10))*Lin(σ=1)),"[np.str_('+'), np.str_('+'), np.str_('*')]"
S2,Seasonal,0.42465283403802834,0.3879793255059838,0.0,0.6417472165084901,0.6775109558671203,0.739389650936023,5,((((Per(p=24)*Per(p=40))*Per(p=10))+RQ(α=10))+RQ(α=10)),"[np.str_('*'), np.str_('*'), np.str_('+'), np.str_('+')]"
S2,Seasonal,0.7440377225171586,0.8622084603763047,0.0,0.8610559134873104,0.9433917942799316,0.6326849340148006,4,(((Per(p=96)+Per(p=168))*Per(p=10))+Per(p=24)),"[np.str_('+'), np.str_('*'), np.str_('+')]"
S2,Seasonal,0.7609233165321372,0.852301458614561,0.0,0.9906350170869099,0.9960872061042211,0.9770876539240275,3,((Per(p=26)+Per(p=96))+Per(p=672)),"[np.str_('+'), np.str_('+')]"
S2,Seasonal,0.13085748487244686,0.09582943489218854,0.0,0.4869813420722796,0.16245807528964906,0.37235449517220787,5,((((Per(p=96)+Per(p=672))+Per(p=365))*RQ(α=0.1))*WN(σ=1)),"[np.str_('+'), np.str_('+'), np.str_('*'), np.str_('*')]"
S2,Seasonal,0.6725791792967921,0.8388289779860373,0.0,0.7585833358164936,0.9083008522773506,0.45385673363619894,3,((Per(p=730)+RQ(α=1))*Per(p=12)),"[np.str_('+'), np.str_('*')]"
S4,Trending,0.9999672999354704,0.16525502455826324,0.0,0.9999825782502532,0.31344264122068966,0.4659371439728277,4,(((RQ(α=0.1)+RBF(l=1))+Lin(σ=1))*Lin(σ=1)),"[np.str_('+'), np.str_('+'), np.str_('*')]"
S1,Composite,0.0,0.1501790706292382,0.0,0.2544758886163865,0.45151724572174723,0.5899730544210569,5,((((Lin(σ=10)*RQ(α=10))+RQ(α=10))*RQ(α=1))+Per(p=26)),"[np.str_('*'), np.str_('+'), np.str_('*'), np.str_('+')]"
S2,Seasonal,0.9210704848797584,0.6669648938080364,0.0,0.9224529969835052,0.6765530541724352,0.04401553192882035,2,(RQ(α=10)+Per(p=4)),[np.str_('+')]
S2,Seasonal,0.04188249327802751,0.8545350378653758,0.0,0.0,0.8982380605713511,0.25637886405105037,3,((Per(p=672)*Per(p=60))+RBF(l=0.1)),"[np.str_('*'), np.str_('+')]"
S2,Seasonal,0.03427389657368274,0.24424342237287178,0.0,0.05551150408289962,0.39474391399284436,0.3925690265279649,5,((((Per(p=24)+Per(p=30))*RBF(l=0.1))*Per(p=60))+Per(p=26)),"[np.str_('+'), np.str_('*'), np.str_('*'), np.str_('+')]"
S4,Trending,0.9999997893415442,0.2496165162645022,0.0,0.9999998511631326,0.34027605077152967,0.2934185071978872,1,Lin(σ=0),['None']
S2,Seasonal,0.28969512408555176,0.30129176815365666,0.0,0.45075648264568025,0.5342635009611967,0.6133161598858481,2,(Per(p=14)*Per(p=6)),[np.str_('*')]
S2,Seasonal,0.06822219699605658,0.9994461068055343,0.0,0.4639981731307735,0.9999165580576458,0.8491346559347439,1,Per(p=48),['None']
S2,Seasonal,0.04295554504494181,0.20727493314144496,0.0,0.06904363680754688,0.33241647561993626,0.4563301934791981,4,(((Per(p=168)*RBF(l=0.1))+RQ(α=1))*Per(p=26)),"[np.str_('*'), np.str_('+'), np.str_('*')]"
S2,Seasonal,0.014764703959808556,0.486184072731767,0.0,0.004175681104252149,0.21408585868758623,0.0,4,(((Per(p=24)*Per(p=168))*Per(p=96))*Per(p=672)),"[np.str_('*'), np.str_('*'), np.str_('*')]"
S2,Seasonal,0.23710185295405706,0.2044287270378573,0.0,0.39509674247571125,0.2972324437530153,0.2872123125877881,2,(Per(p=672)*WN(σ=0.1)),[np.str_('*')]
S4,Trending,0.0,0.5077078164965183,0.0,0.08174587287588364,0.32028766486266524,0.0,2,(RBF(l=10)*Lin(σ=1)),[np.str_('*')]
S2,Seasonal,0.15610837722654902,0.866133370850253,0.0,0.303742489331157,0.8913659293585771,0.2001766848951505,2,(Per(p=4)+WN(σ=0.1)),[np.str_('+')]
S1,Composite,0.2621797748165141,0.3826163134433851,0.0,0.12820531281316738,0.0,0.0,5,((((Per(p=52)+WN(σ=0.1))+Per(p=12))+Lin(σ=0))*RQ(α=10)),"[np.str_('+'), np.str_('+'), np.str_('+'), np.str_('*')]"
S2,Seasonal,0.3122579628367612,0.4517709281193458,0.0,0.5329176379664358,0.7776047014206194,0.7548560835788409,4,(((Per(p=48)+RQ(α=1))+RBF(l=10))*Per(p=730)),"[np.str_('+'), np.str_('+'), np.str_('*')]"
S2,Seasonal,0.5492535585640517,0.43561426841960615,0.0,0.9069594374358356,0.8801260597487615,0.8830876550235864,3,((RBF(l=10)+Per(p=14))*Per(p=730)),"[np.str_('+'), np.str_('*')]"
S2,Seasonal,0.7135171074975635,0.9559234314844361,0.0,0.27132594474570004,0.4620612535216533,0.0,3,((Per(p=336)*Per(p=336))+Per(p=40)),"[np.str_('*'), np.str_('+')]"
S2,Seasonal,0.44489866630144015,0.15907295590997306,0.0,0.6454829642016234,0.4164174314004513,0.6533269328826241,2,(RQ(α=1)+Per(p=672)),[np.str_('+')]
S1,Composite,0.7224896493727062,0.6540799525589882,0.0,0.6068378732696653,0.5791180453740805,0.0,3,((Lin(σ=10)+RQ(α=0.1))*Per(p=336)),"[np.str_('+'), np.str_('*')]"
S2,Seasonal,0.33712539369502514,0.4012570925509181,0.0,0.3528123297380933,0.5049200067612258,0.330653627456991,5,((((Per(p=336)+Per(p=30))*Per(p=30))*Per(p=14))*Per(p=96)),"[np.str_('+'), np.str_('*'), np.str_('*'), np.str_('*')]"
S1,Composite,0.0,0.020544464847339183,0.0,0.06301053391142475,0.33005386115042945,0.5355551058295385,3,((Lin(σ=0)*Per(p=96))*RBF(l=1)),"[np.str_('*'), np.str_('*')]"
S2,Seasonal,0.3696214838571782,0.9778572851610259,0.0,0.2327440859831441,0.9853857444977306,0.34437993677062173,1,Per(p=10),['None']
S1,Composite,0.9999648450909308,0.7109464212155052,0.0,0.9999909244904157,0.896490317388678,0.7423668007424951,5,((((Per(p=60)+Per(p=365))+Lin(σ=10))+Lin(σ=0))+RBF(l=10)),"[np.str_('+'), np.str_('+'), np.str_('+'), np.str_('+')]"
S1,Composite,0.701030061249984,0.11035670721486246,0.0,0.8195372458139771,0.34663540684691607,0.5943494844511436,5,((((Per(p=365)+WN(σ=0.1))+Const(1))+RQ(α=1))*Lin(σ=10)),"[np.str_('+'), np.str_('+'), np.str_('+'), np.str_('*')]"
S2,Seasonal,0.0,0.9993608287325209,0.0,0.0,0.9923571486570146,0.0,1,Per(p=168),['None']
S2,Seasonal,0.172497878938917,0.5819348739065914,0.0,0.0,0.6317761570305379,0.167513333341888,3,((Per(p=6)+Per(p=4))*Per(p=6)),"[np.str_('+'), np.str_('*')]"
S4,Trending,0.9999868180637004,0.0,0.0,0.999981250708547,0.0,0.0,1,Lin(σ=0),['None']
S3,Stationary,0.0741212948750144,0.4794197312737227,0.0,0.02056830146681987,0.0,0.0,2,(WN(σ=1)+RBF(l=10)),[np.str_('+')]
S1,Composite,0.3283910837133899,0.5743916843558123,0.0,0.0,0.42630016603030574,0.0,3,((Lin(σ=10)*Per(p=672))*Per(p=336)),"[np.str_('*'), np.str_('*')]"
S2,Seasonal,0.041126161873381806,0.9152985716380961,0.0,0.08813463032715185,0.6896529596468841,0.0,2,(Per(p=10)*RBF(l=10)),[np.str_('*')]
S2,Seasonal,0.5195261032657781,0.23367164509147265,0.0,0.7263293485665621,0.5919414369380758,0.7068755940801561,3,((RQ(α=1)+Per(p=336))+RQ(α=10)),"[np.str_('+'), np.str_('+')]"
S2,Seasonal,0.670132820941528,0.7412892607433796,0.0,0.6701971020611568,0.7413654606262595,0.0002954988022395577,1,Per(p=4),['None']
S2,Seasonal,0.06696847593267308,0.29040023376089097,0.0,0.41091859489752214,0.35779139115501757,0.2559662148664781,4,(((Per(p=14)*Per(p=12))*Per(p=6))*Per(p=12)),"[np.str_('*'), np.str_('*'), np.str_('*')]"
S1,Composite,0.999999999453553,0.999992574937644,0.0,0.9999999996618695,0.9999954059915126,0.38122018581519357,3,((Per(p=30)*Per(p=10))+Lin(σ=10)),"[np.str_('*'), np.str_('+')]"
S1,Composite,0.9999436248121331,0.44096284739997926,0.0,0.9999712081971829,0.6180156111189039,0.4886614065553557,4,(((Per(p=52)+Lin(σ=10))+RQ(α=0.1))+WN(σ=0.1)),"[np.str_('+'), np.str_('+'), np.str_('+')]"
S2,Seasonal,0.3479549672713842,0.1844266593986149,0.0,0.4934383900476308,0.3453678801129383,0.5743973005183975,5,((((Per(p=365)*Per(p=10))+Per(p=7))*Per(p=672))*RQ(α=10)),"[np.str_('*'), np.str_('+'), np.str_('*'), np.str_('*')]"
S1,Composite,0.9999572531396914,0.47924794911387225,0.0,0.9999718826277614,0.6112631908273924,0.341573943561575,5,((((Per(p=26)*WN(σ=1))+Per(p=7))+Lin(σ=10))+Lin(σ=0)),"[np.str_('*'), np.str_('+'), np.str_('+'), np.str_('+')]"
S1,Composite,0.6629610499284817,0.642628848688118,0.0,0.6712997102880589,0.6410750346290384,0.0,4,(((Const(1)+Lin(σ=1))*Per(p=4))+RQ(α=1)),"[np.str_('+'), np.str_('*'), np.str_('+')]"
S2,Seasonal,0.05180553118378162,0.19419463337930798,0.0,0.15307794470534464,0.34286532659489644,0.3223339277949555,5,((((RQ(α=0.1)*Per(p=30))*RBF(l=10))*WN(σ=1))*RBF(l=1)),"[np.str_('*'), np.str_('*'), np.str_('*'), np.str_('*')]"
S2,Seasonal,0.5717123110721054,0.6250350442156285,0.0,0.9156554480874431,0.9714830587436651,0.927602661965588,5,((((Per(p=730)+Per(p=672))*Per(p=40))+Per(p=96))+Per(p=26)),"[np.str_('+'), np.str_('*'), np.str_('+'), np.str_('+')]"
S2,Seasonal,0.29585303996722656,0.4830566301940349,0.0,0.15788176185091662,0.6378589502423121,0.41344333801608457,2,(Per(p=30)*Per(p=30)),[np.str_('*')]
S2,Seasonal,0.09644110657454996,0.4658373383281048,0.0,0.17443052771732848,0.6041875219315485,0.39615375003714304,3,((WN(σ=0.1)+RQ(α=0.1))+Per(p=12)),"[np.str_('+'), np.str_('+')]"
S4,Trending,0.999999886341079,0.31427637030371336,0.0,0.9999999340138462,0.48823270394296014,0.41941894730880613,1,Lin(σ=0),['None']
S1,Composite,0.9998990237446753,0.39235273079543354,0.0,0.9866859976932468,0.0,0.0,4,(((WN(σ=0.1)+Per(p=52))*Per(p=365))+Lin(σ=0)),"[np.str_('+'), np.str_('*'), np.str_('+')]"
S2,Seasonal,0.08504356193946083,0.99996323428864,0.0,0.19538934445241118,0.999973743809932,0.28621173246856624,1,Per(p=14),['None']
S1,Composite,0.42356002605276377,0.9824539516969567,0.0,0.7802710982598743,0.9963246732139123,0.7801747416095269,3,((Per(p=40)*Lin(σ=10))*Lin(σ=0)),"[np.str_('*'), np.str_('*')]"
S2,Seasonal,0.14135099376415683,0.3924163760019921,0.0,0.2443391878713913,0.6623826269026024,0.5846279564267436,3,((Per(p=730)*Per(p=96))+RQ(α=0.1)),"[np.str_('*'), np.str_('+')]"
S2,Seasonal,0.02954254103499321,0.9999862159757915,0.0,0.18643654947661426,0.9999903383407643,0.2991736517102568,1,Per(p=12),['None']
S2,Seasonal,0.27133541918031234,0.1220965088991347,0.0,0.4915268371554026,0.13979146043409452,0.10098062410435349,5,((((Per(p=168)+Per(p=12))*RBF(l=10))*WN(σ=1))*RBF(l=0.1)),"[np.str_('+'), np.str_('*'), np.str_('*'), np.str_('*')]"
S2,Seasonal,0.24601322630541866,0.11129629539581665,0.0,0.46695419346199096,0.18182963018911313,0.3594042301803604,5,((((Per(p=12)*Per(p=4))*Per(p=7))*Per(p=365))+WN(σ=1)),"[np.str_('*'), np.str_('*'), np.str_('*'), np.str_('+')]"
S2,Seasonal,0.1993131812436988,0.23264941051261878,0.0,0.2500186805097717,0.4106826126484201,0.35881842862900715,5,((((Per(p=24)*Per(p=4))*Per(p=168))*RQ(α=0.1))*RBF(l=1)),"[np.str_('*'), np.str_('*'), np.str_('*'), np.str_('*')]"
S3,Stationary,0.24154090980935683,0.5760927887607252,0.0,0.5383697120605313,0.848412772125289,0.827926880145408,1,RBF(l=10),['None']
S2,Seasonal,0.11029361911362945,0.1399029334634604,0.0,0.40161535329277587,0.21937313656384272,0.3559581981549397,4,(((Per(p=14)+Per(p=10))*Per(p=52))*WN(σ=1)),"[np.str_('+'), np.str_('*'), np.str_('*')]"
S2,Seasonal,0.867360251341514,0.968227052745987,0.0,0.8582164295560849,0.9768370957986335,0.2757671011286871,2,(Per(p=30)+Per(p=7)),[np.str_('+')]
S2,Seasonal,0.579082511767035,0.7505016032718747,0.0,0.5976696515370643,0.7810151575826719,0.16677397748043032,5,((((Per(p=96)*Per(p=30))*Per(p=4))*Const(1))*Per(p=4)),"[np.str_('*'), np.str_('*'), np.str_('*'), np.str_('*')]"
S2,Seasonal,0.1401270405451528,0.36380603538371026,0.0,0.4411441860915857,0.785675140405935,0.8179559588743598,5,((((RQ(α=1)+RBF(l=10))*Per(p=52))+Per(p=14))*Per(p=60)),"[np.str_('+'), np.str_('*'), np.str_('+'), np.str_('*')]"
S2,Seasonal,0.4401248253589969,0.8366486078945783,0.0,0.7381911170940108,0.9448984996014756,0.7120847735163489,4,(((Per(p=48)+Per(p=30))+Per(p=30))*Per(p=672)),"[np.str_('+'), np.str_('+'), np.str_('*')]"
S2,Seasonal,0.0032730512025730407,0.9917691823303395,0.0,0.09277995720234633,0.9987578003830574,0.8500873538056618,1,Per(p=48),['None']
S2,Seasonal,0.8242958154160418,0.5385308549149588,0.0,0.9623185751277854,0.8816656122277247,0.8405645144970152,2,(RQ(α=10)+Per(p=7)),[np.str_('+')]
S1,Composite,0.5337572453237205,0.7967725093839891,0.0,0.5366339721434046,0.7975908969583418,0.004618889624916189,2,(Lin(σ=1)*Per(p=6)),[np.str_('*')]
S1,Composite,0.7161599871764954,0.38592997756474867,0.0,0.7955245259932044,0.6237795385582603,0.4114252022713386,5,((((Lin(σ=10)*Per(p=48))+Per(p=24))+RQ(α=0.1))+Per(p=6)),"[np.str_('*'), np.str_('+'), np.str_('+'), np.str_('+')]"
S2,Seasonal,0.06923376667435233,0.9999890843529117,0.0,0.08602058303696636,0.9999926177323123,0.32386211700520273,1,Per(p=24),['None']
S2,Seasonal,0.13455900886178906,0.404978775698113,0.0,0.17655965918185756,0.540307327835066,0.38263034468202484,4,(((RBF(l=0.1)+Per(p=24))*RQ(α=0.1))+Per(p=10)),"[np.str_('+'), np.str_('*'), np.str_('+')]"
S2,Seasonal,0.9507279206019158,0.968469887069136,0.0,0.9986068439213643,0.9990220691521905,0.973330999298728,3,((Per(p=96)+Per(p=730))+Per(p=52)),"[np.str_('+'), np.str_('+')]"
S3,Stationary,0.5222785082402851,0.17195759158042678,0.0,0.716720943907562,0.33436361355250666,0.6874613317892656,1,RQ(α=10),['None']
S3,Stationary,0.01661611241185823,0.18148201504391281,0.0,0.1914349056257787,0.8707524634632987,0.9221165467205497,2,(RQ(α=10)+WN(σ=0.1)),[np.str_('+')]
S1,Composite,0.9990068155858938,0.5896268149463524,0.0,0.9993967222341291,0.6849922178339672,0.38412127196047385,4,(((Per(p=48)+Per(p=30))*Per(p=672))+Lin(σ=0)),"[np.str_('+'), np.str_('*'), np.str_('+')]"
S2,Seasonal,0.024871664396997617,0.999986200066848,0.0,0.0646959672927323,0.9999914126184347,0.37781125668072935,2,(Const(1)+Per(p=26)),[np.str_('+')]
S2,Seasonal,0.1665574944968239,0.18555970492625662,0.0,0.3494415383571453,0.6966828962183369,0.7644389569252461,3,((RBF(l=10)+Per(p=60))+RQ(α=1)),"[np.str_('+'), np.str_('+')]"
S3,Stationary,0.23523281420294784,0.11312559245905329,0.0,0.5254376578769479,0.15777498007627677,0.25847546073427907,1,RBF(l=0.1),['None']
S1,Composite,0.9984604999850486,0.9995966959587279,0.0,0.9992902637943184,0.9998139892207071,0.538626702956212,4,(((Per(p=4)+Lin(σ=1))*Per(p=672))*Per(p=12)),"[np.str_('+'), np.str_('*'), np.str_('*')]"
S2,Seasonal,0.6728854777562479,0.7469274404827325,0.0,0.6736226365581003,0.7466324231735362,0.0,1,Per(p=4),['None']
S2,Seasonal,0.12908983094266047,0.2799811538636896,0.0,0.16491060539201763,0.409496700134234,0.4920889088755511,4,(((Per(p=24)*RQ(α=10))+RBF(l=10))*RBF(l=1)),"[np.str_('*'), np.str_('+'), np.str_('*')]"
S2,Seasonal,0.2100665315777217,0.8671696519604708,0.0,0.17052069674967874,0.8709209502739684,0.033225793978130524,2,(Per(p=4)+Per(p=10)),[np.str_('+')]
S2,Seasonal,0.17325549143514518,0.1975577580827037,0.0,0.38285320873612605,0.29117454654543673,0.32008615181289424,3,((Per(p=48)+RQ(α=0.1))*RBF(l=0.1)),"[np.str_('+'), np.str_('*')]"
S4,Trending,0.9999989982357642,0.04011631827019568,0.0,0.9999995286301546,0.13344800441251403,0.5294585959492124,2,(Const(1)+Lin(σ=0)),[np.str_('+')]
S2,Seasonal,0.0,0.9313860110870478,0.0,0.023661155276326507,0.9468303362930299,0.24765450569494596,2,(Const(1)*Per(p=96)),[np.str_('*')]
S1,Composite,0.9998211539613266,0.3213257558368774,0.0,0.9998829205192453,0.42511378841378067,0.3461261251198975,5,((((RBF(l=1)+Per(p=4))+Lin(σ=1))+Const(1))+Per(p=6)),"[np.str_('+'), np.str_('+'), np.str_('+'), np.str_('+')]"
S1,Composite,0.2807634232083508,0.26723542090722596,0.0,0.8481591279881489,0.8332266191727191,0.847722272418046,4,(((Lin(σ=10)+RBF(l=10))+Per(p=168))*Per(p=52)),"[np.str_('+'), np.str_('+'), np.str_('*')]"
S3,Stationary,0.36999037279378033,0.48461321449824635,0.0,0.6021538058659152,0.8136219059494414,0.7442651199876151,1,RBF(l=10),['None']
S1,Composite,0.9856295437138514,0.9982503165024991,0.0,0.9989698370038214,0.9998741178820104,0.9279122237015918,5,((((Per(p=4)+Per(p=672))*Per(p=52))+Lin(σ=0))*Per(p=168)),"[np.str_('+'), np.str_('*'), np.str_('+'), np.str_('*')]"
S2,Seasonal,0.018266431244019943,0.2290326142479706,0.0,0.12517301995042573,0.44439101536792747,0.4663266412620396,3,((Per(p=10)*Per(p=7))*Per(p=672)),"[np.str_('*'), np.str_('*')]"
S1,Composite,0.9533300449671508,0.994686502874067,0.0,0.9944344022302949,0.9993697990543233,0.8799458620083661,5,((((Lin(σ=0)+Per(p=168))*Per(p=52))+Per(p=4))+Per(p=24)),"[np.str_('+'), np.str_('*'), np.str_('+'), np.str_('+')]"
S1,Composite,0.999808144731807,0.9998756917293782,0.0,0.9999487013870142,0.9999667950773906,0.7324457252251948,3,((Lin(σ=1)*Lin(σ=10))*Per(p=26)),"[np.str_('*'), np.str_('*')]"
S1,Composite,0.1757801510098158,0.07056671521196178,0.0,0.42836267488027,0.10094579061840125,0.29124382439538843,5,((((RBF(l=0.1)+Per(p=6))*Lin(σ=10))*Lin(σ=0))*RQ(α=0.1)),"[np.str_('+'), np.str_('*'), np.str_('*'), np.str_('*')]"
S2,Seasonal,0.048658633095093884,0.6756984219482092,0.0,0.0702753401596441,0.8397125231911671,0.5810767847573799,4,(((Per(p=24)*Const(1))*RBF(l=1))+Per(p=48)),"[np.str_('*'), np.str_('*'), np.str_('+')]"
S2,Seasonal,0.1908283467662618,0.18153793962211762,0.0,0.3635246679582689,0.2912038400442314,0.28370159318028065,4,(((RQ(α=1)*RQ(α=0.1))*Per(p=52))*Per(p=96)),"[np.str_('*'), np.str_('*'), np.str_('*')]"
S2,Seasonal,0.22985937555357328,0.26040263130389174,0.0,0.3147337426644028,0.4541102305548427,0.2093367421425918,4,(((Per(p=10)*Per(p=6))+Per(p=6))+Per(p=60)),"[np.str_('*'), np.str_('+'), np.str_('+')]"
S2,Seasonal,0.14989044754931757,0.9999933943450252,0.0,0.23299521050292105,0.9999956599092782,0.34302995363507993,1,Per(p=7),['None']
S2,Seasonal,0.3398680728130635,0.3594476117452948,0.0,0.4580987822490298,0.573213035066999,0.6418479522406076,5,((((Per(p=10)+RQ(α=1))*Per(p=52))*Per(p=672))*Per(p=52)),"[np.str_('+'), np.str_('*'), np.str_('*'), np.str_('*')]"
S1,Composite,0.10741626168242391,0.010590595370165712,0.0,0.45628776077415456,0.022357602230958284,0.30888827903831906,5,((((RQ(α=1)*WN(σ=0.1))*Per(p=10))*Lin(σ=10))*Per(p=96)),"[np.str_('*'), np.str_('*'), np.str_('*'), np.str_('*')]"
S2,Seasonal,0.4889672176457993,0.4060972714632177,0.0,0.7378620526222834,0.7115838336661263,0.7563972694217687,4,(((Per(p=48)+Per(p=40))*Per(p=48))*RBF(l=10)),"[np.str_('+'), np.str_('*'), np.str_('*')]"
S2,Seasonal,0.13096240467354048,0.2526423889831826,0.0,0.33194910801109456,0.3627803325681457,0.3908061448419019,4,(((WN(σ=1)+RBF(l=0.1))*Per(p=60))+Per(p=4)),"[np.str_('+'), np.str_('*'), np.str_('+')]"
S2,Seasonal,0.1990239373373517,0.4077684845653836,0.0,0.1626750102839315,0.5573055508938598,0.4810899066182951,3,((Per(p=60)*Per(p=10))*Per(p=40)),"[np.str_('*'), np.str_('*')]"
S2,Seasonal,0.0,0.7571199246538811,0.0,0.0,0.762282487243584,0.0292748379247898,1,Per(p=7),['None']
S2,Seasonal,0.46080323094624,0.789888634858501,0.0,0.9975108344895945,0.9997862078314089,0.999269897232631,1,Per(p=96),['None']
S1,Composite,0.3163343867755568,0.4237633984753273,0.0,0.5565074855246873,0.6368699530011948,0.6717619430707183,4,(((Per(p=672)+Per(p=6))*Per(p=14))*Lin(σ=10)),"[np.str_('+'), np.str_('*'), np.str_('*')]"
S2,Seasonal,0.02747304486543589,0.37963380662556,0.0,0.01351609018520783,0.7504749811969025,0.664129000118773,5,((((Per(p=48)*Per(p=365))+RBF(l=0.1))+Per(p=60))*RBF(l=10)),"[np.str_('*'), np.str_('+'), np.str_('+'), np.str_('*')]"
S3,Stationary,0.09172101210120354,0.25436026979642434,0.0,0.1507001236492005,0.48569444302323816,0.5438025311245155,1,RBF(l=1),['None']
S1,Composite,0.9999999708467615,0.0,0.0,0.9999999995253489,0.8555725706624276,0.9837185976183138,2,(Per(p=336)+Lin(σ=1)),[np.str_('+')]
S4,Trending,0.9999999994090696,0.2017027802228054,0.0,0.9999999996187531,0.3109146307568662,0.354835382549326,1,Lin(σ=10),['None']
S2,Seasonal,0.1406931263224882,0.5518567894756472,0.0,0.029000385583295207,0.031855457647961605,0.0,5,((((RBF(l=0.1)*RBF(l=0.1))+Per(p=96))*WN(σ=0.1))+Per(p=365)),"[np.str_('*'), np.str_('+'), np.str_('*'), np.str_('+')]"
S2,Seasonal,0.01648940728692072,0.5844804123239002,0.0,0.00037277215106301664,0.0,0.0,5,((((Per(p=48)*Per(p=365))+Per(p=672))+RQ(α=0.1))+Per(p=168)),"[np.str_('*'), np.str_('+'), np.str_('+'), np.str_('+')]"
S1,Composite,0.9950224582636579,0.9999908992561637,0.0,0.9982622648726065,0.9999968421014678,0.652660404931086,4,(((Per(p=336)*Per(p=52))+Lin(σ=0))*Per(p=30)),"[np.str_('*'), np.str_('+'), np.str_('*')]"
S4,Trending,0.0,0.18291245952316937,0.0,0.012640970528909112,0.3615699821391385,0.2900786562350526,5,((((RQ(α=0.1)*Lin(σ=1))+Lin(σ=10))*WN(σ=1))+WN(σ=1)),"[np.str_('*'), np.str_('+'), np.str_('*'), np.str_('+')]"
S2,Seasonal,0.2521972518278771,0.3053731305209829,0.0,0.32824111973806935,0.418157053561233,0.32740919660122303,5,((((Per(p=672)*Per(p=6))*Per(p=30))+WN(σ=0.1))*Per(p=12)),"[np.str_('*'), np.str_('*'), np.str_('+'), np.str_('*')]"
S2,Seasonal,0.20649376077474624,0.5847228669002165,0.0,0.37000981193974225,0.6851884540580524,0.4499927711057875,2,(Per(p=168)+Per(p=48)),[np.str_('+')]
S2,Seasonal,0.9997209314016066,0.04613213096210311,0.0,0.9999981004615818,0.7745963361022441,0.9933410875961038,2,(Per(p=730)+Per(p=365)),[np.str_('+')]
S2,Seasonal,0.21244219862415692,0.3142533901129544,0.0,0.34247313747238084,0.6764873650191867,0.7237976639523982,3,((RBF(l=10)+Per(p=26))*Per(p=30)),"[np.str_('+'), np.str_('*')]"
S2,Seasonal,0.018217163621572996,0.49658203442958526,0.0,0.018663301018564504,0.7153319515961882,0.5427167847181598,4,(((RBF(l=0.1)*Per(p=6))+Per(p=52))+Per(p=7)),"[np.str_('*'), np.str_('+'), np.str_('+')]"
S2,Seasonal,0.2028777226431483,0.38178466705281056,0.0,0.3444635790279499,0.6548992922084129,0.5584472954398921,5,((((RBF(l=1)*Per(p=60))+Per(p=6))+Per(p=24))*Per(p=14)),"[np.str_('*'), np.str_('+'), np.str_('+'), np.str_('*')]"
S1,Composite,0.16960617056860627,0.6014667388246349,0.0,0.3937090311488274,0.8790335631004417,0.7714839067812345,5,((((Per(p=672)*Per(p=60))*Lin(σ=1))*Per(p=672))+Per(p=96)),"[np.str_('*'), np.str_('*'), np.str_('*'), np.str_('+')]"
S2,Seasonal,0.15461305968023986,0.11462462647413851,0.0,0.44954751144165717,0.17938847143977554,0.3130877562568737,3,((WN(σ=1)*Per(p=30))*Per(p=6)),"[np.str_('*'), np.str_('*')]"
S3,Stationary,0.043799865173435704,0.1534279262160606,0.0,0.09811075181665063,0.3418151041244959,0.37742259178095927,1,Const(1),['None']
S3,Stationary,0.029743199937884213,0.2832021089977621,0.0,0.08115979593364042,0.43822351087603517,0.38774980811822346,3,((RBF(l=10)+RQ(α=10))*RQ(α=0.1)),"[np.str_('+'), np.str_('*')]"
S4,Trending,0.9999999993313183,0.1665554225971978,0.0,0.9999999995237738,0.24755870420084647,0.2878158918458277,1,Lin(σ=1),['None']
S2,Seasonal,0.20445614001279677,0.22890812296557705,0.0,0.36544280432777676,0.4484013454255389,0.6431392497202725,3,((Per(p=730)+Const(1))+RQ(α=1)),"[np.str_('+'), np.str_('+')]"
S2,Seasonal,0.051805505054778545,0.22813180457716375,0.0,0.16406282629627678,0.39082726212791263,0.5474484671822848,4,(((RBF(l=1)*Per(p=40))*Per(p=60))*Per(p=96)),"[np.str_('*'), np.str_('*'), np.str_('*')]"
S2,Seasonal,0.5076666039355411,0.4556214871426624,0.0,0.6191794619006701,0.5483629376239538,0.44464342362875875,5,((((Per(p=40)+Per(p=26))*Per(p=7))+WN(σ=0.1))*RBF(l=10)),"[np.str_('+'), np.str_('*'), np.str_('+'), np.str_('*')]"
S2,Seasonal,0.9982538667983164,0.9993799763727337,0.0,0.9983343280709822,0.9994066677588787,0.04743320015642316,3,((Per(p=365)*Per(p=6))+Const(1)),"[np.str_('*'), np.str_('+')]"
S3,Stationary,0.2510016113124287,0.2751163425795232,0.0,0.3761324730747151,0.46921875117949396,0.5940075668111683,1,RQ(α=1),['None']
S1,Composite,0.0012904552489765297,0.48137942423240154,0.0,0.0005160963079066105,0.6392916518964673,0.3025510830627166,4,(((Per(p=52)*Lin(σ=10))*WN(σ=1))+RBF(l=1)),"[np.str_('*'), np.str_('*'), np.str_('+')]"
S2,Seasonal,0.10436158532243878,0.17712693800379864,0.0,0.06854196964671466,0.3144850269859035,0.3240022598061678,3,((RBF(l=10)+RBF(l=10))*Per(p=4)),"[np.str_('+'), np.str_('*')]"
S2,Seasonal,0.10687308444114918,0.3132638955997912,0.0,0.20810993728772387,0.5280223958414805,0.5207711047359591,5,((((RBF(l=1)*Per(p=7))*RQ(α=0.1))+Per(p=336))*Per(p=40)),"[np.str_('*'), np.str_('*'), np.str_('+'), np.str_('*')]"
S2,Seasonal,0.05509501224678581,0.9989930697797246,0.0,0.8599190154584788,0.9999601784905792,0.9603858232449841,1,Per(p=48),['None']
S2,Seasonal,0.12085606281289663,0.10529390306681352,0.0,0.38182448832473703,0.19402240481217614,0.31408346765895157,4,(((Per(p=12)+Per(p=30))+Per(p=12))*RBF(l=0.1)),"[np.str_('+'), np.str_('+'), np.str_('*')]"
S2,Seasonal,0.11648102685971173,0.25801328062472917,0.0,0.17039054661692354,0.37382818669881956,0.42655878760501575,3,((RQ(α=0.1)*Per(p=96))*Per(p=336)),"[np.str_('*'), np.str_('*')]"
S2,Seasonal,0.024849204653629497,0.9999844114205887,0.0,0.05124523308988038,0.999990467677826,0.38826840024878784,1,Per(p=24),['None']
S1,Composite,0.9999730552488083,0.5183520461132202,0.0,0.9999855594519595,0.6627664460922286,0.4638933628309194,5,((((Const(1)*Lin(σ=0))+RBF(l=1))+Per(p=365))+Per(p=6)),"[np.str_('*'), np.str_('+'), np.str_('+'), np.str_('+')]"
S1,Composite,0.9995072908069562,0.9999946717826437,0.0,0.9999176867309729,0.9999991117776754,0.8332776959927926,5,((((Lin(σ=1)*Per(p=30))+Per(p=6))+RBF(l=10))+WN(σ=0.1)),"[np.str_('*'), np.str_('+'), np.str_('+'), np.str_('+')]"
S2,Seasonal,0.7634414397030157,0.06112186144022447,0.0,0.8830377839170966,0.3075135385702652,0.6314237152504778,5,((((RQ(α=0.1)*RQ(α=10))+Per(p=672))+Per(p=52))*Per(p=365)),"[np.str_('*'), np.str_('+'), np.str_('+'), np.str_('*')]"
S2,Seasonal,0.02067041663376845,0.9616638557854154,0.0,0.16987837998582145,0.9952906563171882,0.8709864823172417,1,Per(p=96),['None']
S3,Stationary,0.11804470912410148,0.6496685824609874,0.0,0.0,0.10054264305129035,0.0,1,RQ(α=10),['None']
S3,Stationary,0.11301735325832529,0.26079032824180504,0.0,0.25057175009188615,0.4126150058545175,0.41495003783498974,2,(Const(1)*RQ(α=0.1)),[np.str_('*')]
S1,Composite,0.9999985526620545,0.8211322481211487,0.0,0.9999994436052876,0.9306516056998685,0.6157054582175707,2,(Lin(σ=10)+Per(p=14)),[np.str_('+')]
S1,Composite,0.9999879285079292,0.8868974054645845,0.0,0.9999979961768245,0.978259255943584,0.8340964351674823,3,((Per(p=672)+Lin(σ=1))+Per(p=96)),"[np.str_('+'), np.str_('+')]"
S3,Stationary,0.1130583802162457,0.2195041506831893,0.0,0.2850116120400713,0.32786269629249265,0.28007143580572413,2,(WN(σ=1)*Const(1)),[np.str_('*')]
S1,Composite,0.0363026558281454,0.11639990705979386,0.0,0.5220591931377123,0.1788512575590122,0.3724172106490079,5,((((Lin(σ=10)*WN(σ=0.1))*Lin(σ=0))*Per(p=6))*Per(p=7)),"[np.str_('*'), np.str_('*'), np.str_('*'), np.str_('*')]"
S1,Composite,0.029593392979929467,0.07020790952276867,0.0,0.4498420892788947,0.0947317762425961,0.3130633918927942,5,((((RBF(l=10)+Lin(σ=0))+Per(p=48))*Per(p=6))*RBF(l=0.1)),"[np.str_('+'), np.str_('+'), np.str_('*'), np.str_('*')]"
S2,Seasonal,0.19245090991243974,0.16897601864286704,0.0,0.4424195722419707,0.2534786932383941,0.34894306231872785,5,((((Per(p=26)*Per(p=730))*WN(σ=1))*Per(p=52))*Per(p=96)),"[np.str_('*'), np.str_('*'), np.str_('*'), np.str_('*')]"
S2,Seasonal,0.06630845047470857,0.9999950304601871,0.0,0.13995776018594808,0.9999966682917818,0.3295976297531976,1,Per(p=10),['None']
S2,Seasonal,0.9999829139458047,0.9999865961482338,0.0,0.9999902665028816,0.9999923786717353,0.43148320474454327,3,((Per(p=365)*Const(1))+Per(p=4)),"[np.str_('*'), np.str_('+')]"
S2,Seasonal,0.07236868940753849,0.3416185137788903,0.0,0.1305201078809376,0.520298202697324,0.3863469834868877,5,((((RQ(α=0.1)+RBF(l=0.1))*RBF(l=0.1))+Per(p=14))+Const(1)),"[np.str_('+'), np.str_('*'), np.str_('+'), np.str_('+')]"
S2,Seasonal,0.01508885298921836,0.933105642112558,0.0,0.11930493553824373,0.9773752397394956,0.6548922593376185,2,(Const(1)*Per(p=60)),[np.str_('*')]
S2,Seasonal,0.6777768273127627,0.8539933049601081,0.0,0.9994870821832116,0.9999345361798021,0.9996106019496872,1,Per(p=168),['None']
S2,Seasonal,0.07624273020940775,0.5466085914173071,0.0,0.16693257129679706,0.7613330877613327,0.5706402745661256,4,(((Per(p=14)*Per(p=26))+Const(1))+Per(p=40)),"[np.str_('*'), np.str_('+'), np.str_('+')]"
S2,Seasonal,0.15128156089627087,0.24463022088036612,0.0,0.1932180709349267,0.3141441445350136,0.2759735285334983,2,(Per(p=10)*RBF(l=0.1)),[np.str_('*')]
S2,Seasonal,0.28414262112913224,0.8300858696137629,0.0,0.1635917091695931,0.6814813710635846,0.0,4,(((RQ(α=10)*RQ(α=1))*Per(p=10))+Per(p=336)),"[np.str_('*'), np.str_('*'), np.str_('+')]"
S4,Trending,0.9999793280464654,0.0,0.0,0.999949044772391,0.0,0.0,1,Lin(σ=0),['None']
S2,Seasonal,0.161586543114021,0.7348922149532291,0.0,0.14453543744219477,0.7476052179510281,0.06355662565880482,1,Per(p=7),['None']
S2,Seasonal,0.629836819874294,0.6868086941418148,0.0,0.6273871771962893,0.7338154625137482,0.23026995172152354,3,((Per(p=96)+Per(p=730))*Per(p=12)),"[np.str_('+'), np.str_('*')]"
S2,Seasonal,0.3762703768495349,0.43595559318797195,0.0,0.6597207549684336,0.7708446028117627,0.7771066125663895,5,((((RQ(α=1)+Per(p=26))+RQ(α=10))+RBF(l=10))*Per(p=14)),"[np.str_('+'), np.str_('+'), np.str_('+'), np.str_('*')]"
S1,Composite,0.9997431792066015,0.9999917557669334,0.0,0.9999531857166785,0.9999984989069065,0.8179026241082779,4,(((Lin(σ=0)+Per(p=365))*Per(p=30))+Per(p=96)),"[np.str_('+'), np.str_('*'), np.str_('+')]"
S2,Seasonal,0.0,0.7689198279357633,0.0,0.004094132136804762,0.8213404916901506,0.2435573792856871,3,((Const(1)*Per(p=52))+Per(p=30)),"[np.str_('*'), np.str_('+')]"
S2,Seasonal,0.01298965880566294,0.929734279373071,0.0,0.0,0.9764482507607506,0.5984425483821686,1,Per(p=96),['None']
S3,Stationary,0.15104926967371035,0.4939592037132997,0.0,0.17914786610126998,0.10307697430541962,0.0,1,RBF(l=10),['None']
S2,Seasonal,0.26496681547121714,0.39169001814957316,0.0,0.41653164476367943,0.5825148119080332,0.5040995279069493,5,((((RQ(α=10)+Per(p=12))+Per(p=26))*RQ(α=1))+Per(p=10)),"[np.str_('+'), np.str_('+'), np.str_('*'), np.str_('+')]"
S1,Composite,0.9999999996097358,0.999986838353203,0.0,0.9999999997263457,0.9999907779168944,0.29879758016819835,2,(Per(p=7)+Lin(σ=1)),[np.str_('+')]
S2,Seasonal,0.015006388094623846,0.33881284688001145,0.0,0.0060883511067200136,0.5091701604516257,0.37255035664842817,2,(Per(p=672)*RQ(α=0.1)),[np.str_('*')]
S2,Seasonal,0.6683577148716439,0.5941791916325607,0.0,0.6684014300374173,0.5940768689992589,5.985153546184119e-05,1,Per(p=4),['None']
S2,Seasonal,0.19228519135448552,0.20678396801913945,0.0,0.2893183726077403,0.4296849368291452,0.5432071112804874,3,((Const(1)*Per(p=40))*RBF(l=1)),"[np.str_('*'), np.str_('*')]"
S2,Seasonal,0.15378424840885974,0.1416162733749009,0.0,0.3695375965152462,0.30822696033653607,0.3877678664784755,5,((((Per(p=14)*RQ(α=0.1))*Per(p=26))*Per(p=48))*Per(p=672)),"[np.str_('*'), np.str_('*'), np.str_('*'), np.str_('*')]"
S2,Seasonal,0.08651776367653052,0.8823423764049836,0.0,0.003918936856445621,0.2221511506372711,0.0,3,((WN(σ=0.1)*Per(p=48))*Per(p=60)),"[np.str_('*'), np.str_('*')]"
S2,Seasonal,0.1491254700736171,0.5812427988272986,0.0,0.2778227592604203,0.6897089275242893,0.3001341423828301,4,(((Per(p=60)*Per(p=10))*RBF(l=0.1))+Per(p=7)),"[np.str_('*'), np.str_('*'), np.str_('+')]"
S2,Seasonal,0.31540750525120154,0.3551506894853067,0.0,0.5349432600256969,0.6766614593697058,0.7471678815876021,5,((((RBF(l=10)+Per(p=336))*WN(σ=1))*WN(σ=0.1))+RQ(α=10)),"[np.str_('+'), np.str_('*'), np.str_('*'), np.str_('+')]"
S2,Seasonal,0.12374606777809993,0.6828520976169103,0.0,0.12120306406263048,0.8337160588278951,0.5464326244910633,2,(Per(p=40)+Per(p=60)),[np.str_('+')]
S1,Composite,0.05613288636642355,0.13807255289957365,0.0,0.37428709720432296,0.22383954408785633,0.40362298188624746,4,(((Per(p=26)+Per(p=336))*Lin(σ=10))*WN(σ=1)),"[np.str_('+'), np.str_('*'), np.str_('*')]"
S1,Composite,0.9911579036817936,0.9488305502551656,0.0,0.9966190296440135,0.9797202901297295,0.6073443443145147,2,(Per(p=96)+Lin(σ=10)),[np.str_('+')]
S1,Composite,0.999975209000731,0.4226880890774858,0.0,0.9999949893369164,0.8151788208293889,0.798040138160215,3,((Per(p=730)*RQ(α=10))+Lin(σ=10)),"[np.str_('*'), np.str_('+')]"
S2,Seasonal,0.39684182807700175,0.4702738581401159,0.0,0.3450808195739443,0.7130731745213281,0.6311613877769866,2,(Per(p=7)*Per(p=12)),[np.str_('*')]
S2,Seasonal,0.9996612213563435,0.13171059585514477,0.0,0.999949324163148,0.45501491242309755,0.8539459826071116,1,Per(p=672),['None']
S2,Seasonal,0.0966678199528429,0.29583486762211664,0.0,0.27186737585478726,0.5356489288777246,0.6143132618611675,2,(Per(p=4)+RBF(l=1)),[np.str_('+')]
S3,Stationary,0.013623294751892279,0.22254311221716383,0.0,0.8579728576086408,0.9148478438132684,0.9329407458592283,1,RBF(l=10),['None']
S2,Seasonal,0.12557190614054992,0.8805116994693578,0.0,0.06330097359181874,0.0,0.0,4,(((RBF(l=10)*Per(p=168))*Per(p=336))+Per(p=52)),"[np.str_('*'), np.str_('*'), np.str_('+')]"
S2,Seasonal,0.13091664166047245,0.12005926328555538,0.0,0.4527654713213731,0.2240498921753924,0.4260955198631685,2,(Per(p=10)*RBF(l=0.1)),[np.str_('*')]
S2,Seasonal,0.14051879660488487,0.3917514500061271,0.0,0.35753379533085283,0.8470749724742821,0.8479645259307664,5,((((WN(σ=0.1)+Per(p=96))*Per(p=26))+Const(1))*Per(p=52)),"[np.str_('+'), np.str_('*'), np.str_('+'), np.str_('*')]"
S2,Seasonal,0.1984384605360222,0.21575485721543808,0.0,0.3563442932989409,0.29311379380768143,0.27414087301979406,3,((Per(p=24)+Per(p=14))*RBF(l=0.1)),"[np.str_('+'), np.str_('*')]"
S1,Composite,0.9999969443773595,0.786788778268572,0.0,0.9999984128092343,0.8725141901360909,0.4806101484290708,3,((Lin(σ=1)+Per(p=12))+Per(p=26)),"[np.str_('+'), np.str_('+')]"
S1,Composite,0.9077135585229406,0.9543858178269434,0.0,0.9544234657777629,0.9763836966130165,0.5415555653040003,3,((Lin(σ=10)*Per(p=96))+Lin(σ=1)),"[np.str_('*'), np.str_('+')]"
S1,Composite,0.36286408968061756,0.7497464829655448,0.0,0.6580727105389175,0.9001018725278225,0.6478273984393301,5,((((Per(p=96)+Per(p=730))+Per(p=48))*Lin(σ=1))+Per(p=6)),"[np.str_('+'), np.str_('+'), np.str_('*'), np.str_('+')]"
S4,Trending,0.9999999999103497,0.1841100024705793,0.0,0.9999999999376264,0.26974435189211277,0.3042570512642113,1,Lin(σ=0),['None']
S2,Seasonal,0.5403044800821996,0.9340876442632908,0.0,0.42253851897796957,0.8168925230010011,0.0,1,Per(p=336),['None']
S3,Stationary,0.21559231670308,0.14782949348225827,0.0,0.49799895872395017,0.19720661870427636,0.26643495443061394,1,WN(σ=1),['None']
S2,Seasonal,0.21993362275978656,0.26395123155677125,0.0,0.5177337218286927,0.7512219727703418,0.8429545897329431,3,((Per(p=40)*Per(p=30))+Per(p=52)),"[np.str_('*'), np.str_('+')]"
S2,Seasonal,0.0007139516116979605,0.838927598095267,0.0,0.003927253654142815,0.8444703044223646,0.06311091776735356,2,(Per(p=26)+Per(p=24)),[np.str_('+')]
S3,Stationary,0.23079289033057138,0.08282087080951239,0.0,0.5281482697336486,0.10800595666015556,0.23154771824310738,1,Const(1),['None']
S2,Seasonal,0.12140102619743853,0.37330817551762974,0.0,0.183132076498557,0.5075547263962693,0.3706807152415248,3,((RQ(α=0.1)*RQ(α=10))+Per(p=14)),"[np.str_('*'), np.str_('+')]"
S2,Seasonal,0.9999360272527967,0.9999556042601526,0.0,0.9999794371366506,0.9999858412836297,0.6810749467917199,4,(((Per(p=336)+Per(p=7))*Const(1))+Const(1)),"[np.str_('+'), np.str_('*'), np.str_('+')]"
S1,Composite,0.9999745085327987,0.4264867585224855,0.0,0.9999859927884734,0.5603628532183866,0.45071855658319804,5,((((Lin(σ=1)+Lin(σ=0))+Lin(σ=1))+RBF(l=1))+Per(p=40)),"[np.str_('+'), np.str_('+'), np.str_('+'), np.str_('+')]"
S2,Seasonal,0.44376188721151877,0.4928656247113702,0.0,0.5976063069600062,0.6551217886693796,0.5064776440571859,5,((((Per(p=336)+Per(p=730))+Per(p=365))*Per(p=40))+RBF(l=0.1)),"[np.str_('+'), np.str_('+'), np.str_('*'), np.str_('+')]"
S1,Composite,0.1422934975218536,0.388239921522627,0.0,0.22807290902835375,0.6958860771982542,0.7538910459891967,5,((((Lin(σ=10)+Per(p=52))*Per(p=60))*Per(p=30))*Per(p=24)),"[np.str_('+'), np.str_('*'), np.str_('*'), np.str_('*')]"
S2,Seasonal,0.0,0.755300309008482,0.0,0.24582900492706317,0.9259189473290644,0.7863228095286889,2,(Per(p=60)+Per(p=40)),[np.str_('+')]
S2,Seasonal,0.06727662706224113,0.45053010343276845,0.0,0.16527661927289683,0.5886848783793686,0.47404670902551704,2,(RQ(α=0.1)+Per(p=12)),[np.str_('+')]
S2,Seasonal,0.19519765751110718,0.08680162232870126,0.0,0.4928385316303543,0.11366944277474422,0.24461428440347033,4,(((Per(p=24)*WN(σ=1))*Per(p=168))*Per(p=672)),"[np.str_('*'), np.str_('*'), np.str_('*')]"
S2,Seasonal,0.07585745790280518,0.6413889668349834,0.0,0.0007555005701346262,0.3321213502547181,0.0,3,((Per(p=60)+Per(p=365))*Per(p=365)),"[np.str_('+'), np.str_('*')]"
S2,Seasonal,0.7248278772818286,0.490646781379821,0.0,0.7427967719733308,0.5173196246880863,0.09499028631731954,5,((((Per(p=96)+Per(p=365))*Per(p=4))+RBF(l=10))+Per(p=7)),"[np.str_('+'), np.str_('*'), np.str_('+'), np.str_('+')]"
S2,Seasonal,0.17411709273717968,0.37538801138073463,0.0,0.39651049640613945,0.7427039804987228,0.7811636821386094,5,((((Per(p=14)+Per(p=30))*Per(p=24))*Per(p=60))*Const(1)),"[np.str_('+'), np.str_('*'), np.str_('*'), np.str_('*')]"
S1,Composite,0.5511823101985962,0.993911787500357,0.0,0.8020796214494751,0.9978671005730196,0.644319735268801,3,((Per(p=40)*Lin(σ=10))+RBF(l=10)),"[np.str_('*'), np.str_('+')]"
S2,Seasonal,0.23383255930283586,0.4176818222595041,0.0,0.5708755554012738,0.7516711139390901,0.8089629398781083,5,((((Per(p=365)*RQ(α=10))+Per(p=52))+Per(p=365))*Per(p=30)),"[np.str_('*'), np.str_('+'), np.str_('+'), np.str_('*')]"
S2,Seasonal,0.030990481950558313,0.33820380666912675,0.0,0.019438815972234513,0.48272433596816455,0.0,4,(((Per(p=365)+WN(σ=1))+WN(σ=0.1))+WN(σ=0.1)),"[np.str_('+'), np.str_('+'), np.str_('+')]"
S2,Seasonal,0.9618023891023101,0.9483728212452103,0.0,0.9540504971434183,0.9476764123729855,0.0,1,Per(p=672),['None']
S2,Seasonal,0.1483053583652929,0.6421941728808821,0.0,0.25959090505202687,0.7947124836243237,0.5829640864961172,5,((((Per(p=730)*RBF(l=1))+Per(p=6))+Per(p=60))+Per(p=672)),"[np.str_('*'), np.str_('+'), np.str_('+'), np.str_('+')]"
S2,Seasonal,0.06645366621273963,0.8259394530345964,0.0,0.068429654701748,0.09417313669279914,0.0,5,((((Per(p=30)+WN(σ=0.1))+Per(p=672))*RQ(α=0.1))+Const(1)),"[np.str_('+'), np.str_('+'), np.str_('*'), np.str_('+')]"
S2,Seasonal,0.45516302764713645,0.8129193436232817,0.0,0.6029252833424315,0.8586471336536778,0.3296445895255353,4,(((Per(p=60)+Const(1))*Per(p=6))+Per(p=7)),"[np.str_('+'), np.str_('*'), np.str_('+')]"
S3,Stationary,0.08331406445542355,0.2034546510014048,0.0,0.18519046538984574,0.37248100709305054,0.4322538025868863,1,RQ(α=0.1),['None']
S1,Composite,0.999761127415214,0.677999057963171,0.0,0.9997765648616915,0.6917864572300534,0.06459688210613102,3,((Per(p=672)+Per(p=7))+Lin(σ=1)),"[np.str_('+'), np.str_('+')]"
S2,Seasonal,0.1107834390287028,0.9999875950089954,0.0,0.21765517734150974,0.9999918433612807,0.3426325826552383,1,Per(p=7),['None']
S2,Seasonal,0.07065007995305028,0.22104368955150822,0.0,0.12489961382385639,0.5049796974822263,0.6232423212252282,4,(((Per(p=96)*Per(p=24))+Per(p=730))*RQ(α=1)),"[np.str_('*'), np.str_('+'), np.str_('*')]"
S2,Seasonal,0.07254778161084374,0.9999649504648657,0.0,0.1294209680128411,0.9999785152974516,0.3871896522492051,1,Per(p=12),['None']
S2,Seasonal,0.8038518610316568,0.7775322382236679,0.0,0.8576340761519465,0.8520611615510143,0.42393349440320593,5,((((RQ(α=10)*Per(p=6))+Per(p=336))+Per(p=48))+Per(p=6)),"[np.str_('*'), np.str_('+'), np.str_('+'), np.str_('+')]"
S2,Seasonal,0.9794523073499346,0.9978455947608776,0.0,0.9994319397983732,0.999947647639626,0.9755536699178227,2,(Per(p=168)+Per(p=14)),[np.str_('+')]
S2,Seasonal,0.09490095428537937,0.6469289475564254,0.0,0.28132446280029566,0.8499480596101393,0.6474888056448301,2,(RQ(α=1)+Per(p=52)),[np.str_('+')]
S3,Stationary,0.07887052245095427,0.10028956964363944,0.0,0.40696521646981165,0.20235097812688507,0.2918454623965385,3,((WN(σ=0.1)+WN(σ=1))+RBF(l=0.1)),"[np.str_('+'), np.str_('+')]"
S2,Seasonal,0.06963416979492387,0.40881373361843387,0.0,0.16216367987065383,0.634893591450369,0.6198311151009082,4,(((Per(p=7)*RBF(l=10))*Per(p=48))+RBF(l=1)),"[np.str_('*'), np.str_('*'), np.str_('+')]"
S1,Composite,0.9997919681657401,0.3964077276348944,0.0,0.9999057970445577,0.6049768106044353,0.547353540016861,5,((((RQ(α=1)+Per(p=14))+Per(p=40))+Lin(σ=10))+WN(σ=0.1)),"[np.str_('+'), np.str_('+'), np.str_('+'), np.str_('+')]"
S1,Composite,0.7905087166672509,0.7007768858166163,0.0,0.9445338834661201,0.9111372886523998,0.8130606852010638,3,((Per(p=60)*Lin(σ=0))*Const(1)),"[np.str_('*'), np.str_('*')]"
S2,Seasonal,0.4857386947631023,0.7195397557138411,0.0,0.8301229585910475,0.9371009342518379,0.7766193430488488,2,(Per(p=60)*Per(p=672)),[np.str_('*')]
S1,Composite,0.11805289496480476,0.1755770271604069,0.0,0.3077201514562047,0.296678570811026,0.42519947568700955,4,(((WN(σ=1)*Lin(σ=0))+Per(p=60))*Per(p=96)),"[np.str_('*'), np.str_('+'), np.str_('*')]"
S1,Composite,0.014671695901972703,0.0523444198604609,0.0,0.41581139277095713,0.07472327945087798,0.31088699716904833,4,(((Lin(σ=10)*RBF(l=0.1))*RQ(α=10))*Per(p=60)),"[np.str_('*'), np.str_('*'), np.str_('*')]"
S2,Seasonal,0.9995199421069451,0.0,0.0,0.9999731427081251,0.881677610458015,0.9454236536305666,1,Per(p=730),['None']
S2,Seasonal,0.16138159891960246,0.06460412598968635,0.0,0.4828717844674656,0.09223964079821889,0.295496084373158,4,(((WN(σ=1)*RQ(α=1))+Per(p=365))*RBF(l=0.1)),"[np.str_('*'), np.str_('+'), np.str_('*')]"
S4,Trending,0.9999776625569874,0.0,0.0,0.9999783238421208,0.0,0.029428081389463845,1,Lin(σ=0),['None']
S3,Stationary,0.1578399395086787,0.16396112393840123,0.0,0.47556338701700396,0.24380046415647383,0.3487998452334462,2,(RBF(l=0.1)*RQ(α=0.1)),[np.str_('*')]
S2,Seasonal,0.25975818137271245,0.8021911685142004,0.0,0.24574551705078218,0.917757556569732,0.6276338763826484,3,((Per(p=60)*Per(p=30))+WN(σ=0.1)),"[np.str_('*'), np.str_('+')]"
S1,Composite,0.9999809862206301,0.3594722290062202,0.0,0.9999873736098602,0.5047364576125988,0.3362251471996399,5,((((RBF(l=0.1)+Lin(σ=10))+RBF(l=0.1))+WN(σ=1))+Per(p=24)),"[np.str_('+'), np.str_('+'), np.str_('+'), np.str_('+')]"
S2,Seasonal,0.30491336654103485,0.10062168135289562,0.0,0.4389583423886132,0.1466736937964188,0.26791023567812766,5,((((RQ(α=10)*Per(p=4))+RQ(α=0.1))*Per(p=12))+Per(p=52)),"[np.str_('*'), np.str_('+'), np.str_('*'), np.str_('+')]"
S2,Seasonal,0.63531399364874,0.9594450750318837,0.0,0.638481638234593,0.9790115525052925,0.4969107822489345,2,(Per(p=26)+Per(p=60)),[np.str_('+')]
S2,Seasonal,0.020740469788070537,0.4875346394292359,0.0,0.024867218811536973,0.5923208069986956,0.33186318348379285,3,((WN(σ=1)*Per(p=4))+Per(p=26)),"[np.str_('*'), np.str_('+')]"
S2,Seasonal,0.3572259078691351,0.37622250897356124,0.0,0.4441153362413248,0.4489242340730165,0.3543751339014015,5,((((RBF(l=0.1)+RBF(l=1))+Per(p=7))*Per(p=60))*Per(p=168)),"[np.str_('+'), np.str_('+'), np.str_('*'), np.str_('*')]"
S2,Seasonal,0.0,0.9969931564800281,0.0,0.3510701611466365,0.9994778822539807,0.827483260839718,1,Per(p=48),['None']
S2,Seasonal,0.15163234710451567,0.2175875072986505,0.0,0.28622276349285725,0.3193571741423914,0.2530862801184596,5,((((Per(p=365)+RQ(α=0.1))+RQ(α=0.1))*Per(p=14))*RQ(α=0.1)),"[np.str_('+'), np.str_('+'), np.str_('*'), np.str_('*')]"
S2,Seasonal,0.00025898132013946196,0.5346802799679528,0.0,0.0,0.5354508286222719,0.0,4,(((Per(p=6)+Per(p=26))*Per(p=168))+Per(p=14)),"[np.str_('+'), np.str_('*'), np.str_('+')]"
S2,Seasonal,0.20348662479500423,0.9264139310836899,0.0,0.10728704801177413,0.5767140739325745,0.0,5,((((Per(p=52)*Per(p=48))+Per(p=336))*Per(p=60))+Per(p=365)),"[np.str_('*'), np.str_('+'), np.str_('*'), np.str_('+')]"
S2,Seasonal,0.1388570102834299,0.22419901254116337,0.0,0.25406988318774804,0.3658722718108952,0.2975863602527792,3,((Per(p=24)*WN(σ=0.1))*WN(σ=0.1)),"[np.str_('*'), np.str_('*')]"
S4,Trending,0.04872573502540456,0.08716945172749258,0.0,0.29450677133164993,0.15167979142646848,0.3009663147809505,3,((WN(σ=1)*Lin(σ=1))*RQ(α=0.1)),"[np.str_('*'), np.str_('*')]"
S2,Seasonal,0.0,0.9875516407203111,0.0,0.046033551741712975,0.9944050978819722,0.5595469283921368,1,Per(p=40),['None']
S2,Seasonal,0.1856298426125902,0.5479333734628495,0.0,0.41722293596629756,0.8472087890383727,0.7177517085305539,4,(((RBF(l=10)+Per(p=14))*Per(p=168))+Per(p=40)),"[np.str_('+'), np.str_('*'), np.str_('+')]"
S3,Stationary,0.18798012613145554,0.1636197814013559,0.0,0.41164083370230753,0.24809331159157155,0.2933115148958577,3,((RQ(α=0.1)*Const(1))*RQ(α=1)),"[np.str_('*'), np.str_('*')]"
S2,Seasonal,0.3976288134222945,0.21797755923375983,0.0,0.6290058929931421,0.4145201985465429,0.5260256621761297,5,((((Per(p=52)+RQ(α=0.1))*Per(p=7))+Per(p=672))*Const(1)),"[np.str_('+'), np.str_('*'), np.str_('+'), np.str_('*')]"
S3,Stationary,0.27435262301796703,0.10554383936183054,0.0,0.5231080871546718,0.12926725488795898,0.1981108421462736,1,WN(σ=1),['None']
S2,Seasonal,0.7905046155791157,0.9498063686887385,0.0,0.726196497950743,0.928278802437009,0.0,3,((Per(p=730)*Per(p=336))*Per(p=48)),"[np.str_('*'), np.str_('*')]"
S1,Composite,0.9998925349398035,0.20861394082404117,0.0,0.9999400801958211,0.46032887786891574,0.442517063874047,3,((Per(p=4)*RQ(α=1))+Lin(σ=1)),"[np.str_('*'), np.str_('+')]"
S2,Seasonal,0.006801089541697003,0.9999933543731234,0.0,0.09008264325156234,0.9999952845162416,0.29050620510700653,1,Per(p=24),['None']
S1,Composite,0.0,0.39041563839052507,0.0,0.026587491376377614,0.6136892211011791,0.406625402439713,5,((((Lin(σ=10)*RQ(α=0.1))*RBF(l=10))+Per(p=24))+Per(p=52)),"[np.str_('*'), np.str_('*'), np.str_('+'), np.str_('+')]"
S1,Composite,0.9582129531564842,0.5844644951980419,0.0,0.9791760024574074,0.7252299224123465,0.5335275511775192,4,(((Per(p=672)*Lin(σ=0))+Const(1))+Per(p=52)),"[np.str_('*'), np.str_('+'), np.str_('+')]"
S4,Trending,0.9999999996267012,0.13125276099217886,0.0,0.9999999997364719,0.19053914153572582,0.29405503397003796,1,Lin(σ=0),['None']
S2,Seasonal,0.11374917119184047,0.2424623141176071,0.0,0.2841120013669335,0.48069153065009196,0.58696576531995,4,(((Per(p=52)+Per(p=365))+Per(p=30))*RQ(α=1)),"[np.str_('+'), np.str_('+'), np.str_('*')]"
S2,Seasonal,0.7955320288790728,0.2918678986556894,0.0,0.9530603683724591,0.771014038028538,0.8663522249715027,3,((Per(p=730)*Per(p=52))+Per(p=672)),"[np.str_('*'), np.str_('+')]"
S2,Seasonal,0.4528561753087389,0.6519599556567371,0.0,0.5093892355753795,0.8220239205235833,0.5838530733936256,4,(((Per(p=10)+Per(p=7))+Per(p=4))+Per(p=168)),"[np.str_('+'), np.str_('+'), np.str_('+')]"
S3,Stationary,0.5399727687908193,0.0,0.0,0.9623639910886361,0.9019725715339315,0.9571023280548722,1,RBF(l=10),['None']
S2,Seasonal,0.09209616073314009,0.33003759841078983,0.0,0.15323069294019853,0.5299279971282638,0.6221908319298517,5,((((Per(p=60)*Per(p=730))*Per(p=12))*RQ(α=1))*RQ(α=10)),"[np.str_('*'), np.str_('*'), np.str_('*'), np.str_('*')]"
S2,Seasonal,0.5676372045688646,0.6401890582879306,0.0,0.7329908461731947,0.8954071584789012,0.7846259656491616,4,(((Per(p=10)+Per(p=730))+Per(p=7))+Per(p=24)),"[np.str_('+'), np.str_('+'), np.str_('+')]"
S1,Composite,0.9999999935396349,0.9999999999305699,0.0,0.9999999960556597,0.999999999957609,0.38944456458520893,3,((Lin(σ=10)*Per(p=4))*Const(1)),"[np.str_('*'), np.str_('*')]"
S2,Seasonal,0.07190143002464389,0.41655525875022115,0.0,0.11498467595467032,0.628781946248725,0.4373285118497452,2,(Per(p=168)+RBF(l=0.1)),[np.str_('+')]
S4,Trending,0.999999876223762,0.48081074065756446,0.0,0.9999999258616509,0.09387254155521552,0.4010885482889729,2,(Lin(σ=0)*Lin(σ=0)),[np.str_('*')]
S1,Composite,0.9999857487362314,0.585791789865722,0.0,0.9999920902475565,0.6513784015415631,0.44506131015179606,3,((Per(p=30)*Per(p=14))+Lin(σ=1)),"[np.str_('*'), np.str_('+')]"
S2,Seasonal,0.0665715588678325,0.9999785647384213,0.0,0.1425144585189645,0.9999847680392666,0.2893124875097972,2,(Const(1)*Per(p=10)),[np.str_('*')]
S1,Composite,0.9996196717738873,0.999984295437835,0.0,0.9998491270349582,0.9999937819427375,0.6038877045901025,4,(((Per(p=24)+Lin(σ=10))*Const(1))*Per(p=14)),"[np.str_('+'), np.str_('*'), np.str_('*')]"
S2,Seasonal,0.24708732006725054,0.1889514107584579,0.0,0.3229985620167968,0.27611527855160733,0.25792787740984713,3,((Per(p=672)+Per(p=60))*RQ(α=0.1)),"[np.str_('+'), np.str_('*')]"
S2,Seasonal,0.17176691185726556,0.2423192779110831,0.0,0.22631488610960515,0.450946002247804,0.6072336392284348,3,((Per(p=26)+Per(p=30))*RQ(α=1)),"[np.str_('+'), np.str_('*')]"
S2,Seasonal,0.00015273566477880252,0.9991737375644248,0.0,0.0,0.9533026251786636,0.0,1,Per(p=168),['None']
S2,Seasonal,0.5634308941336842,0.5715692089400126,0.0,0.44808040142753225,0.7913723386317851,0.5876120867298542,1,Per(p=60),['None']
S4,Trending,0.9999999101612098,0.21316879682929568,0.0,0.9999999363564486,0.3127742359541017,0.29162538244780956,1,Lin(σ=0),['None']
S1,Composite,0.9999622811727719,0.4700592231553288,0.0,0.9999930639381285,0.860588495730849,0.8163098412859751,4,(((Per(p=52)*Per(p=26))+Per(p=14))+Lin(σ=0)),"[np.str_('*'), np.str_('+'), np.str_('+')]"
S1,Composite,0.9999292699674082,0.512773795940719,0.0,0.9999819259819787,0.8528421888740164,0.7442541985534874,5,((((Per(p=672)+Per(p=96))*Per(p=60))+Per(p=730))+Lin(σ=1)),"[np.str_('+'), np.str_('*'), np.str_('+'), np.str_('+')]"
S3,Stationary,0.32560270469083896,0.29991292000825776,0.0,0.5607911507809851,0.7579075388028833,0.8285856167297169,1,RQ(α=10),['None']
S2,Seasonal,0.0900267883086715,0.41157968310542126,0.0,0.15610890027697866,0.5154657516630781,0.19737980569714697,2,(Per(p=10)+WN(σ=1)),[np.str_('+')]
S2,Seasonal,0.9994690553350295,0.0,0.0,0.999978662740086,0.8967316146842499,0.9607776933676213,2,(Per(p=730)*Per(p=730)),[np.str_('*')]
S1,Composite,0.9999889159787737,0.7886434895156058,0.0,0.9999954203611501,0.9000663890131204,0.5867896633257298,5,((((Per(p=60)+Per(p=7))+Per(p=4))+Lin(σ=0))+Per(p=48)),"[np.str_('+'), np.str_('+'), np.str_('+'), np.str_('+')]"
S2,Seasonal,0.3875586201411545,0.8375190331518101,0.0,0.47331328940510187,0.8831185312167331,0.34896305569977926,4,(((WN(σ=0.1)*RBF(l=0.1))+Per(p=6))*Per(p=52)),"[np.str_('*'), np.str_('+'), np.str_('*')]"
S3,Stationary,0.03318627219754999,0.24159417912679015,0.0,0.06751788807696657,0.40178568146918303,0.4189981230671924,1,RQ(α=0.1),['None']
S1,Composite,0.9999998762812777,0.48081663270978847,0.0,0.9999999230081236,0.11466840794400257,0.37773953380573755,3,((Lin(σ=0)*Lin(σ=10))+Per(p=14)),"[np.str_('*'), np.str_('+')]"
S2,Seasonal,0.10425250539759601,0.20713884951856976,0.0,0.09024567809027662,0.6785640949161051,0.6785926112166992,3,((Per(p=12)*Per(p=30))+WN(σ=0.1)),"[np.str_('*'), np.str_('+')]"
S2,Seasonal,0.0,0.8549145459360513,0.0,0.7841267863532007,0.9979477031304684,0.9872361668150572,1,Per(p=168),['None']
S2,Seasonal,0.2873352543143991,0.32810900655024144,0.0,0.32579850256362775,0.4503655041379626,0.42662282938713214,3,((Per(p=40)*RBF(l=1))*Per(p=60)),"[np.str_('*'), np.str_('*')]"
S1,Composite,0.9999445578164436,0.11617919270029198,0.0,0.9971927496353966,0.19823549865752388,0.0,2,(Lin(σ=1)+Per(p=336)),[np.str_('+')]
S1,Composite,0.9999999117009444,0.9999503133714048,0.0,0.9999999732883286,0.9999849721756565,0.6974741344830733,4,(((Per(p=10)+Lin(σ=0))+Lin(σ=0))+Per(p=336)),"[np.str_('+'), np.str_('+'), np.str_('+')]"
S2,Seasonal,0.9770509145711956,0.9506819565352062,0.0,0.984123761321832,0.9663235864753181,0.3594777615175878,3,((Per(p=48)+Per(p=672))+Per(p=52)),"[np.str_('+'), np.str_('+')]"
S2,Seasonal,0.0885116714498716,0.16033215161136605,0.0,0.2436374578436874,0.29295644379386243,0.3207975628864361,5,((((RQ(α=10)+Per(p=12))+WN(σ=0.1))*RBF(l=0.1))*Per(p=96)),"[np.str_('+'), np.str_('+'), np.str_('*'), np.str_('*')]"
S2,Seasonal,0.9998487084973392,0.0,0.0,0.9999889618094838,0.8626786081697555,0.9282513923959576,1,Per(p=730),['None']
S2,Seasonal,0.050515660719066324,0.9999757136121569,0.0,0.07618643542920545,0.9999839158941661,0.33819761101254164,1,Per(p=24),['None']
S2,Seasonal,0.9149348349678851,0.9251639309134989,0.0,0.998604812426504,0.9989822094673751,0.9873779551750371,2,(Per(p=168)+Per(p=30)),[np.str_('+')]
S2,Seasonal,0.60201355213014,0.7942311345341257,0.0,0.8545110247000518,0.9397875450830024,0.80065849489196,2,(Per(p=24)*Per(p=168)),[np.str_('*')]
S1,Composite,0.07665834607362865,0.14105663542278313,0.0,0.16243366096546585,0.26212998822694844,0.3044208264198113,3,((Lin(σ=10)+Per(p=24))*WN(σ=0.1)),"[np.str_('+'), np.str_('*')]"
S1,Composite,0.039351760620009,0.5820489437834031,0.0,0.40679893388953203,0.8428434755155088,0.6872171425955773,5,((((Per(p=12)+Per(p=24))*Per(p=96))*Lin(σ=10))+Per(p=60)),"[np.str_('+'), np.str_('*'), np.str_('*'), np.str_('+')]"
S2,Seasonal,0.1303402036834388,0.13344159833471192,0.0,0.36784845853290216,0.27741204132016584,0.39927565652311503,5,((((Per(p=336)*RBF(l=10))*RBF(l=0.1))*Per(p=40))*Per(p=26)),"[np.str_('*'), np.str_('*'), np.str_('*'), np.str_('*')]"
S2,Seasonal,0.4230620001995805,0.4601991250907541,0.0,0.5815812003579707,0.5866507681661605,0.5812827882601839,5,((((RBF(l=10)*Per(p=365))+Per(p=730))*Per(p=30))*Per(p=26)),"[np.str_('*'), np.str_('+'), np.str_('*'), np.str_('*')]"
S1,Composite,0.6791940218329224,0.0,0.0,0.8224117977256089,0.24902567344835014,0.5418847494575665,3,((Per(p=10)+Per(p=672))*Lin(σ=10)),"[np.str_('+'), np.str_('*')]"
S1,Composite,0.9539559599845393,0.9796716946069188,0.0,0.14599580553081182,0.6742627065875185,0.0,4,(((Lin(σ=0)*Per(p=365))+Per(p=4))+Lin(σ=0)),"[np.str_('*'), np.str_('+'), np.str_('+')]"
S3,Stationary,0.1859828305780591,0.19874885060083014,0.0,0.32977987645167706,0.3222687958773648,0.3749375301953978,2,(RQ(α=0.1)+RQ(α=0.1)),[np.str_('+')]
S1,Composite,0.1739203135687254,0.92184481046873,0.0,0.21786443100513075,0.9588186969736441,0.4495850475994846,3,((Per(p=52)*Per(p=96))*Lin(σ=1)),"[np.str_('*'), np.str_('*')]"
S1,Composite,0.8119647356368977,0.8366827703627883,0.0,0.767014998750914,0.6741795629668443,0.0,4,(((Per(p=12)+Lin(σ=0))+WN(σ=0.1))*Per(p=365)),"[np.str_('+'), np.str_('+'), np.str_('*')]"
S2,Seasonal,0.0212400271526898,0.6208358697067022,0.0,0.0301362695703572,0.7141660830775702,0.3188651079927962,3,((RQ(α=10)*RBF(l=0.1))+Per(p=96)),"[np.str_('*'), np.str_('+')]"
S2,Seasonal,0.12290481501236761,0.9999857123289732,0.0,0.35712037641648464,0.9999899684917939,0.29801232319601256,1,Per(p=6),['None']
S2,Seasonal,0.19612807177262148,0.17612554040653838,0.0,0.428591680829696,0.28075021908274167,0.35542352578382896,3,((WN(σ=0.1)*Per(p=30))*Per(p=672)),"[np.str_('*'), np.str_('*')]"
S2,Seasonal,0.21024572550875154,0.2822588864303337,0.0,0.31615730743071957,0.3628031840429856,0.24599722541072466,2,(RBF(l=0.1)*Per(p=60)),[np.str_('*')]
S3,Stationary,0.12426284507055974,0.2735467896726902,0.0,0.19824354573862635,0.4208110324548514,0.3882908454196198,5,((((RQ(α=1)+WN(σ=0.1))+WN(σ=0.1))*RQ(α=1))+RBF(l=0.1)),"[np.str_('+'), np.str_('+'), np.str_('*'), np.str_('+')]"
S2,Seasonal,0.10057015848310513,0.06145089063172959,0.0,0.3911799238998884,0.14614126208899592,0.3304923765035497,2,(WN(σ=1)*Per(p=12)),[np.str_('*')]
S4,Trending,0.9999999998995028,0.22825618813078452,0.0,0.9999999999289034,0.31013354025541595,0.29255256890833314,1,Lin(σ=1),['None']
S2,Seasonal,0.21450353885899764,0.15543424953810692,0.0,0.37006745732333957,0.28671875937352964,0.4429838351385821,4,(((Per(p=10)*RQ(α=1))*RBF(l=1))*Per(p=672)),"[np.str_('*'), np.str_('*'), np.str_('*')]"
S1,Composite,0.01981781148016515,0.08472859927893728,0.0,0.1656468215865955,0.21186508534813997,0.3447006228856705,5,((((Lin(σ=0)*Lin(σ=1))+RQ(α=0.1))*Per(p=60))*WN(σ=1)),"[np.str_('*'), np.str_('+'), np.str_('*'), np.str_('*')]"
S2,Seasonal,0.999962274118924,0.9999697800169165,0.0,0.9999712749831434,0.999976972604051,0.23833852407476708,2,(Per(p=730)*Per(p=4)),[np.str_('*')]
S2,Seasonal,0.17573502050493328,0.2538307705857119,0.0,0.22853874853542577,0.3518215420207442,0.35307215537882164,4,(((Per(p=168)+RBF(l=10))+Per(p=52))*RQ(α=0.1)),"[np.str_('+'), np.str_('+'), np.str_('*')]"
S2,Seasonal,0.14272805462295657,0.9999781038637822,0.0,0.21102707030563606,0.9999843704500331,0.28575694004777474,1,Per(p=6),['None']
S1,Composite,0.9999657017780192,0.9228888258913781,0.0,0.9999734611867696,0.9404671050491191,0.22716189900311,4,(((Per(p=10)+Per(p=365))+WN(σ=0.1))+Lin(σ=10)),"[np.str_('+'), np.str_('+'), np.str_('+')]"
S3,Stationary,0.13307179427246174,0.19152571916483985,0.0,0.25901965287750617,0.36804671815117174,0.3993739233699851,1,RQ(α=0.1),['None']
S1,Composite,0.0788097255724377,0.09008111957914344,0.0,0.1336424732141973,0.38484184846104663,0.5537694028777775,4,(((RQ(α=10)*Lin(σ=10))*Per(p=7))+Per(p=52)),"[np.str_('*'), np.str_('*'), np.str_('+')]"
S2,Seasonal,0.8636086349720359,0.9569396042752734,0.0,0.3848062248835421,0.706673260643102,0.0,1,Per(p=730),['None']
S2,Seasonal,0.6929397481081235,0.4967134078029458,0.0,0.7994570982990328,0.6893783399460265,0.5626223873355738,4,(((Per(p=7)*Per(p=24))*Per(p=730))+Per(p=60)),"[np.str_('*'), np.str_('*'), np.str_('+')]"
S4,Trending,0.9999999868341622,0.21035525852919235,0.0,0.9999999911057321,0.3578784720220948,0.32443965263476715,1,Lin(σ=0),['None']
S2,Seasonal,0.23347089233446539,0.1053449817876535,0.0,0.4569200729063293,0.16050043040112272,0.2997053148769061,5,((((RBF(l=0.1)*Per(p=40))+Per(p=168))+Per(p=12))*WN(σ=0.1)),"[np.str_('*'), np.str_('+'), np.str_('+'), np.str_('*')]"
S2,Seasonal,0.42045983327852565,0.5896300883267391,0.0,0.5972757533937316,0.7732538355768279,0.6110265204323642,4,(((RBF(l=1)+Per(p=96))*Per(p=30))+Per(p=7)),"[np.str_('+'), np.str_('*'), np.str_('+')]"
S2,Seasonal,0.019807189282338933,0.8354632482260222,0.0,0.005940693980770129,0.7600166875601988,0.0,3,((RBF(l=0.1)+Per(p=48))*Per(p=60)),"[np.str_('+'), np.str_('*')]"
S2,Seasonal,0.9996230134867122,0.050698430704252395,0.0,0.9999950119357613,0.5714374394792046,0.9871674079903486,1,Per(p=365),['None']
S2,Seasonal,0.0,0.9988209978082964,0.0,0.0,0.9418253013069677,0.0,1,Per(p=168),['None']
S2,Seasonal,0.3434958877359855,0.6785949770404713,0.0,0.9127965466942851,0.9815186912505783,0.9396784311385364,3,((Const(1)*Per(p=96))*Per(p=672)),"[np.str_('*'), np.str_('*')]"
S2,Seasonal,0.17059613872826151,0.2859599148211871,0.0,0.2569277173884047,0.396903151068033,0.2722208129070921,5,((((RQ(α=0.1)*WN(σ=1))*WN(σ=1))*Const(1))*Per(p=7)),"[np.str_('*'), np.str_('*'), np.str_('*'), np.str_('*')]"
S2,Seasonal,0.0,0.7785557866265522,0.0,0.24289260432618376,0.878448063514806,0.4774411685711223,3,((Per(p=7)*Per(p=672))*RBF(l=10)),"[np.str_('*'), np.str_('*')]"
S2,Seasonal,0.11538787094877856,0.3145084232165053,0.0,0.13521042063044675,0.4348407052671913,0.41470085831278336,3,((Per(p=96)+RBF(l=0.1))*Per(p=60)),"[np.str_('+'), np.str_('*')]"
S2,Seasonal,0.10777681704434094,0.4081743787009663,0.0,0.24673167775672633,0.6039162493943009,0.5296284177217968,5,((((WN(σ=0.1)*Per(p=6))*Per(p=96))+Per(p=60))+RBF(l=1)),"[np.str_('*'), np.str_('*'), np.str_('+'), np.str_('+')]"
S4,Trending,0.9999793769551144,0.0,0.0,0.9999775167982647,0.0,0.0,1,Lin(σ=1),['None']
S2,Seasonal,0.9999350429520649,0.0,0.0,0.9999943524445738,0.8294498678638885,0.9138477167476934,1,Per(p=730),['None']
S2,Seasonal,0.13726147663299548,0.22046038483970898,0.0,0.2839287673167368,0.35842634520107886,0.3488241059437035,5,((((Const(1)*Per(p=4))+Per(p=6))*RQ(α=0.1))*Per(p=6)),"[np.str_('*'), np.str_('+'), np.str_('*'), np.str_('*')]"
S2,Seasonal,0.010736762461577287,0.5580494884079696,0.0,0.04561809482509427,0.619928602026552,0.1081753044391508,3,((RQ(α=10)*Per(p=6))+WN(σ=0.1)),"[np.str_('*'), np.str_('+')]"
S2,Seasonal,0.019423706837855326,0.9999893848126938,0.0,0.028133082126196696,0.9999925568074954,0.2990657608911371,1,Per(p=30),['None']
S1,Composite,0.9999999992044712,0.9999497915961392,0.0,0.9999999997684771,0.9999853863668606,0.7089658192707302,3,((Lin(σ=1)+Per(p=14))+Per(p=672)),"[np.str_('+'), np.str_('+')]"
S3,Stationary,0.03028481809711614,0.19608235613850145,0.0,0.11748954316055571,0.6440016993004138,0.6644248832725377,1,RQ(α=1),['None']
S1,Composite,0.9995431681229031,0.023514896097350912,0.0,0.9999537112510981,0.7561278300819835,0.8994625365372172,5,((((RQ(α=10)*WN(σ=1))+Lin(σ=1))+Per(p=48))*Per(p=672)),"[np.str_('*'), np.str_('+'), np.str_('+'), np.str_('*')]"
S2,Seasonal,0.0,0.9898808938512168,0.0,0.016255950710205358,0.9973426521570677,0.7368987783348,1,Per(p=40),['None']
S2,Seasonal,0.11208807047980107,0.8700042131332694,0.0,0.35580364034488765,0.9412591288890052,0.6322039410585056,2,(Per(p=24)*Per(p=26)),[np.str_('*')]
S3,Stationary,0.19814234119478003,0.19567566210548681,0.0,0.36602320072764305,0.30568929016490987,0.32246989624708966,1,WN(σ=1),['None']
S1,Composite,0.9999961696098099,0.9004928649509638,0.0,0.9999999570247128,0.99838880989407,0.9887793106414438,3,((Per(p=96)+Per(p=48))+Lin(σ=1)),"[np.str_('+'), np.str_('+')]"
S1,Composite,0.997749970560882,0.20475905469022737,0.0,0.9985751248112275,0.3276933589005565,0.36956196228924243,3,((RQ(α=0.1)*Per(p=365))+Lin(σ=0)),"[np.str_('*'), np.str_('+')]"
S4,Trending,0.9999999992935872,0.2581099327228187,0.0,0.9999999995343899,0.4034382511677165,0.3408795663975095,1,Lin(σ=1),['None']
S2,Seasonal,0.11023961889156719,0.22774680196931651,0.0,0.18691909418632435,0.40011807058827953,0.47823093056388255,3,((Per(p=7)*Per(p=10))*Per(p=40)),"[np.str_('*'), np.str_('*')]"
S2,Seasonal,0.0,0.6296936726807708,0.0,0.0005680851272922283,0.9184488615701132,0.8378241796788337,2,(Per(p=10)+Per(p=24)),[np.str_('+')]
S2,Seasonal,0.07991706881449456,0.31486963567495996,0.0,0.11267045138216347,0.46499077238642894,0.3847671243467802,4,(((WN(σ=1)+RBF(l=0.1))*RQ(α=10))+Per(p=60)),"[np.str_('+'), np.str_('*'), np.str_('+')]"
S2,Seasonal,0.04263154857204521,0.9999929785942374,0.0,0.02685540047932511,0.9999955868835013,0.37154027486598684,2,(Per(p=26)+Const(1)),[np.str_('+')]
S2,Seasonal,0.01727950763914765,0.18484909710215702,0.0,0.10754248187592541,0.4735053217006807,0.5541177302150939,3,((Per(p=26)+Per(p=14))*Per(p=6)),"[np.str_('+'), np.str_('*')]"
S2,Seasonal,0.9984410566536444,0.04175882365155981,0.0,0.9999702451800643,0.8802519107393186,0.981523136679293,2,(Per(p=336)+Per(p=672)),[np.str_('+')]
S2,Seasonal,0.059003572390186165,0.9784206558675219,0.0,0.08864329498299905,0.9915729387676637,0.6435251704487699,1,Per(p=60),['None']
S3,Stationary,0.06759468319049866,0.2605444190267143,0.0,0.10035354596448998,0.4246139330279195,0.5855767586805568,1,RBF(l=1),['None']
S2,Seasonal,0.5794298193911156,0.7739459617011826,0.0,0.5706481520356126,0.9228470609685221,0.7102458134021683,1,Per(p=12),['None']
S2,Seasonal,0.04461926119421511,0.26433830929775426,0.0,0.06605927786387256,0.4250191564992961,0.40418617632982967,5,((((WN(σ=0.1)*RBF(l=1))*Per(p=10))*RQ(α=1))*RBF(l=10)),"[np.str_('*'), np.str_('*'), np.str_('*'), np.str_('*')]"
S2,Seasonal,0.034016960149006126,0.17528698923827268,0.0,0.06751788720041996,0.41395841036181047,0.5549872126068731,2,(RBF(l=1)*Per(p=336)),[np.str_('*')]
S2,Seasonal,0.13784704522548175,0.09296580534617016,0.0,0.40945780809667,0.1423572281155624,0.28818613748554356,2,(WN(σ=1)*Per(p=52)),[np.str_('*')]
S3,Stationary,0.19284216158148482,0.18311965438430644,0.0,0.40536659067659386,0.24782322993108685,0.30516304858684484,1,WN(σ=1),['None']
S3,Stationary,0.1287425621500744,0.09903050045291417,0.0,0.4380032503948533,0.13281393808172182,0.2369311326702318,1,RBF(l=0.1),['None']
S2,Seasonal,0.5446059934769445,0.7032616011486101,0.0,0.5804221145770011,0.7513705171004302,0.22167078913561922,4,(((Per(p=52)+Per(p=24))*Per(p=672))*Per(p=4)),"[np.str_('+'), np.str_('*'), np.str_('*')]"
S2,Seasonal,0.10371228579214287,0.21933825039609245,0.0,0.3348859223522582,0.45622546859741386,0.46828727830436645,2,(Per(p=14)+RQ(α=0.1)),[np.str_('+')]
S1,Composite,0.15574651666700068,0.05048676698765053,0.0,0.47462300117575595,0.08871970654324857,0.40580464737376476,5,((((Lin(σ=1)*WN(σ=0.1))+Per(p=30))*Per(p=4))+Per(p=24)),"[np.str_('*'), np.str_('+'), np.str_('*'), np.str_('+')]"
S2,Seasonal,0.28140822588988534,0.10942471196163839,0.0,0.520555560996129,0.12465400142231864,0.1292606954985216,4,(((WN(σ=0.1)+Per(p=24))*RBF(l=10))*RBF(l=0.1)),"[np.str_('+'), np.str_('*'), np.str_('*')]"
S2,Seasonal,0.05147118421122798,0.9999874930117434,0.0,0.11898114563003515,0.9999917299989497,0.3387535736010444,1,Per(p=24),['None']
S4,Trending,0.9999844821595991,0.0,0.0,0.9999807673162797,0.0,0.0,1,Lin(σ=10),['None']
S1,Composite,0.426316471359249,0.3733684961570025,0.0,0.5980095786816111,0.6218859897998247,0.6817960777006836,3,((Per(p=168)*Lin(σ=0))*Per(p=96)),"[np.str_('*'), np.str_('*')]"
S3,Stationary,0.1088868714311525,0.27860376446634894,0.0,0.16241211042442594,0.3593063222533204,0.25879390102983335,1,WN(σ=0.1),['None']
S2,Seasonal,0.19226982116552893,0.9999506746996814,0.0,0.37423169448920857,0.9999620586957111,0.23081199979066247,1,Per(p=4),['None']
S2,Seasonal,0.9465810210719218,0.9910697163288583,0.0,0.8250414428531029,0.9676766583778682,0.0,1,Per(p=336),['None']
S2,Seasonal,0.11709264968051603,0.3173467455044614,0.0,0.06732371076468113,0.39180978951022316,0.31428692814157855,3,((Per(p=24)*Per(p=60))*Per(p=6)),"[np.str_('*'), np.str_('*')]"
S1,Composite,0.9999999846844703,0.999974580779461,0.0,0.9999999895106939,0.9999826075763575,0.31512920323497384,3,((Lin(σ=10)+Per(p=14))+Const(1)),"[np.str_('+'), np.str_('+')]"
S2,Seasonal,0.5831878254884783,0.7070200588349707,0.0,0.7371545035871163,0.8568514161907743,0.5986674951288695,3,((Per(p=40)+Per(p=6))+RQ(α=1)),"[np.str_('+'), np.str_('+')]"
S2,Seasonal,0.07929382405014362,0.339747631629713,0.0,0.1148054376047456,0.4600199648415013,0.34278697079938014,4,(((Per(p=96)*RQ(α=0.1))+RQ(α=10))*Per(p=4)),"[np.str_('*'), np.str_('+'), np.str_('*')]"
S2,Seasonal,0.8104221870356769,0.8967886515242751,0.0,0.9700151724806455,0.9874889974631883,0.8847724772650691,2,(Per(p=672)*Per(p=52)),[np.str_('*')]
S2,Seasonal,0.03040133233264608,0.9999809640619074,0.0,0.06968222159391835,0.9999869177330154,0.3132757641145886,1,Per(p=26),['None']
S2,Seasonal,0.23777915843741138,0.19974578529662113,0.0,0.46528338867752583,0.26487434004710775,0.29673462877444157,3,((RQ(α=0.1)*Per(p=26))*RQ(α=0.1)),"[np.str_('*'), np.str_('*')]"
S2,Seasonal,0.9980022049405649,0.9624993597565779,0.0,0.99990036865801,0.9981706107211824,0.9521230103480364,2,(Per(p=4)+Per(p=365)),[np.str_('+')]
S2,Seasonal,0.025446942465577882,0.9241793280812243,0.0,0.03174298777079254,0.9495843958821084,0.37109024771277477,3,((Per(p=7)*WN(σ=0.1))+Per(p=40)),"[np.str_('*'), np.str_('+')]"
S2,Seasonal,0.08339477607374857,0.7653834714579462,0.0,0.13634418164304252,0.791906221522751,0.15874243961184442,3,((RQ(α=10)+Per(p=672))+RQ(α=0.1)),"[np.str_('+'), np.str_('+')]"
S1,Composite,0.9999996206267429,0.970991529793441,0.0,0.9999999362926538,0.995125843031808,0.8320877911674618,2,(Per(p=60)+Lin(σ=10)),[np.str_('+')]
S2,Seasonal,0.4870172111287149,0.3119430937344211,0.0,0.646722732236184,0.4769609808528389,0.5820706982075832,3,((Per(p=365)+RQ(α=1))+RBF(l=1)),"[np.str_('+'), np.str_('+')]"
S1,Composite,0.25226462498170255,0.8990346123647279,0.0,0.024845998804284397,0.06503312479032664,0.0,5,((((Per(p=365)+Per(p=60))*Lin(σ=10))*Per(p=168))+RBF(l=10)),"[np.str_('+'), np.str_('*'), np.str_('*'), np.str_('+')]"
S2,Seasonal,0.526501129111641,0.8474215196467614,0.0,0.7431882566130319,0.9083622921791703,0.5014041836926233,1,Per(p=365),['None']
S2,Seasonal,0.7907322691471703,0.9541217486759536,0.0,0.7216443238785425,0.9236943678584483,0.0,1,Per(p=365),['None']
S4,Trending,0.999999999007606,0.20968533729585248,0.0,0.9999999993162578,0.3356001678420193,0.31101832353689796,1,Lin(σ=10),['None']
S1,Composite,0.9842965561431065,0.7611871547824665,0.0,0.9992914347509708,0.9884953059667797,0.9546192972891838,2,(Per(p=96)*Lin(σ=1)),[np.str_('*')]
S2,Seasonal,0.0,0.5973140834520181,0.0,0.0,0.21580627845121703,0.0,4,(((RBF(l=0.1)*RBF(l=10))+Per(p=168))+Per(p=7)),"[np.str_('*'), np.str_('+'), np.str_('+')]"
S4,Trending,0.9999349382196873,0.36074404833466467,0.0,0.9999687984021307,0.6363617587002749,0.5202164257640688,3,((RQ(α=1)*RQ(α=10))+Lin(σ=1)),"[np.str_('*'), np.str_('+')]"
S2,Seasonal,0.24645083484062458,0.7564045144874357,0.0,0.04565362526986272,0.6162899126634502,0.0,5,((((Per(p=60)+Const(1))*Per(p=730))*Per(p=14))*Per(p=336)),"[np.str_('+'), np.str_('*'), np.str_('*'), np.str_('*')]"
S2,Seasonal,0.022824129272994598,0.4518274657617569,0.0,0.12188905387796867,0.7060417919645634,0.6663645686540216,1,Per(p=26),['None']
S1,Composite,0.45024977162864777,0.2822202355901715,0.0,0.8782990031789285,0.7485017454288136,0.8225688388869297,5,((((Lin(σ=1)+Lin(σ=1))*Per(p=52))*Per(p=96))+Const(1)),"[np.str_('+'), np.str_('*'), np.str_('*'), np.str_('+')]"
S1,Composite,0.48316847679038444,0.3294024729708548,0.0,0.8066814645808381,0.817456369200233,0.7751087889415194,4,(((Per(p=96)+Lin(σ=0))+Per(p=40))*RBF(l=10)),"[np.str_('+'), np.str_('+'), np.str_('*')]"
S4,Trending,0.9999999998215585,0.1665118038536565,0.0,0.9999999998768709,0.23468931887736022,0.30997472063408704,1,Lin(σ=1),['None']
S2,Seasonal,0.08956605266099005,0.18276650103028458,0.0,0.2742120436895259,0.3110467685557571,0.31558480078837614,3,((Per(p=60)*Per(p=365))*WN(σ=0.1)),"[np.str_('*'), np.str_('*')]"
S1,Composite,0.9999999996214498,0.9999999997186537,0.0,0.9999999997493901,0.9999999998137412,0.33797263976899883,2,(Lin(σ=1)*Per(p=10)),[np.str_('*')]
S2,Seasonal,0.04017305959420514,0.7105617857397957,0.0,0.0,0.0,0.0,4,(((Per(p=336)*Per(p=730))+Per(p=7))+WN(σ=0.1)),"[np.str_('*'), np.str_('+'), np.str_('+')]"
S4,Trending,0.0,0.1308083981517768,0.0,0.2502923566389622,0.2335470713663227,0.34786787220731685,3,((WN(σ=1)*Lin(σ=1))*RQ(α=1)),"[np.str_('*'), np.str_('*')]"
S2,Seasonal,0.10557732580842527,0.9999650054801392,0.0,0.23715916122062775,0.9999771821416014,0.3480848814350628,1,Per(p=6),['None']
S2,Seasonal,0.2524351961880339,0.2546871993091905,0.0,0.3516209477845721,0.3877999855002977,0.4008795135334633,4,(((Per(p=52)+WN(σ=1))*RBF(l=0.1))+Per(p=672)),"[np.str_('+'), np.str_('*'), np.str_('+')]"
S1,Composite,0.9996463947943943,0.10693841603203658,0.0,0.9997121570496524,0.13186981776286577,0.18456282974550664,4,(((Per(p=26)+Per(p=4))*RBF(l=0.1))+Lin(σ=1)),"[np.str_('+'), np.str_('*'), np.str_('+')]"
S2,Seasonal,0.11901077789591652,0.30948902732886807,0.0,0.23479122756612059,0.5798407099856915,0.6719816103799539,5,((((Const(1)*Per(p=48))*Per(p=14))+RQ(α=1))*Per(p=30)),"[np.str_('*'), np.str_('*'), np.str_('+'), np.str_('*')]"
S2,Seasonal,0.39471861949367026,0.531086270668258,0.0,0.6249368947035225,0.8123069972878846,0.7028605461465234,5,((((RBF(l=10)*RBF(l=10))+Per(p=40))*Per(p=96))*Per(p=48)),"[np.str_('*'), np.str_('+'), np.str_('*'), np.str_('*')]"
S2,Seasonal,0.1748336412064292,0.17061802839178597,0.0,0.2805647777380115,0.21364962543916044,0.21382565548120747,3,((Per(p=24)*Per(p=4))+Per(p=24)),"[np.str_('*'), np.str_('+')]"
S2,Seasonal,0.0,0.7144674805362882,0.0,0.0818881445178744,0.29734679533518793,0.0,3,((Per(p=14)+Per(p=96))+Per(p=168)),"[np.str_('+'), np.str_('+')]"
S2,Seasonal,0.9286875639842531,0.9707360151036578,0.0,0.9984094961350889,0.9995585222826298,0.9848303149446789,3,((Const(1)*Per(p=96))+Per(p=14)),"[np.str_('*'), np.str_('+')]"
S2,Seasonal,0.0,0.9927847162930585,0.0,0.5620329942225758,0.9992577446573988,0.8974352479303005,1,Per(p=52),['None']
S3,Stationary,0.01261089143271743,0.24499743508055394,0.0,0.10191222562017166,0.3592146315630207,0.28611329437803645,1,WN(σ=0.1),['None']
S2,Seasonal,0.0,0.711527881167236,0.0,0.001029862138332116,0.8498814298052677,0.5534436796035561,2,(Per(p=6)+Per(p=40)),[np.str_('+')]
S2,Seasonal,0.4936319904979517,0.6733855447268348,0.0,0.6095589689307851,0.7847152694273052,0.4389623729311354,5,((((Per(p=7)+Per(p=60))+Per(p=52))*Per(p=4))*Per(p=4)),"[np.str_('+'), np.str_('+'), np.str_('*'), np.str_('*')]"
S2,Seasonal,0.010658286968966757,0.5233366826904269,0.0,0.22381552407985317,0.5200118523595327,0.36229766992987333,3,((Per(p=6)+Per(p=60))*Per(p=6)),"[np.str_('+'), np.str_('*')]"
S1,Composite,0.13621414816778643,0.16628917901910667,0.0,0.33354170820615026,0.4004106510478169,0.5753228355306004,3,((Per(p=672)+Lin(σ=0))*RBF(l=1)),"[np.str_('+'), np.str_('*')]"
S2,Seasonal,0.5990241298672812,0.3544542112462469,0.0,0.6768568483509687,0.4677348690998415,0.3240320462684887,4,(((RBF(l=0.1)*Per(p=30))+Per(p=365))+Per(p=4)),"[np.str_('*'), np.str_('+'), np.str_('+')]"
S2,Seasonal,0.29383046371930543,0.24716470595698437,0.0,0.39596107025697946,0.33435809061588506,0.34947867184961046,5,((((Per(p=4)+Per(p=4))*Per(p=14))+RBF(l=1))+WN(σ=0.1)),"[np.str_('+'), np.str_('*'), np.str_('+'), np.str_('+')]"
S2,Seasonal,0.19593229873320805,0.07165904748066809,0.0,0.5090599180862099,0.09425756094995197,0.23185538291609498,3,((Per(p=48)*RQ(α=10))*RBF(l=0.1)),"[np.str_('*'), np.str_('*')]"
S1,Composite,0.0,0.13752317104883782,0.0,0.21828634663621438,0.4887863890027806,0.5123755811667129,5,((((Lin(σ=1)*WN(σ=1))+WN(σ=1))*Per(p=336))*RBF(l=0.1)),"[np.str_('*'), np.str_('+'), np.str_('*'), np.str_('*')]"
S2,Seasonal,0.9998599904653146,0.9999355839612333,0.0,0.9999845484450246,0.9999929962698226,0.891280411083007,2,(Per(p=4)+Per(p=96)),[np.str_('+')]
S2,Seasonal,0.0026930737363866086,0.39809023102533625,0.0,0.0402659766354212,0.7070765091215164,0.535527371533119,5,((((Per(p=96)+Per(p=672))*Per(p=12))*Per(p=96))+RQ(α=10)),"[np.str_('+'), np.str_('*'), np.str_('*'), np.str_('+')]"
S2,Seasonal,0.5332325645454565,0.39038683039530375,0.0,0.8028318379037369,0.877681710422705,0.8325851524717228,2,(Per(p=96)+Per(p=24)),[np.str_('+')]
S2,Seasonal,0.0,0.9981242532999366,0.0,0.2623469432622173,0.9992648879228461,0.6088145248146146,1,Per(p=40),['None']
S1,Composite,0.3947123618954127,0.49114816796333427,0.0,0.4677069470623446,0.5646853206699524,0.27758123453891936,4,(((WN(σ=1)+Lin(σ=0))+Per(p=10))+Per(p=40)),"[np.str_('+'), np.str_('+'), np.str_('+')]"
S2,Seasonal,0.05255367898965013,0.3255464028507423,0.0,0.0593951526316957,0.5284491881673861,0.45846307797575625,3,((Per(p=52)*Per(p=6))*Per(p=40)),"[np.str_('*'), np.str_('*')]"
S2,Seasonal,0.11091129841873648,0.1910235655984518,0.0,0.2852822774525233,0.2876171103848215,0.31357031114359424,4,(((WN(σ=1)+Per(p=365))*WN(σ=0.1))*Per(p=24)),"[np.str_('+'), np.str_('*'), np.str_('*')]"
S2,Seasonal,0.061296252059675926,0.7650589025729952,0.0,0.21449709337517386,0.8300418958660035,0.3207489937378101,2,(WN(σ=0.1)+Per(p=10)),[np.str_('+')]
S2,Seasonal,0.0009201899807543823,0.9939420709186205,0.0,0.09068553934083567,0.9987598866274665,0.7975268563610667,1,Per(p=40),['None']
S2,Seasonal,0.10417798524276345,0.5010175770338029,0.0,0.2942989346413729,0.7560079183393864,0.5941923321234565,5,((((RQ(α=1)*RQ(α=10))+WN(σ=0.1))*Per(p=7))+Per(p=26)),"[np.str_('*'), np.str_('+'), np.str_('*'), np.str_('+')]"
S3,Stationary,0.17123330727855834,0.2042462187638564,0.0,0.3212687453143753,0.28627600768044437,0.2881621824833134,1,WN(σ=0.1),['None']
S2,Seasonal,0.08993973242740372,0.9999847004944308,0.0,0.2399473072597581,0.9999883542485486,0.23896300966260875,1,Per(p=7),['None']
S2,Seasonal,0.008985351826065413,0.8668944713579432,0.0,0.002434910904853149,0.02756343182265031,0.0,5,((((Per(p=48)*Const(1))+Const(1))*Per(p=168))*Const(1)),"[np.str_('*'), np.str_('+'), np.str_('*'), np.str_('*')]"
S2,Seasonal,0.032780736943536226,0.9999908054428819,0.0,0.23977522590617073,0.9999938882415997,0.33523434062925284,1,Per(p=6),['None']
S2,Seasonal,0.2544404186278597,0.5731206014418917,0.0,0.39006133686014266,0.8298342712468655,0.8253722113000717,2,(Per(p=12)*Per(p=26)),[np.str_('*')]
S2,Seasonal,0.09271838627307216,0.40178741379832805,0.0,0.08578848430623887,0.6310564181993237,0.4400944693772776,4,(((Per(p=672)*RBF(l=0.1))+Per(p=168))*Per(p=365)),"[np.str_('*'), np.str_('+'), np.str_('*')]"
S2,Seasonal,0.6821805164374555,0.6450357535106543,0.0,0.853188892523735,0.9400759224213537,0.8822307924577601,1,Per(p=14),['None']
S1,Composite,0.999958670641883,0.9999871751686656,0.0,0.9999754108691847,0.9999923622752912,0.4046947647731629,3,((Lin(σ=10)+WN(σ=1))*Per(p=10)),"[np.str_('+'), np.str_('*')]"
S4,Trending,0.9999999997271651,0.23583248594458006,0.0,0.9999999998074639,0.3135931098915776,0.29431288943225753,2,(Lin(σ=10)+Lin(σ=10)),[np.str_('+')]
S1,Composite,0.42658754830689494,0.7523411240851945,0.0,0.8032986968779963,0.9465440984277339,0.8504357282677284,4,(((Per(p=30)+Per(p=7))*Lin(σ=10))*Per(p=730)),"[np.str_('+'), np.str_('*'), np.str_('*')]"
S2,Seasonal,0.01855000275610441,0.33524055884486526,0.0,0.03956580415023769,0.5337041962603895,0.382245004639322,5,((((RBF(l=1)+RBF(l=0.1))*RBF(l=1))*Per(p=365))+Per(p=60)),"[np.str_('+'), np.str_('*'), np.str_('*'), np.str_('+')]"
S1,Composite,0.7197850463626412,0.3623221405158724,0.0,0.8536875047592019,0.6037638249424109,0.5766458876485492,4,(((WN(σ=0.1)+Per(p=96))*Lin(σ=10))+Lin(σ=0)),"[np.str_('+'), np.str_('*'), np.str_('+')]"
S2,Seasonal,0.0627519220255921,0.5951738081701701,0.0,0.06267546198774676,0.7222484580968473,0.18643957102167674,2,(Per(p=7)*Per(p=4)),[np.str_('*')]
S2,Seasonal,0.07819447225770881,0.329128371101035,0.0,0.6880166301689287,0.9204259480299642,0.9123499359068152,4,(((Const(1)+Per(p=48))+RBF(l=10))*RBF(l=10)),"[np.str_('+'), np.str_('+'), np.str_('*')]"
S1,Composite,0.04629442127205485,0.24368904436870542,0.0,0.06512915035469347,0.3886476187493916,0.3082491472107185,5,((((Per(p=14)+Per(p=672))*RQ(α=0.1))*Lin(σ=1))+Per(p=26)),"[np.str_('+'), np.str_('*'), np.str_('*'), np.str_('+')]"
S2,Seasonal,0.1071837718966605,0.3842826950072249,0.0,0.08626511990129615,0.6187938939858313,0.4403665088672267,3,((Per(p=672)*WN(σ=1))+Per(p=168)),"[np.str_('*'), np.str_('+')]"
S2,Seasonal,0.7199288686141913,0.7858831071259891,0.0,0.9123863279118553,0.9731681123743957,0.8987729893379914,1,Per(p=48),['None']
S2,Seasonal,0.23018648863440083,0.3454120301821576,0.0,0.26526098551348876,0.5937816384916469,0.6239878994747554,4,(((RBF(l=10)*Per(p=14))*Per(p=96))*Per(p=336)),"[np.str_('*'), np.str_('*'), np.str_('*')]"
S2,Seasonal,0.9990966917615779,0.9998784138166595,0.0,0.999944592536701,0.999992824043242,0.9409922104263191,3,((Per(p=730)+Per(p=26))*Const(1)),"[np.str_('+'), np.str_('*')]"
S2,Seasonal,0.9995340360872169,0.0913487129239211,0.0,0.9999583125678534,0.4488105498879217,0.9136224604602836,1,Per(p=672),['None']
S3,Stationary,0.20529439057494347,0.16358909052578763,0.0,0.4083988072960366,0.27494894158769956,0.3964452994072868,1,Const(1),['None']
S2,Seasonal,0.15069563651781792,0.3053632149630737,0.0,0.22881954281053873,0.56968157748686,0.5447116564328498,4,(((WN(σ=1)+Per(p=48))*Per(p=336))*Per(p=14)),"[np.str_('+'), np.str_('*'), np.str_('*')]"
S2,Seasonal,0.0,0.7042436894587053,0.0,0.0,0.08352280180445204,0.0,3,((Per(p=336)*Per(p=672))+Per(p=10)),"[np.str_('*'), np.str_('+')]"
S1,Composite,0.9990141522145752,0.0,0.0,0.9999616341185189,0.7152549501404106,0.9614189247745734,5,((((Lin(σ=1)*Const(1))+Per(p=730))+RQ(α=1))*Per(p=365)),"[np.str_('*'), np.str_('+'), np.str_('+'), np.str_('*')]"
S2,Seasonal,0.08495002533573315,0.9999709446753983,0.0,0.16917031565952567,0.999978085345704,0.2455349331623936,1,Per(p=10),['None']
S2,Seasonal,0.34596687682506433,0.7015944476888776,0.0,0.47348191508525495,0.8339441434379828,0.489032986186828,5,((((Per(p=168)*Per(p=26))*Per(p=6))+Per(p=6))+Per(p=26)),"[np.str_('*'), np.str_('*'), np.str_('+'), np.str_('+')]"
S2,Seasonal,0.4000047979522292,0.3435359922568335,0.0,0.5319086266856723,0.5005783111417668,0.3856859465207153,4,(((Per(p=52)*RBF(l=0.1))+Per(p=60))*Per(p=730)),"[np.str_('*'), np.str_('+'), np.str_('*')]"
S2,Seasonal,0.0,0.8024576918206043,0.0,0.0,0.7473455814396093,0.0,5,((((WN(σ=1)+Const(1))+Per(p=672))*Const(1))*Const(1)),"[np.str_('+'), np.str_('+'), np.str_('*'), np.str_('*')]"
S1,Composite,0.9981246480277656,0.28834988992191557,0.0,0.9987449244849063,0.42823122202803465,0.32711487011692364,4,(((RBF(l=10)+Per(p=10))*WN(σ=1))+Lin(σ=1)),"[np.str_('+'), np.str_('*'), np.str_('+')]"
S3,Stationary,0.0,0.7950399688737743,0.0,0.03336173547292742,0.8704837604213278,0.359279970804248,1,RQ(α=1),['None']
S3,Stationary,0.25245690229768225,0.1000494142736168,0.0,0.39946151230839333,0.1791734869817888,0.37356956431672383,1,RQ(α=0.1),['None']
S2,Seasonal,0.06736529752574583,0.9999874646330923,0.0,0.08903154922598133,0.9999923773981862,0.39184252233759087,1,Per(p=14),['None']
S2,Seasonal,0.016053766804500325,0.22994465359489913,0.0,0.0694948182201579,0.34675231381742744,0.2720436934384106,3,((RBF(l=0.1)*Per(p=12))*Per(p=4)),"[np.str_('*'), np.str_('*')]"
S2,Seasonal,0.0,0.996478588064288,0.0,0.4781109919389982,0.9995420098747727,0.8696877194845931,1,Per(p=52),['None']
S2,Seasonal,0.9531101754450869,0.25239225164724577,0.0,0.9862036101504988,0.45095390867077845,0.7211527664082746,5,((((Per(p=672)+WN(σ=0.1))+Per(p=672))+Per(p=336))+Per(p=60)),"[np.str_('+'), np.str_('+'), np.str_('+'), np.str_('+')]"
S2,Seasonal,0.03744905816644095,0.6198687519166919,0.0,0.1739485743453597,0.8587464044049318,0.7104517418263934,3,((Per(p=7)*RQ(α=1))+RBF(l=10)),"[np.str_('*'), np.str_('+')]"
S2,Seasonal,0.0944683684438482,0.36494902728111156,0.0,0.10637065264827028,0.33972961195257134,0.0,3,((Per(p=365)+Per(p=168))+Per(p=40)),"[np.str_('+'), np.str_('+')]"
S2,Seasonal,0.27113463325752596,0.16349960838608157,0.0,0.3634517053598444,0.2502847778685907,0.2471558973019672,5,((((Per(p=96)*Per(p=336))*Per(p=6))+WN(σ=1))*Per(p=730)),"[np.str_('*'), np.str_('*'), np.str_('+'), np.str_('*')]"
S2,Seasonal,0.6218420134913476,0.6018180673317268,0.0,0.7015011394452701,0.7148045523001707,0.3358829996927045,5,((((Per(p=672)+Per(p=40))+RBF(l=0.1))+Const(1))+Per(p=6)),"[np.str_('+'), np.str_('+'), np.str_('+'), np.str_('+')]"
S1,Composite,0.018793629956427083,0.13731581616477662,0.0,0.05966989340992557,0.4415943150215865,0.5776047539337681,5,((((Per(p=10)+Lin(σ=0))*Lin(σ=10))*RBF(l=10))*RQ(α=1)),"[np.str_('+'), np.str_('*'), np.str_('*'), np.str_('*')]"
S2,Seasonal,0.5731376771408145,0.5589799057346437,0.0,0.875767802404162,0.8850863469720027,0.8262452487042546,4,(((RBF(l=10)*Per(p=52))+Per(p=26))+Per(p=30)),"[np.str_('*'), np.str_('+'), np.str_('+')]"
S4,Trending,0.9999824727126426,0.30774709689091895,0.0,0.999995647820635,0.7594038134448432,0.7515160156522058,2,(Lin(σ=1)+RBF(l=10)),[np.str_('+')]
S2,Seasonal,0.06565548859898096,0.2656566754033587,0.0,0.2956860109419711,0.7219758414150571,0.8366320174234226,4,(((Per(p=48)+Per(p=14))+Per(p=26))*Per(p=96)),"[np.str_('+'), np.str_('+'), np.str_('*')]"
S3,Stationary,0.04946738642398152,0.3454910120571615,0.0,0.10213382946124694,0.7274638512643788,0.6645246954915615,1,RQ(α=1),['None']
S2,Seasonal,0.3636837422494399,0.5710239203226676,0.0,0.5232137243339875,0.7182763338156479,0.5010864611222936,3,((Per(p=40)*RBF(l=1))+Per(p=6)),"[np.str_('*'), np.str_('+')]"
S2,Seasonal,0.5716744752820522,0.30490510952738337,0.0,0.6955395832491086,0.45292388828753294,0.44913875038427764,4,(((Per(p=52)+Per(p=96))*RQ(α=1))+Per(p=4)),"[np.str_('+'), np.str_('*'), np.str_('+')]"
S2,Seasonal,0.08675404505350237,0.9999912092296275,0.0,0.2673907453420096,0.9999941974656117,0.33964871507616234,1,Per(p=10),['None']
S1,Composite,0.03494328070100905,0.9183298089432933,0.0,0.18228612737228722,0.9651478389707012,0.5958739183873456,3,((Per(p=730)+Lin(σ=10))*Per(p=96)),"[np.str_('+'), np.str_('*')]"
S4,Trending,0.9999872089062098,0.2612996504438161,0.0,0.9999940256138962,0.39956964208066903,0.5329942990893521,2,(Lin(σ=10)+RQ(α=1)),[np.str_('+')]
S3,Stationary,0.026942270929666057,0.09745389460592158,0.0,0.4066283649571004,0.15908666081713774,0.33571338341842416,1,WN(σ=1),['None']
S3,Stationary,0.08616690413286532,0.724736010188874,0.0,0.0,0.12819519974043425,0.0,2,(RBF(l=10)+Const(1)),[np.str_('+')]
S1,Composite,0.3621965957696177,0.6523121361379098,0.0,0.5093656926537817,0.755632996862676,0.4393972295243437,5,((((Per(p=10)*Per(p=52))+Per(p=10))+Per(p=96))*Lin(σ=0)),"[np.str_('*'), np.str_('+'), np.str_('+'), np.str_('*')]"
S1,Composite,0.03287908712339993,0.16328885858390418,0.0,0.23282897662754942,0.523856811546998,0.6133211826243461,4,(((Per(p=168)+Per(p=30))*RBF(l=1))*Lin(σ=1)),"[np.str_('+'), np.str_('*'), np.str_('*')]"
S2,Seasonal,0.6951233899725535,0.6607627775485898,0.0,0.744754897392333,0.8454183533284964,0.6385457313539113,2,(Per(p=24)+Per(p=40)),[np.str_('+')]
S2,Seasonal,0.23948541776058208,0.5537133576629567,0.0,0.31577955952555237,0.7144104565751179,0.43357845636565806,4,(((RQ(α=0.1)+Per(p=40))*Per(p=672))*Per(p=365)),"[np.str_('+'), np.str_('*'), np.str_('*')]"
S2,Seasonal,0.037559126922278474,0.4206331740045486,0.0,0.0,0.15598422040954063,0.0,5,((((Per(p=52)*RBF(l=0.1))*RQ(α=1))+Per(p=365))+RQ(α=1)),"[np.str_('*'), np.str_('*'), np.str_('+'), np.str_('+')]"
S2,Seasonal,0.7159376897275536,0.895364109222205,0.0,0.9453820072518935,0.993568441951507,0.9444210637843011,1,Per(p=48),['None']
S4,Trending,0.9999999993433611,0.08457947817341172,0.0,0.9999999996111957,0.17744021651685704,0.407884104473347,1,Lin(σ=1),['None']
S3,Stationary,0.23204856829714815,0.29985835238999425,0.0,0.35466864193755265,0.42605749393621595,0.5776056453977785,1,RBF(l=10),['None']
S2,Seasonal,0.014851915719545694,0.3907216836175772,0.0,0.06574621041183326,0.49387201576645146,0.35135366858911676,2,(Per(p=24)+WN(σ=1)),[np.str_('+')]
S2,Seasonal,0.8128257281082771,0.09606362095631049,0.0,0.9687506021245473,0.5860300633187079,0.8870207576326065,2,(Per(p=40)+Per(p=365)),[np.str_('+')]
S1,Composite,0.9999876689908344,0.8706646205630725,0.0,0.9999974947661663,0.9709343898385947,0.7967981866782194,3,((Per(p=48)+Per(p=7))+Lin(σ=1)),"[np.str_('+'), np.str_('+')]"
S2,Seasonal,0.1395752691127332,0.7152563283195505,0.0,0.26568743978316256,0.7653783132657221,0.21443071104860034,2,(WN(σ=1)+Per(p=6)),[np.str_('+')]
S2,Seasonal,0.057478326431168125,0.3155659751915021,0.0,0.17109164862355608,0.6276116419368074,0.7174587873591097,2,(Per(p=60)*RQ(α=1)),[np.str_('*')]
S1,Composite,0.9324318549031466,0.94790546257323,0.0,0.9863860869801344,0.9901808597577464,0.8059397765415288,2,(Per(p=60)*Lin(σ=10)),[np.str_('*')]
S2,Seasonal,0.21046245863511948,0.9870393110282965,0.0,0.7646625937692899,0.998817227682552,0.9103633997249991,2,(Per(p=96)+Const(1)),[np.str_('+')]
S2,Seasonal,0.9977693723181531,0.04198728077492653,0.0,0.999980279150242,0.6938303802059413,0.9915924821893973,2,(Per(p=336)*Per(p=336)),[np.str_('*')]
S2,Seasonal,0.12021898350281823,0.9999836860612242,0.0,0.1396998561596473,0.9999883346946227,0.2850316743862964,1,Per(p=10),['None']
S2,Seasonal,0.18549926468101685,0.38994835395179683,0.0,0.19004211704848417,0.6353327713870407,0.609741516511203,3,((RBF(l=1)+RQ(α=1))+Per(p=24)),"[np.str_('+'), np.str_('+')]"
S1,Composite,0.13927779128250228,0.0,0.0,0.5373937832523519,0.7091460973410635,0.9040704336544764,5,((((Lin(σ=0)*Per(p=168))*Per(p=40))*Per(p=26))*Per(p=48)),"[np.str_('*'), np.str_('*'), np.str_('*'), np.str_('*')]"
S2,Seasonal,0.3081191966359128,0.7575594229216213,0.0,0.40837714519499224,0.9121053340853105,0.7427818971176613,5,((((WN(σ=0.1)*Per(p=12))+Per(p=52))+Per(p=96))+Per(p=52)),"[np.str_('*'), np.str_('+'), np.str_('+'), np.str_('+')]"
S2,Seasonal,0.999851536816526,0.9999585839109196,0.0,0.9999288913832369,0.9999801232931393,0.5224849231950676,2,(Per(p=7)*Per(p=730)),[np.str_('*')]
S2,Seasonal,0.9999816280594077,0.9999883067342688,0.0,0.9999938494898258,0.9999961039143451,0.6667994540134673,2,(Per(p=672)+Per(p=14)),[np.str_('+')]
S1,Composite,0.9996207342759214,0.0,0.0,0.9999297537851056,0.7962373766187139,0.8188871488013986,5,((((Lin(σ=0)+Per(p=168))+Per(p=24))*Per(p=730))+Per(p=30)),"[np.str_('+'), np.str_('+'), np.str_('*'), np.str_('+')]"
S2,Seasonal,0.7504382128566078,0.8500941314802066,0.0,0.8666809879103247,0.9196094709293356,0.520304921685867,4,(((Per(p=52)*Per(p=40))+Per(p=365))*Per(p=7)),"[np.str_('*'), np.str_('+'), np.str_('*')]"
S2,Seasonal,0.9980986391357576,0.07001950412275393,0.0,0.9998740305156668,0.8746321108276035,0.9365323221390053,1,Per(p=365),['None']
S1,Composite,0.14232349262195287,0.11673884855097705,0.0,0.2561739936018226,0.42191489533963733,0.6666687339654205,5,((((Lin(σ=0)*RQ(α=1))+RQ(α=1))+RQ(α=10))+Per(p=365)),"[np.str_('*'), np.str_('+'), np.str_('+'), np.str_('+')]"
S2,Seasonal,0.15661847892180025,0.44370148988595715,0.0,0.09852910883824273,0.7521248019191261,0.6159740179097313,1,Per(p=30),['None']
S2,Seasonal,0.2701743234410847,0.6857158845440333,0.0,0.35465437089819907,0.7609630684267895,0.3568074291729427,4,(((Per(p=365)*Per(p=7))*Per(p=26))+Per(p=26)),"[np.str_('*'), np.str_('*'), np.str_('+')]"
S1,Composite,0.17012716372997505,0.0,0.0,0.44775644077405263,0.43626560292161465,0.8099483923506982,5,((((Lin(σ=10)+Const(1))+Per(p=6))+RBF(l=10))*RQ(α=10)),"[np.str_('+'), np.str_('+'), np.str_('+'), np.str_('*')]"
S1,Composite,0.9999788981177818,0.3082158209917134,0.0,0.9999955095195555,0.7163686326945351,0.7873021357158732,3,((RQ(α=10)+Per(p=672))+Lin(σ=0)),"[np.str_('+'), np.str_('+')]"
S3,Stationary,0.03819451065402901,0.2894151596150485,0.0,0.05627569550108402,0.5339131932931886,0.5488611400203038,2,(RQ(α=1)*RQ(α=1)),[np.str_('*')]
S2,Seasonal,0.2768763726973069,0.25361498576286445,0.0,0.33823488870508267,0.41093842091253296,0.47476066792603133,5,((((RBF(l=0.1)*Per(p=30))*Per(p=96))*Per(p=26))+RQ(α=10)),"[np.str_('*'), np.str_('*'), np.str_('*'), np.str_('+')]"
S1,Composite,0.10203957675343467,0.06481746500079033,0.0,0.39835027882661755,0.10922763948265335,0.3769491172813564,4,(((Per(p=24)*Per(p=336))+Lin(σ=10))*WN(σ=1)),"[np.str_('*'), np.str_('+'), np.str_('*')]"
S2,Seasonal,0.0,0.4633483571992524,0.0,0.007943092108262273,0.581049702197588,0.3148425898822339,2,(RBF(l=0.1)+Per(p=96)),[np.str_('+')]
S2,Seasonal,0.005061779309468606,0.7856337606763627,0.0,0.02876535851864137,0.8571478835285239,0.26795053767784405,4,(((Per(p=96)+Per(p=30))*RBF(l=1))+RQ(α=10)),"[np.str_('+'), np.str_('*'), np.str_('+')]"
S1,Composite,0.16622540254740337,0.9448709273951297,0.0,0.4263549476984677,0.9825644050558769,0.616709452519288,5,((((Lin(σ=1)+RBF(l=0.1))+Per(p=60))*Lin(σ=1))*Per(p=40)),"[np.str_('+'), np.str_('+'), np.str_('*'), np.str_('*')]"
S2,Seasonal,0.1815501851358623,0.38121178974279124,0.0,0.46124723418308844,0.4823285471764036,0.3177998511636756,2,(Per(p=6)+WN(σ=1)),[np.str_('+')]
S2,Seasonal,0.037804302488118724,0.9999781568980047,0.0,0.07375676746548154,0.999985209253813,0.32333848248145414,1,Per(p=24),['None']
S2,Seasonal,0.7661440917601975,0.9002118509143014,0.0,0.9446803508233637,0.9821488361972717,0.8494922397028749,5,((((Per(p=365)*Per(p=672))+Per(p=24))+Per(p=60))+Per(p=60)),"[np.str_('*'), np.str_('+'), np.str_('+'), np.str_('+')]"
S4,Trending,0.0,0.2348632902511547,0.0,0.6402879505300123,0.7223348990115689,0.8045413542114896,3,((Lin(σ=1)*RBF(l=10))*Lin(σ=1)),"[np.str_('*'), np.str_('*')]"
S2,Seasonal,0.19441556605500987,0.37864543295564057,0.0,0.24394312442968813,0.6122629549710337,0.6353928119235539,5,((((Per(p=96)+Per(p=10))+WN(σ=1))+Per(p=40))+Per(p=24)),"[np.str_('+'), np.str_('+'), np.str_('+'), np.str_('+')]"
S2,Seasonal,0.02242610749947105,0.9999904865260525,0.0,0.04726888937318785,0.9999930202796987,0.26631433638367175,1,Per(p=30),['None']
S1,Composite,0.9999901743170079,0.891518523398489,0.0,0.9999909408500374,0.8985334255872591,0.07666678716214215,3,((Per(p=12)+Lin(σ=1))+Per(p=48)),"[np.str_('+'), np.str_('+')]"
S2,Seasonal,0.06763509942238355,0.3579318549101349,0.0,0.2520233728185659,0.7524187437633229,0.7586098272989243,5,((((Per(p=30)*Per(p=48))*Per(p=168))*RQ(α=1))*Const(1)),"[np.str_('*'), np.str_('*'), np.str_('*'), np.str_('*')]"
S1,Composite,0.9999325734070535,0.9999904322840769,0.0,0.9999505565402564,0.9999929832133082,0.26654306646058123,5,((((Const(1)+Lin(σ=0))+Per(p=24))+Lin(σ=10))*Per(p=10)),"[np.str_('+'), np.str_('+'), np.str_('+'), np.str_('*')]"
S3,Stationary,0.05619683877237858,0.2375224050490824,0.0,0.06887706296608453,0.3637890022839686,0.4348031240363218,3,((RBF(l=1)+WN(σ=1))+WN(σ=0.1)),"[np.str_('+'), np.str_('+')]"
S1,Composite,0.9999999047164441,0.9990257219871457,0.0,0.9999999870048608,0.9998666941466072,0.8636104862765617,3,((Per(p=48)+Per(p=48))+Lin(σ=1)),"[np.str_('+'), np.str_('+')]"
S1,Composite,0.015802567391739353,0.5133575135239512,0.0,0.05956243745205736,0.7399717695693708,0.37414722344906104,5,((((Lin(σ=1)*Per(p=14))*Per(p=10))+Per(p=168))*Const(1)),"[np.str_('*'), np.str_('*'), np.str_('+'), np.str_('*')]"
S2,Seasonal,0.0,0.11426063143726983,0.0,0.11644810161398422,0.2330136494235111,0.3938658768659008,2,(Per(p=4)*Per(p=6)),[np.str_('*')]
S1,Composite,0.006377208210243901,0.22929784231037686,0.0,0.0011192601157146154,0.4818718683182006,0.44840340248090227,5,((((Per(p=365)*Per(p=7))*RQ(α=0.1))*Per(p=30))*Lin(σ=0)),"[np.str_('*'), np.str_('*'), np.str_('*'), np.str_('*')]"
S2,Seasonal,0.018955230557825553,0.9999858182169993,0.0,0.0879797339788767,0.9999897693441961,0.27861437197376504,2,(Per(p=7)+Per(p=14)),[np.str_('+')]
S2,Seasonal,0.3493255804208013,0.2882689836302371,0.0,0.337749550416636,0.4829016482527241,0.49403837701154696,5,((((RBF(l=10)*Per(p=14))*Per(p=672))+RBF(l=0.1))+Per(p=30)),"[np.str_('*'), np.str_('*'), np.str_('+'), np.str_('+')]"
S2,Seasonal,0.020262467967191,0.8735179680836991,0.0,0.06474584667189143,0.9133644382326742,0.3616760886306849,2,(WN(σ=0.1)+Per(p=52)),[np.str_('+')]
S2,Seasonal,0.11961741943718851,0.9999972795010288,0.0,0.3600635890058518,0.999998135865632,0.31485582162774506,1,Per(p=4),['None']
S2,Seasonal,0.1007344085420323,0.9760084394206342,0.0,0.2642666726956344,0.9914474403804185,0.6722748529890111,1,Per(p=96),['None']
S1,Composite,0.006264502486238888,0.4009250273731817,0.0,0.0,0.30840505807068386,0.0,3,((Lin(σ=10)+Per(p=96))*RBF(l=0.1)),"[np.str_('+'), np.str_('*')]"
S2,Seasonal,0.31773485006852187,0.6747021845589093,0.0,0.0,0.2883891989461026,0.0,3,((Per(p=24)+RBF(l=10))*Const(1)),"[np.str_('+'), np.str_('*')]"
S2,Seasonal,0.4419032158096049,0.3879080047696176,0.0,0.8368929905315744,0.8528845278343894,0.8818592582318419,3,((Per(p=365)+Per(p=96))*RBF(l=10)),"[np.str_('+'), np.str_('*')]"
S2,Seasonal,0.9850458590428813,0.99046462659828,0.0,0.9923806345295387,0.9955116725471722,0.5404162583335332,3,((Per(p=52)+Per(p=26))+Per(p=336)),"[np.str_('+'), np.str_('+')]"
S2,Seasonal,0.2867808647324185,0.31163009830371846,0.0,0.6661553577166298,0.6606307644846605,0.7436691502850855,3,((Per(p=30)+RBF(l=10))*RBF(l=10)),"[np.str_('+'), np.str_('*')]"
S2,Seasonal,0.06770155954283119,0.9105659943166252,0.0,0.07644543356897082,0.07712195611281591,0.0,2,(Per(p=168)*Per(p=60)),[np.str_('*')]
S2,Seasonal,0.7573783377504959,0.7960218018086233,0.0,0.8686373160748595,0.8779454666875178,0.5516762155638748,2,(Per(p=26)*Per(p=365)),[np.str_('*')]
S1,Composite,0.6409015880995621,0.9452428248429865,0.0,0.3216315249434005,0.7926897224182539,0.0,5,((((Per(p=60)*RQ(α=10))+Lin(σ=0))*RBF(l=10))*Per(p=365)),"[np.str_('*'), np.str_('+'), np.str_('*'), np.str_('*')]"
S2,Seasonal,0.7018819132855165,0.8220322781382717,0.0,0.8008959935665656,0.9081165562904516,0.5552830422397712,3,((RQ(α=10)+Per(p=12))+Per(p=672)),"[np.str_('+'), np.str_('+')]"
S1,Composite,0.014844648323099174,0.41128802364509887,0.0,0.21406067765699088,0.8280977812762687,0.7868234061180466,4,(((Per(p=96)*Per(p=30))*Per(p=12))*Lin(σ=10)),"[np.str_('*'), np.str_('*'), np.str_('*')]"
S1,Composite,0.22408279270610365,0.26531755381578637,0.0,0.39924642916705,0.6182726738589297,0.7228194411680136,3,((Lin(σ=0)*Per(p=10))*Per(p=48)),"[np.str_('*'), np.str_('*')]"
S2,Seasonal,0.0,0.9991630729232257,0.0,0.019360223005388755,0.9998340029792815,0.8028082776332824,1,Per(p=48),['None']
S2,Seasonal,0.5798105558363548,0.4541319133670533,0.0,0.7477401362874979,0.7355472792026263,0.7069146421075319,4,(((Per(p=40)*Per(p=12))+RBF(l=10))+RBF(l=10)),"[np.str_('*'), np.str_('+'), np.str_('+')]"
S1,Composite,0.9999129571697635,0.8335039503639868,0.0,0.999981311385163,0.9593266990782611,0.7852985145714468,4,(((Per(p=24)+Per(p=7))+Lin(σ=1))+Per(p=60)),"[np.str_('+'), np.str_('+'), np.str_('+')]"
S2,Seasonal,0.017424390158350733,0.20635137948166504,0.0,0.05915859908135268,0.33009370996646614,0.29380486046780974,2,(WN(σ=1)*Per(p=4)),[np.str_('*')]
S2,Seasonal,0.20624111660268918,0.49208860312717495,0.0,0.5004713718548736,0.8578053862361121,0.802234145000629,4,(((Per(p=52)*Per(p=336))*Per(p=336))+Per(p=96)),"[np.str_('*'), np.str_('*'), np.str_('+')]"
S2,Seasonal,0.04519048775357082,0.9971262778053046,0.0,0.12557449024852607,0.9987153534208568,0.5556591077634041,1,Per(p=40),['None']
S2,Seasonal,0.30600644597091886,0.17490056810767363,0.0,0.5242273747097208,0.21061172531748729,0.19911877846818715,4,(((RBF(l=10)*Per(p=60))*RBF(l=0.1))*Per(p=96)),"[np.str_('*'), np.str_('*'), np.str_('*')]"
S4,Trending,0.9999999999649899,0.10745245367109968,0.0,0.9999999999781078,0.21579077307445715,0.37468953041213215,1,Lin(σ=0),['None']
S2,Seasonal,0.0,0.9255728359999413,0.0,0.17484074432418628,0.9872848726192511,0.8384770449022225,1,Per(p=60),['None']
S2,Seasonal,0.9999794033551161,0.9999928196056862,0.0,0.9999858345780338,0.9999950624697852,0.31241491786997877,2,(Per(p=672)+Per(p=4)),[np.str_('+')]
S4,Trending,0.9999820583916559,0.0,0.0,0.9999735362438311,0.0,0.0,1,Lin(σ=1),['None']
S3,Stationary,0.19752699835230436,0.24245884301906706,0.0,0.3556169479338249,0.33631876411877293,0.2747852564068264,1,WN(σ=1),['None']
S2,Seasonal,0.9717853571192623,0.9014287399877359,0.0,0.9809129326902668,0.9361326445239326,0.380461168194388,4,(((Per(p=168)+Per(p=7))+Per(p=24))+Per(p=365)),"[np.str_('+'), np.str_('+'), np.str_('+')]"
S2,Seasonal,0.30739783810394083,0.0,0.0,0.7643828602897558,0.6164881353870849,0.8421580059620816,3,((Per(p=40)*Per(p=96))*Per(p=365)),"[np.str_('*'), np.str_('*')]"
S2,Seasonal,0.025310414765150613,0.5775225375248498,0.0,0.2971048132489974,0.859042118447079,0.7173464881838083,1,Per(p=30),['None']
S1,Composite,0.9988157954282113,0.7908417496183333,0.0,0.9993710876082454,0.8946098349719712,0.4752339652244335,2,(Per(p=30)+Lin(σ=0)),[np.str_('+')]
S1,Composite,0.0,0.14173861148911004,0.0,0.23835024851096798,0.2342370078305993,0.3162981580619846,4,(((Per(p=6)*Lin(σ=1))+RBF(l=1))*WN(σ=0.1)),"[np.str_('*'), np.str_('+'), np.str_('*')]"
S3,Stationary,0.10802019919774186,0.21394638338252958,0.0,0.15132176647230122,0.4395402143911338,0.588922718887507,1,RBF(l=1),['None']
S1,Composite,0.9979731853638217,0.9996912886391587,0.0,0.9995240944714944,0.999929943377743,0.7733497099633897,5,((((Per(p=24)+Per(p=672))*Lin(σ=0))+Per(p=60))*Lin(σ=0)),"[np.str_('+'), np.str_('*'), np.str_('+'), np.str_('*')]"
S2,Seasonal,0.1439398231814747,0.11211267953319881,0.0,0.440183906454958,0.17078239137776696,0.3263386697403706,3,((Per(p=40)*Per(p=40))*WN(σ=0.1)),"[np.str_('*'), np.str_('*')]"
S3,Stationary,0.18692553468109152,0.13828186684148236,0.0,0.6723579064050929,0.8658059405415087,0.9027853075454912,1,RBF(l=10),['None']
S2,Seasonal,0.04476011309117789,0.9999920374561909,0.0,0.17632289724444306,0.9999946894319994,0.33311644760476933,2,(Const(1)*Per(p=14)),[np.str_('*')]
S1,Composite,0.03515472994142055,0.1514316730156774,0.0,0.22115858850980286,0.3199502670842481,0.6763296170808366,4,(((Per(p=168)+Per(p=52))+Lin(σ=1))*RBF(l=1)),"[np.str_('+'), np.str_('+'), np.str_('*')]"
S2,Seasonal,0.0,0.29223055543120113,0.0,0.06074279220629519,0.6121046740143179,0.5995338399047736,5,((((RBF(l=0.1)+Per(p=7))+Per(p=52))+Per(p=96))*RQ(α=1)),"[np.str_('+'), np.str_('+'), np.str_('+'), np.str_('*')]"
S2,Seasonal,0.1464882164585649,0.465836948495831,0.0,0.663057968441982,0.9134224390797593,0.8921226210369333,2,(RBF(l=10)*Per(p=96)),[np.str_('*')]
S1,Composite,0.028561724688469292,0.3488298142408708,0.0,0.16943619758882023,0.7090477086337713,0.7157824231177867,5,((((Lin(σ=1)+Per(p=6))*Per(p=12))*Per(p=672))*Per(p=30)),"[np.str_('+'), np.str_('*'), np.str_('*'), np.str_('*')]"
S2,Seasonal,0.49819313322686887,0.44379847227539226,0.0,0.7929008229676417,0.8217380603294554,0.7968148925782679,4,(((Per(p=26)*Per(p=30))+WN(σ=0.1))+RBF(l=10)),"[np.str_('*'), np.str_('+'), np.str_('+')]"
S1,Composite,0.798826108677444,0.983375301945432,0.0,0.7443799224932093,0.9796872107876554,0.0,3,((Lin(σ=10)+Per(p=10))*Per(p=40)),"[np.str_('+'), np.str_('*')]"
S1,Composite,0.5958593347980341,0.19934805349759188,0.0,0.7273476188132506,0.2595990148117957,0.22893988561683876,5,((((Per(p=4)+Per(p=14))*Lin(σ=1))+Per(p=12))*Lin(σ=0)),"[np.str_('+'), np.str_('*'), np.str_('+'), np.str_('*')]"
S2,Seasonal,0.5636949698110321,0.6596058331639251,0.0,0.6058564245379452,0.6112262793551954,0.0,2,(Const(1)+Per(p=7)),[np.str_('+')]
S1,Composite,0.2780439361706645,0.4117705108477201,0.0,0.7364783723007857,0.8925497476640682,0.8728980761679515,5,((((Per(p=48)*Lin(σ=1))*Per(p=168))*Per(p=672))*Per(p=672)),"[np.str_('*'), np.str_('*'), np.str_('*'), np.str_('*')]"
S2,Seasonal,0.3992502892294756,0.0,0.0,0.6078561362435964,0.0,0.256290492652403,5,((((Per(p=26)*Per(p=60))+Per(p=4))+RQ(α=10))*Per(p=6)),"[np.str_('*'), np.str_('+'), np.str_('+'), np.str_('*')]"
S2,Seasonal,0.011882644716715629,0.6976942988697211,0.0,0.03165088011867789,0.0,0.0,4,(((Per(p=168)+Per(p=336))*Per(p=672))*Per(p=168)),"[np.str_('+'), np.str_('*'), np.str_('*')]"
S1,Composite,0.778863758182497,0.785907400549871,0.0,0.8622537113412029,0.893034263066152,0.48468232617682594,4,(((Lin(σ=10)+Per(p=730))+Per(p=730))*Per(p=96)),"[np.str_('+'), np.str_('+'), np.str_('*')]"
S4,Trending,0.999749662534299,0.5888418246005044,0.0,0.9999253150684693,0.8386517435257325,0.7016096747381598,2,(Lin(σ=10)+RBF(l=10)),[np.str_('+')]
S2,Seasonal,0.39437869365861367,0.5707628642588944,0.0,0.35523742969845806,0.7582093945120113,0.5419833454663289,2,(Per(p=48)+Per(p=48)),[np.str_('+')]
S2,Seasonal,0.00627103425296216,0.7148208814274466,0.0,0.004880896105167287,0.0027060245269973082,0.0,5,((((WN(σ=0.1)*RQ(α=10))+Per(p=168))+Per(p=40))+WN(σ=1)),"[np.str_('*'), np.str_('+'), np.str_('+'), np.str_('+')]"
S2,Seasonal,0.09888377006339455,0.2900226798355977,0.0,0.15772809813709932,0.48950642545972567,0.5777278012963148,2,(Per(p=26)*RBF(l=1)),[np.str_('*')]
S4,Trending,0.9999999994240563,0.14706764885138102,0.0,0.9999999995908495,0.2049595597153594,0.2896004172565866,1,Lin(σ=10),['None']
S2,Seasonal,0.12526185212519658,0.43946210551685516,0.0,0.1485170721912633,0.731063546789313,0.6512223312768216,4,(((RQ(α=1)*Per(p=730))+WN(σ=0.1))*Per(p=336)),"[np.str_('*'), np.str_('+'), np.str_('*')]"
S2,Seasonal,0.025188105990591958,0.33192642117577476,0.0,0.0822498139120813,0.6398409322706863,0.7095863857011677,4,(((Per(p=26)*Per(p=730))+Per(p=52))*RQ(α=1)),"[np.str_('*'), np.str_('+'), np.str_('*')]"
S2,Seasonal,0.0970271690669896,0.9999687482624187,0.0,0.21212088286600694,0.9999790935454995,0.3310172246254992,1,Per(p=10),['None']
S3,Stationary,0.1635601094360395,0.21072264542553654,0.0,0.3109778801020051,0.32261995420264045,0.2797757423460816,1,WN(σ=0.1),['None']
S2,Seasonal,0.03722694432982765,0.6866696490233466,0.0,0.13949392642882663,0.7196674716287883,0.1569089643918491,3,((Per(p=672)*Per(p=14))+Per(p=26)),"[np.str_('*'), np.str_('+')]"
S2,Seasonal,0.07675288182813855,0.999995561184466,0.0,0.1598276059212792,0.9999967510737299,0.2684768846389928,1,Per(p=7),['None']
S2,Seasonal,0.02902502306845889,0.6145797916445956,0.0,0.07589119689876356,0.6865636275395803,0.20620461044247718,2,(RBF(l=0.1)+Per(p=24)),[np.str_('+')]
S2,Seasonal,0.11805961296537493,0.4694391236290374,0.0,0.8362520309947606,0.9724176033015847,0.9652105598014348,2,(Per(p=336)*Per(p=60)),[np.str_('*')]
S1,Composite,0.13061417570134282,0.250709699671809,0.0,0.3160281119378249,0.38192812160628065,0.41008670116677304,4,(((Per(p=4)*Per(p=48))*Per(p=7))*Lin(σ=0)),"[np.str_('*'), np.str_('*'), np.str_('*')]"
S2,Seasonal,0.01969674472693783,0.5777295298667402,0.0,0.0,0.019357887933527773,0.0,2,(RBF(l=10)*Per(p=14)),[np.str_('*')]
S2,Seasonal,0.12688960507158586,0.19591739128721664,0.0,0.23606680040172012,0.2883896387215713,0.30600435674288373,5,((((WN(σ=1)+Per(p=730))+RBF(l=1))*Per(p=12))*RBF(l=0.1)),"[np.str_('+'), np.str_('+'), np.str_('*'), np.str_('*')]"
S1,Composite,0.9999998762122215,0.8822712569307446,0.0,0.9999999198669589,0.9206485492442071,0.35265843747665027,2,(Per(p=6)+Lin(σ=1)),[np.str_('+')]
S4,Trending,0.9999793829810844,0.0,0.0,0.9999533143418218,0.0,0.0,1,Lin(σ=0),['None']
S2,Seasonal,0.21350752771381964,0.711162237902372,0.0,0.3391681769041175,0.8412517051496151,0.5427963961530278,2,(Per(p=14)+RBF(l=1)),[np.str_('+')]
S3,Stationary,0.09018060751467316,0.2618826346282783,0.0,0.1980746885497512,0.4025184512576342,0.5631480400440492,1,RBF(l=1),['None']
S4,Trending,0.0,0.13335546849032964,0.0,0.11219065404554962,0.3279412518596717,0.3179053519035181,4,(((Lin(σ=0)+RQ(α=10))*WN(σ=0.1))*Const(1)),"[np.str_('+'), np.str_('*'), np.str_('*')]"
S2,Seasonal,0.9978706978741118,0.0,0.0,0.9995965532765173,0.7266376283598865,0.820085066300302,1,Per(p=336),['None']
S2,Seasonal,0.12896152875363764,0.3217871044549967,0.0,0.1753310400689343,0.5193335462343529,0.6367724895095114,2,(Per(p=60)*RQ(α=1)),[np.str_('*')]
S2,Seasonal,0.3441928055759913,0.2570273718163594,0.0,0.4530866537778373,0.44228296348867024,0.4614498724561902,2,(RQ(α=0.1)+Per(p=730)),[np.str_('+')]
S2,Seasonal,0.002290418371526881,0.3648426996244254,0.0,0.24603738709165313,0.5985020414705111,0.6005846198155815,3,((Per(p=26)*Per(p=7))*Per(p=12)),"[np.str_('*'), np.str_('*')]"
S2,Seasonal,0.07100137014685037,0.5638140048349449,0.0,0.0,0.006862041896096294,0.0,4,(((Per(p=10)+RQ(α=0.1))+Per(p=96))*Per(p=365)),"[np.str_('+'), np.str_('+'), np.str_('*')]"
S3,Stationary,0.031064856343024028,0.29981866531556933,0.0,0.0412370972912276,0.42131629464616904,0.32265205390412666,1,RQ(α=0.1),['None']
S3,Stationary,0.14480397207886364,0.26236111141504215,0.0,0.2979678228668935,0.5345933832346248,0.6630269966106612,2,(WN(σ=0.1)+RQ(α=1)),[np.str_('+')]
S2,Seasonal,0.26254102445740246,0.99995845776956,0.0,0.3869015241685114,0.9999720386189607,0.32699296423259805,1,Per(p=4),['None']
S2,Seasonal,0.0,0.9983312380649502,0.0,0.31004157359157236,0.9993103845099888,0.5895869041827659,1,Per(p=52),['None']
S2,Seasonal,0.7850040922620212,0.8914150696968306,0.0,0.8254012337342789,0.9436273557082933,0.5077073793150325,3,((Per(p=4)+Per(p=10))*Per(p=672)),"[np.str_('+'), np.str_('*')]"
S3,Stationary,0.19715484345480472,0.0955963007595515,0.0,0.4425510627888416,0.11894448367111121,0.16666402265109992,2,(WN(σ=0.1)*Const(1)),[np.str_('*')]
S2,Seasonal,0.10773086433431134,0.2286474181236432,0.0,0.19977569002631212,0.538593918732202,0.5909183425491631,5,((((Per(p=52)*Per(p=365))*Per(p=14))+Per(p=7))+RQ(α=0.1)),"[np.str_('*'), np.str_('*'), np.str_('+'), np.str_('+')]"
S2,Seasonal,0.6248060889915326,0.3241036642915578,0.0,0.6941718089961657,0.4033592659958356,0.3445837255162165,5,((((Per(p=730)*Per(p=672))*Per(p=730))+RQ(α=0.1))+Per(p=365)),"[np.str_('*'), np.str_('*'), np.str_('+'), np.str_('+')]"
S2,Seasonal,0.04179377908425097,0.41647207270889564,0.0,0.05373826693200923,0.575141241483428,0.43078778174310894,4,(((Per(p=60)*Const(1))*WN(σ=1))+Per(p=48)),"[np.str_('*'), np.str_('*'), np.str_('+')]"
S2,Seasonal,0.04233954751578839,0.9999937523970117,0.0,0.13982956421024817,0.9999960964407374,0.3752020924512467,1,Per(p=26),['None']
S2,Seasonal,0.5111207137955097,0.39424826722714745,0.0,0.8594495752424182,0.8317651371890993,0.8579890589773698,5,((((Per(p=336)*Per(p=48))+Per(p=14))*Per(p=30))*Per(p=730)),"[np.str_('*'), np.str_('+'), np.str_('*'), np.str_('*')]"
S2,Seasonal,0.20332106038280306,0.5504295049686466,0.0,0.08296791982183183,0.7691692639161216,0.4816827993239218,1,Per(p=26),['None']
S2,Seasonal,0.013288473434571957,0.9999693218240672,0.0,0.0691434423202184,0.9999799201966583,0.34586619341860325,1,Per(p=26),['None']
S2,Seasonal,0.9993710149281494,0.99824514194474,0.0,0.9999401464041886,0.9998365510501881,0.9075872441457682,2,(Per(p=24)+Per(p=672)),[np.str_('+')]
S2,Seasonal,0.005654730937890262,0.4013576627814548,0.0,0.04699055721701206,0.7202770975886154,0.6192044995295221,5,((((Per(p=168)*RQ(α=10))*Per(p=48))+Per(p=96))*Per(p=14)),"[np.str_('*'), np.str_('*'), np.str_('+'), np.str_('*')]"
S4,Trending,0.9985873159211432,0.28372911187363525,0.0,0.9992265962596508,0.4791503027379168,0.455039067190366,2,(RQ(α=0.1)+Lin(σ=1)),[np.str_('+')]
S2,Seasonal,0.3794276576108989,0.40336860347252557,0.0,0.6755851248394631,0.7476588565828277,0.7138870932738066,5,((((Per(p=672)*RQ(α=10))*Per(p=60))+Per(p=168))+Per(p=730)),"[np.str_('*'), np.str_('*'), np.str_('+'), np.str_('+')]"
S1,Composite,0.04549615327137335,0.6946829847279961,0.0,0.017909882407686983,0.4978470576224643,0.0,4,(((Lin(σ=1)+Per(p=24))+Const(1))*RQ(α=1)),"[np.str_('+'), np.str_('+'), np.str_('*')]"
S1,Composite,0.9978355149235063,0.5522043448412921,0.0,0.9994352592072375,0.8110752034499046,0.7409279068235746,4,(((Lin(σ=1)+RQ(α=1))+Per(p=10))+Per(p=26)),"[np.str_('+'), np.str_('+'), np.str_('+')]"
S2,Seasonal,0.010090436058802998,0.9896865424541667,0.0,0.20145916115036078,0.9985197810816455,0.8591172450990082,1,Per(p=40),['None']
S1,Composite,0.9999857424992951,0.9999975377320136,0.0,0.9999957262115549,0.9999992622484308,0.7003775970192703,3,((Per(p=6)*Lin(σ=1))+Per(p=26)),"[np.str_('*'), np.str_('+')]"
S2,Seasonal,0.8840152732832104,0.9078681807240145,0.0,0.9900521563119391,0.992121356946635,0.926050975233784,2,(Per(p=96)+Per(p=672)),[np.str_('+')]
S2,Seasonal,0.1532906659708705,0.3440028284111142,0.0,0.351850550625575,0.7017749615076869,0.6705253273604901,5,((((RQ(α=0.1)+Per(p=96))*Per(p=60))+Per(p=96))+RBF(l=1)),"[np.str_('+'), np.str_('*'), np.str_('+'), np.str_('+')]"
S2,Seasonal,0.7748531147968801,0.9590940785761816,0.0,0.062301308901671626,0.11980506918453815,0.0,2,(Const(1)+Per(p=336)),[np.str_('+')]
S2,Seasonal,0.15617868590528394,0.2795213960150955,0.0,0.25380789338438725,0.5717925274300395,0.6550733518082339,4,(((Per(p=30)*Per(p=672))+RBF(l=1))*Per(p=60)),"[np.str_('*'), np.str_('+'), np.str_('*')]"
S4,Trending,0.9999999982338841,0.15128055622331438,0.0,0.9999999989259611,0.27754484367326526,0.3918591185417841,1,Lin(σ=0),['None']
S2,Seasonal,0.05488313767820319,0.9999964573443625,0.0,0.16900180392126385,0.9999975383014299,0.305030454377337,1,Per(p=12),['None']
S2,Seasonal,0.06838994808300203,0.815098050202427,0.0,0.0,0.3561641475318915,0.0,4,(((Per(p=30)*Per(p=10))+RBF(l=1))+Per(p=336)),"[np.str_('*'), np.str_('+'), np.str_('+')]"
S2,Seasonal,0.0,0.8084810572205325,0.0,0.14437978157845366,0.5773366733521559,0.0,5,((((Per(p=365)*Per(p=6))+Per(p=336))+Per(p=730))*Per(p=336)),"[np.str_('*'), np.str_('+'), np.str_('+'), np.str_('*')]"
S2,Seasonal,0.02383492330877357,0.4699697380993991,0.0,0.06377212119928388,0.6227498145059851,0.4467054519530437,5,((((Per(p=30)*Per(p=30))+RQ(α=0.1))+Per(p=12))+WN(σ=1)),"[np.str_('*'), np.str_('+'), np.str_('+'), np.str_('+')]"
S1,Composite,0.1315127388020324,0.14853148098118774,0.0,0.6989412229580149,0.2613230845065957,0.7384944380005029,4,(((Per(p=26)*Per(p=48))*Per(p=730))*Lin(σ=10)),"[np.str_('*'), np.str_('*'), np.str_('*')]"
S1,Composite,0.0022340122392181527,0.05118900083778721,0.0,0.18700432743041873,0.19914232272967092,0.37297892146334954,5,((((Per(p=12)+Lin(σ=0))+RBF(l=1))+RBF(l=1))*WN(σ=0.1)),"[np.str_('+'), np.str_('+'), np.str_('+'), np.str_('*')]"
S1,Composite,0.9999999975984387,0.9999999998479576,0.0,0.9999999982394088,0.9999999998885378,0.2669014938088935,2,(Per(p=30)*Lin(σ=0)),[np.str_('*')]
S2,Seasonal,0.11818819053982077,0.3434511658635524,0.0,0.3455159655245241,0.8357008501635732,0.874174733623372,4,(((WN(σ=0.1)*RQ(α=10))+Per(p=40))+RQ(α=10)),"[np.str_('*'), np.str_('+'), np.str_('+')]"
S2,Seasonal,0.6773578296332124,0.4680542346478985,0.0,0.6982591122019302,0.6285647382602105,0.41454441389494856,2,(Per(p=24)*Per(p=40)),[np.str_('*')]
S2,Seasonal,0.014643791529734718,0.511015033769396,0.0,0.0,0.05541879666485383,0.0,4,(((Per(p=168)*Per(p=52))+Per(p=30))+RBF(l=0.1)),"[np.str_('*'), np.str_('+'), np.str_('+')]"
S2,Seasonal,0.1366237496777759,0.44114505478184063,0.0,0.18428876706606379,0.7238171071861299,0.6604915613090487,5,((((RQ(α=10)+RQ(α=0.1))+Const(1))+Per(p=26))*Per(p=52)),"[np.str_('+'), np.str_('+'), np.str_('+'), np.str_('*')]"
S4,Trending,0.9999997877768635,0.2346480106860156,0.0,0.9999998540646033,0.3706788861124811,0.31233946395730205,1,Lin(σ=10),['None']
S1,Composite,0.03709421719513606,0.09782085531429496,0.0,0.3225234304166793,0.17829987942731174,0.3540985088416704,3,((Per(p=7)*Lin(σ=10))*RBF(l=0.1)),"[np.str_('*'), np.str_('*')]"
S1,Composite,0.6122389774987697,0.9909481272380167,0.0,0.7877486880730928,0.9969444099168039,0.6567595845975722,2,(Lin(σ=10)*Per(p=40)),[np.str_('*')]
S1,Composite,0.9999999994401793,0.9999999999300933,0.0,0.9999999995835325,0.9999999999479942,0.2560684300094228,2,(Lin(σ=10)*Per(p=24)),[np.str_('*')]
S2,Seasonal,0.04903481336187543,0.3157950653810425,0.0,0.12052277233926456,0.4450754346850101,0.3878667518345432,2,(Per(p=4)*RQ(α=0.1)),[np.str_('*')]
S2,Seasonal,0.8224709967357408,0.7635615585272669,0.0,0.9292668540477756,0.9228319478204366,0.7150104908535813,5,((((RQ(α=10)*Per(p=168))+Per(p=336))+Per(p=336))+Per(p=12)),"[np.str_('*'), np.str_('+'), np.str_('+'), np.str_('+')]"
S2,Seasonal,0.08822548864665902,0.48103494381734047,0.0,0.4099681906688041,0.8095156492156039,0.6862780874266797,2,(Per(p=26)*Per(p=40)),[np.str_('*')]
S2,Seasonal,0.10012872873297185,0.22976533046082293,0.0,0.11861192745884486,0.3884535249306541,0.4379561223696091,4,(((RBF(l=1)+RQ(α=0.1))*RBF(l=10))*Per(p=40)),"[np.str_('+'), np.str_('*'), np.str_('*')]"
S2,Seasonal,0.7813431756628912,0.5271406492997296,0.0,0.8339281706613926,0.6606964075334776,0.42213679654871183,5,((((Per(p=336)+Per(p=10))+Per(p=4))+Const(1))+RQ(α=10)),"[np.str_('+'), np.str_('+'), np.str_('+'), np.str_('+')]"
S2,Seasonal,0.0,0.9218632626938726,0.0,0.024648614158154336,0.9551826455460162,0.4158945336391281,2,(Per(p=26)+Per(p=96)),[np.str_('+')]
S1,Composite,0.12307859108734509,0.13703188319516224,0.0,0.3505490932902484,0.1933197498349466,0.283046742561732,4,(((RBF(l=1)+Per(p=672))*WN(σ=0.1))*Lin(σ=0)),"[np.str_('+'), np.str_('*'), np.str_('*')]"
S2,Seasonal,0.026700983094151587,0.9999941685618525,0.0,0.06757032951584707,0.9999959764720485,0.31016774599179486,1,Per(p=26),['None']
S2,Seasonal,0.5414896583808231,0.31205908691482975,0.0,0.5427789221547497,0.4342826727459551,0.3425112524795725,3,((Per(p=40)*Per(p=10))+Per(p=96)),"[np.str_('*'), np.str_('+')]"
S2,Seasonal,0.08364593414134036,0.48756844281007305,0.0,0.2608698297255072,0.8207774089629225,0.7607640052621946,4,(((Const(1)+RQ(α=1))+Per(p=52))*RBF(l=10)),"[np.str_('+'), np.str_('+'), np.str_('*')]"
S2,Seasonal,0.18371695725139725,0.1535667561977192,0.0,0.4945406881174589,0.2366680606092284,0.2991936230661134,4,(((Per(p=12)*WN(σ=0.1))*Per(p=60))*Per(p=52)),"[np.str_('*'), np.str_('*'), np.str_('*')]"
S2,Seasonal,0.224945606097391,0.6188523666917188,0.0,0.21853545584470002,0.6537681075848291,0.228847243549951,2,(Per(p=7)*Per(p=26)),[np.str_('*')]
S1,Composite,0.5352779913932543,0.9809633033408702,0.0,0.37998425064389985,0.9906480306957435,0.4650287058329562,5,((((Lin(σ=1)*Per(p=168))*Lin(σ=0))+Per(p=52))+RQ(α=1)),"[np.str_('*'), np.str_('*'), np.str_('+'), np.str_('+')]"
S4,Trending,0.9999774076758785,0.0,0.0,0.9999742691791917,0.0,0.0,1,Lin(σ=1),['None']
S3,Stationary,0.2121827567666118,0.16829865916641906,0.0,0.4809608891878563,0.2603237936078532,0.3636641835297707,1,WN(σ=0.1),['None']
S2,Seasonal,0.06411509409009986,0.9999486451477918,0.0,0.13806088057393395,0.9999654238256994,0.3272824112190653,1,Per(p=12),['None']
S2,Seasonal,0.010675257862929888,0.6880054637842172,0.0,0.004412121655470003,0.04536103414989834,0.0,4,(((Per(p=168)+RQ(α=1))+Per(p=12))+RQ(α=1)),"[np.str_('+'), np.str_('+'), np.str_('+')]"
S2,Seasonal,0.3472972409092385,0.37287402395393665,0.0,0.8802014817303736,0.926667565766673,0.9508324202827291,4,(((Per(p=168)+RBF(l=10))*Per(p=730))+Const(1)),"[np.str_('+'), np.str_('*'), np.str_('+')]"
S1,Composite,0.10037402613087143,0.24070877566116067,0.0,0.4426827272754398,0.6499394047700346,0.8255172396957963,5,((((RQ(α=1)+Per(p=24))+Lin(σ=0))*RQ(α=10))+Per(p=4)),"[np.str_('+'), np.str_('+'), np.str_('*'), np.str_('+')]"
S2,Seasonal,0.26157128780500505,0.10676908185449141,0.0,0.49585749927729916,0.14041846891274723,0.2193568664189578,3,((RBF(l=0.1)+Per(p=96))*WN(σ=0.1)),"[np.str_('+'), np.str_('*')]"
S1,Composite,0.11191358581730015,0.06876968552620577,0.0,0.38672864165973875,0.1370017070368783,0.38269864229542405,4,(((Lin(σ=10)*WN(σ=1))*Per(p=672))+Per(p=10)),"[np.str_('*'), np.str_('*'), np.str_('+')]"
S2,Seasonal,0.3844489487977768,0.17481652359643562,0.0,0.6041915146718059,0.291101701885908,0.5838510016408609,4,(((Per(p=26)*Per(p=672))*Per(p=336))*Per(p=14)),"[np.str_('*'), np.str_('*'), np.str_('*')]"
S2,Seasonal,0.4005555560270294,0.6442907555823861,0.0,0.49118875255722205,0.7443345127628274,0.40517450569255775,4,(((WN(σ=0.1)+Per(p=40))*Per(p=6))*Per(p=365)),"[np.str_('+'), np.str_('*'), np.str_('*')]"
S2,Seasonal,0.16043312537732568,0.19130640049298664,0.0,0.3410199300646063,0.30429360600441746,0.3319481486964033,4,(((Per(p=168)*Per(p=30))*WN(σ=0.1))*Per(p=336)),"[np.str_('*'), np.str_('*'), np.str_('*')]"
S2,Seasonal,0.10932429282774458,0.7436980694484485,0.0,0.23131157445135309,0.5635427791897158,0.0,5,((((RQ(α=10)*Per(p=672))+Per(p=168))*Per(p=96))+Per(p=30)),"[np.str_('*'), np.str_('+'), np.str_('*'), np.str_('+')]"
S2,Seasonal,0.02652062037688452,0.9999886683176105,0.0,0.0710557448481417,0.999992699878992,0.35591080981481904,1,Per(p=26),['None']
S2,Seasonal,0.0005260151230193078,0.9989926437647375,0.0,0.0,0.9350537388306707,0.0,2,(Const(1)*Per(p=168)),[np.str_('*')]
S2,Seasonal,0.7924133439572456,0.5766961065394998,0.0,0.9347662086047338,0.8540566222239045,0.7423660778632879,5,((((Per(p=10)+WN(σ=0.1))+Per(p=336))+Const(1))+RQ(α=10)),"[np.str_('+'), np.str_('+'), np.str_('+'), np.str_('+')]"
S2,Seasonal,0.5971845880309319,0.0,0.0,0.6328579758291003,0.22955895447538954,0.4939740749694357,3,((Per(p=52)+Per(p=336))*Per(p=48)),"[np.str_('+'), np.str_('*')]"
S2,Seasonal,0.9673619250488191,0.8504860237452202,0.0,0.44803658392942514,0.0,0.0,1,Per(p=730),['None']
S2,Seasonal,0.265348696135551,0.25782019998676264,0.0,0.38614625641256484,0.3810066736865242,0.3928758166481656,5,((((RQ(α=10)+RBF(l=1))*RQ(α=1))*Per(p=26))*Per(p=14)),"[np.str_('+'), np.str_('*'), np.str_('*'), np.str_('*')]"
S1,Composite,0.9772469894709869,0.9865659197415596,0.0,0.8963936182138605,0.9357516661497574,0.0,3,((Per(p=6)+Lin(σ=1))*Per(p=730)),"[np.str_('+'), np.str_('*')]"
S2,Seasonal,0.7999368414256981,0.6605421281609125,0.0,0.8879462961823466,0.8314187457338527,0.5797580115817034,5,((((Per(p=40)+Per(p=672))+Per(p=14))+Per(p=52))+WN(σ=0.1)),"[np.str_('+'), np.str_('+'), np.str_('+'), np.str_('+')]"
S2,Seasonal,0.45877642312069034,0.46396050298347136,0.0,0.7845771904925924,0.8101087200358701,0.8092696457055446,4,(((Per(p=672)+RBF(l=10))*Per(p=96))+Per(p=672)),"[np.str_('+'), np.str_('*'), np.str_('+')]"
S1,Composite,0.26561488488644713,0.44610448686918047,0.0,0.35728312461061396,0.6260159391809104,0.4363752480385268,4,(((Lin(σ=10)*Per(p=7))*Per(p=6))+Per(p=336)),"[np.str_('*'), np.str_('*'), np.str_('+')]"
S1,Composite,0.026269883798621496,0.11884532921585278,0.0,0.0657915436642239,0.23988610324504223,0.33615579798139317,5,((((RQ(α=1)+Lin(σ=10))+RBF(l=0.1))+Per(p=12))*WN(σ=1)),"[np.str_('+'), np.str_('+'), np.str_('+'), np.str_('*')]"
S2,Seasonal,0.013494260721136575,0.21193548818495944,0.0,0.04298919317699135,0.3384653571480243,0.3077448463555966,4,(((RQ(α=0.1)*Per(p=336))+RBF(l=10))*WN(σ=0.1)),"[np.str_('*'), np.str_('+'), np.str_('*')]"
S2,Seasonal,0.09235123183493044,0.1590972722308246,0.0,0.14495272160909523,0.3058897608180515,0.3501616569619027,4,(((WN(σ=1)+Per(p=14))*Per(p=40))+RBF(l=0.1)),"[np.str_('+'), np.str_('*'), np.str_('+')]"
S3,Stationary,0.07994819112003893,0.3997667966551869,0.0,0.43038957883287976,0.8783261183850557,0.8655111145591392,1,RQ(α=10),['None']
S1,Composite,0.07691919240437306,0.029334225652389412,0.0,0.24614810099236273,0.20851072629433864,0.5707197020504091,3,((Lin(σ=10)*Per(p=12))*RBF(l=1)),"[np.str_('*'), np.str_('*')]"
S4,Trending,0.003322120570920073,0.9146543643483444,0.0,0.005466986322923972,0.8984195795263095,0.0,2,(Lin(σ=1)*RQ(α=1)),[np.str_('*')]
S2,Seasonal,0.9696653189284579,0.3118037125488756,0.0,0.9985602636721109,0.9153196000258821,0.9599580649355051,2,(Per(p=336)+Per(p=96)),[np.str_('+')]
S2,Seasonal,0.16700560410124965,0.2542933119524249,0.0,0.2188051600830192,0.3152169217584021,0.2629535144267322,5,((((Per(p=672)*Per(p=60))*RBF(l=0.1))*Per(p=10))+RQ(α=0.1)),"[np.str_('*'), np.str_('*'), np.str_('*'), np.str_('+')]"
S2,Seasonal,0.05502052840413729,0.9999887054644785,0.0,0.07029276623096592,0.9999922220365106,0.3112129578002385,1,Per(p=24),['None']
S4,Trending,0.2438682680614236,0.4903248212996716,0.0,0.7570853542451002,0.9437837237311542,0.9111022407397611,3,((RBF(l=1)+Lin(σ=10))*RBF(l=10)),"[np.str_('+'), np.str_('*')]"
S1,Composite,0.1065520487344459,0.12795062061974438,0.0,0.22617194516497774,0.18220394025647724,0.3047950674824347,5,((((Per(p=7)+Lin(σ=0))+Per(p=24))*WN(σ=1))+WN(σ=0.1)),"[np.str_('+'), np.str_('+'), np.str_('*'), np.str_('+')]"
S2,Seasonal,0.0408580070279847,0.9999676154683111,0.0,0.099642188622443,0.9999796196428141,0.37072158241171893,1,Per(p=26),['None']
S2,Seasonal,0.005879225371977159,0.48353382391885746,0.0,0.15617268265435702,0.5515727175280523,0.602903361667978,2,(Per(p=14)*Per(p=30)),[np.str_('*')]
S2,Seasonal,0.25095648013898253,0.6641120123554555,0.0,0.4047085598618789,0.731588293403471,0.3515526926286262,4,(((RBF(l=0.1)+Per(p=7))+Per(p=672))+RQ(α=0.1)),"[np.str_('+'), np.str_('+'), np.str_('+')]"
S1,Composite,0.3948131504987318,0.0,0.0,0.49347224905869114,0.09779590887185552,0.608024197128621,5,((((Per(p=4)*Per(p=336))*RQ(α=10))+RBF(l=10))*Lin(σ=10)),"[np.str_('*'), np.str_('*'), np.str_('+'), np.str_('*')]"
S3,Stationary,0.2261734295930944,0.15447104813237944,0.0,0.47460744794441867,0.21973559543261612,0.26820760995110493,1,WN(σ=0.1),['None']
S1,Composite,0.48415251678354365,0.6592354245323956,0.0,0.9226405764806215,0.9753179418902224,0.9455060307232324,3,((Per(p=168)+Per(p=48))*Lin(σ=10)),"[np.str_('+'), np.str_('*')]"
S2,Seasonal,0.15830172243016183,0.2886743639203688,0.0,0.3535510971061476,0.6231887135003596,0.6359989650670707,4,(((Per(p=730)*Per(p=730))*Per(p=26))*Per(p=60)),"[np.str_('*'), np.str_('*'), np.str_('*')]"
S2,Seasonal,0.07279905467556402,0.5604597437729129,0.0,0.11753017762409901,0.8009096778232714,0.5467683957936144,3,((Per(p=336)*RBF(l=10))+RBF(l=0.1)),"[np.str_('*'), np.str_('+')]"
S1,Composite,0.10509639723313913,0.10932190254061669,0.0,0.24507590627083353,0.34711341074337787,0.6292061308797426,5,((((Per(p=24)+Per(p=52))*Lin(σ=10))+RBF(l=0.1))*Per(p=10)),"[np.str_('+'), np.str_('*'), np.str_('+'), np.str_('*')]"
S1,Composite,0.37041617624567724,0.47666099742596013,0.0,0.8113104800535396,0.8833494034787043,0.8846389030025453,5,((((Lin(σ=1)+Per(p=24))*Per(p=168))*Per(p=40))+Per(p=4)),"[np.str_('+'), np.str_('*'), np.str_('*'), np.str_('+')]"
S1,Composite,0.9999338436589574,0.18540065847923393,0.0,0.99999021558216,0.5029695734466325,0.8518491511193875,5,((((Per(p=96)+Per(p=40))*Per(p=48))+Per(p=336))+Lin(σ=0)),"[np.str_('+'), np.str_('*'), np.str_('+'), np.str_('+')]"
S2,Seasonal,0.3320909734888282,0.8701382474063253,0.0,0.0,0.0,0.0,1,Per(p=336),['None']
S2,Seasonal,0.10826825170844845,0.2721988659327985,0.0,0.11221751860638818,0.3652906444336377,0.30569968924673374,3,((Per(p=30)+RBF(l=0.1))*Per(p=4)),"[np.str_('+'), np.str_('*')]"
S2,Seasonal,0.04863204963024159,0.9302057157710529,0.0,0.3789506769423946,0.9935570216598406,0.9040966874120396,1,Per(p=60),['None']
S2,Seasonal,0.1902354718626068,0.18134395281783466,0.0,0.3657299457309543,0.24247301646451935,0.3093365418379851,3,((Per(p=336)*RBF(l=0.1))*Per(p=14)),"[np.str_('*'), np.str_('*')]"
S1,Composite,0.9999313213972308,0.5054072516673973,0.0,0.9999718162594768,0.6923701244011116,0.5897577807558342,3,((Per(p=52)+RBF(l=1))+Lin(σ=0)),"[np.str_('+'), np.str_('+')]"
S3,Stationary,0.2610841186328363,0.08121660836254563,0.0,0.5124272186192291,0.09912100761746145,0.17715328769629735,1,Const(1),['None']
S2,Seasonal,0.08131016371306432,0.7453599021356268,0.0,0.036526740118424494,0.697214770162008,0.0,1,Per(p=96),['None']
S3,Stationary,0.005147566152454042,0.30077957852843906,0.0,0.0829703333416052,0.580450845221946,0.63196945085886,1,RBF(l=1),['None']
S1,Composite,0.2911155794437216,0.26873751973400684,0.0,0.6941827154574938,0.9057508276463914,0.8630343771839096,3,((Per(p=4)+Lin(σ=0))*RBF(l=10)),"[np.str_('+'), np.str_('*')]"
S2,Seasonal,0.019587833942557475,0.5653462082090783,0.0,0.09053950079200235,0.8849283771064267,0.7863090323530565,4,(((Per(p=30)+Per(p=6))*Per(p=48))*Per(p=96)),"[np.str_('+'), np.str_('*'), np.str_('*')]"
S3,Stationary,0.09188537409779063,0.09709449250661484,0.0,0.4744682417119065,0.13067283095979498,0.25901098817440316,5,((((RBF(l=0.1)+RBF(l=0.1))*RQ(α=10))+RBF(l=0.1))*RBF(l=1)),"[np.str_('+'), np.str_('*'), np.str_('+'), np.str_('*')]"
S2,Seasonal,0.023007468812867082,0.9725302741830283,0.0,0.1300986581292879,0.9727994137823244,0.04707037473341791,1,Per(p=60),['None']
S2,Seasonal,0.148869382279876,0.2873827641130222,0.0,0.23951021219664304,0.40944627402357914,0.37863784185307314,5,((((RQ(α=0.1)*Per(p=6))+Per(p=14))+Per(p=365))*RQ(α=0.1)),"[np.str_('*'), np.str_('+'), np.str_('+'), np.str_('*')]"
S2,Seasonal,0.121009129501642,0.11941308698271191,0.0,0.44771861012258873,0.2006865366947569,0.3446551608694174,5,((((Per(p=365)*WN(σ=1))+Const(1))*WN(σ=0.1))*Per(p=40)),"[np.str_('*'), np.str_('+'), np.str_('*'), np.str_('*')]"
S2,Seasonal,0.2198361672908712,0.3194866391386547,0.0,0.5801532140747987,0.8369206434685468,0.8642163203477078,3,((Per(p=40)*Per(p=26))*Per(p=168)),"[np.str_('*'), np.str_('*')]"
S3,Stationary,0.07320837104457512,0.3540215325014888,0.0,0.1301379990336885,0.4476615030381913,0.3361758417492179,3,((RBF(l=0.1)+RBF(l=0.1))*WN(σ=1)),"[np.str_('+'), np.str_('*')]"
S4,Trending,0.9999968491808193,0.13221609049089444,0.0,0.9999980084722462,0.21701060337064437,0.3679493484208426,2,(WN(σ=0.1)+Lin(σ=1)),[np.str_('+')]
S2,Seasonal,0.0072679778732457345,0.6888040468916916,0.0,0.005525120922214466,0.6786230916873519,0.0,2,(WN(σ=1)+Per(p=168)),[np.str_('+')]
S2,Seasonal,0.9992749945873804,0.9989901907713303,0.0,0.9997479350752844,0.9996448716004476,0.6553607463288242,3,((Per(p=14)*Per(p=730))*Const(1)),"[np.str_('*'), np.str_('*')]"
S1,Composite,0.9994210710127692,0.0,0.0,0.9999567641825927,0.8220193922069445,0.9272442216712925,3,((Per(p=7)+Lin(σ=1))*Per(p=672)),"[np.str_('+'), np.str_('*')]"
S2,Seasonal,0.1800233593242453,0.22633480836991904,0.0,0.36916735646063215,0.4642115511470427,0.6583260591437745,3,((RQ(α=1)*Per(p=168))+RQ(α=1)),"[np.str_('*'), np.str_('+')]"
S3,Stationary,0.17214297043240678,0.29398304513282736,0.0,0.2678337972645882,0.39597236938530556,0.3110904049143508,1,Const(1),['None']
S3,Stationary,0.06683561586658393,0.20857835201866382,0.0,0.18338719706638695,0.3299618074680942,0.3209272564094011,2,(Const(1)+RBF(l=0.1)),[np.str_('+')]
S2,Seasonal,0.9847213600347222,0.9933794759759792,0.0,0.9915218410164366,0.996959159884219,0.5426385985229614,2,(Per(p=6)+Per(p=40)),[np.str_('+')]
S1,Composite,0.9999850074355204,0.20456356531438902,0.0,0.9999897512455916,0.3330329958644048,0.3161073852608629,3,((RBF(l=0.1)+Lin(σ=10))+Per(p=672)),"[np.str_('+'), np.str_('+')]"
S1,Composite,0.9626663100830033,0.9877395685573085,0.0,0.9918960576378132,0.997460503469991,0.7922312448546438,3,((Per(p=40)*Lin(σ=0))+RQ(α=1)),"[np.str_('*'), np.str_('+')]"
S2,Seasonal,0.2538657233099191,0.13831590077211142,0.0,0.5309583350659253,0.1744664421467753,0.20284639857640852,4,(((RBF(l=1)*Per(p=365))*WN(σ=1))*Per(p=40)),"[np.str_('*'), np.str_('*'), np.str_('*')]"
S1,Composite,0.9999998263283519,0.997838809780833,0.0,0.9999988769675285,0.9853238514861382,0.0,2,(Per(p=168)+Lin(σ=10)),[np.str_('+')]
S2,Seasonal,0.20964132243374878,0.5777340879213573,0.0,0.28090945681588675,0.6587515322118616,0.3677425047150825,2,(RBF(l=1)+Per(p=12)),[np.str_('+')]
S2,Seasonal,0.042926362814542096,0.5517572188000519,0.0,0.03485580202713723,0.1857071934476665,0.0,3,((Per(p=4)+Per(p=4))*RBF(l=10)),"[np.str_('+'), np.str_('*')]"
S3,Stationary,0.836185267374371,0.96978839598604,0.0,0.8323663844982241,0.9638743300606424,0.0,1,RBF(l=10),['None']
S4,Trending,0.9999785687358317,0.0,0.0,0.9999601742363576,0.0,0.0,1,Lin(σ=0),['None']
S2,Seasonal,0.12553190066642705,0.2212999666752663,0.0,0.15721547148420711,0.26623689508829607,0.2848581420179873,5,((((RBF(l=10)*RQ(α=0.1))*Per(p=26))+WN(σ=1))*Per(p=336)),"[np.str_('*'), np.str_('*'), np.str_('+'), np.str_('*')]"
S2,Seasonal,0.003996664150266782,0.6387575126107963,0.0,0.0050367363134333765,0.6476947677351877,0.09028853191203601,3,((Per(p=30)+Per(p=14))+Per(p=7)),"[np.str_('+'), np.str_('+')]"
S2,Seasonal,0.00011533152356058007,0.45269397422425917,0.0,0.0,0.3957532310805014,0.0,2,(Per(p=6)*Per(p=168)),[np.str_('*')]
S2,Seasonal,0.06894156209501678,0.3756070016795354,0.0,0.15591922697025695,0.5916431612175987,0.42003913529199866,5,((((Per(p=60)*Per(p=4))+WN(σ=0.1))+Per(p=168))+Per(p=168)),"[np.str_('*'), np.str_('+'), np.str_('+'), np.str_('+')]"
S2,Seasonal,0.05752233965985065,0.535227304669281,0.0,0.013761355223362193,0.08532287949349016,0.0,2,(RQ(α=1)*Per(p=60)),[np.str_('*')]
S2,Seasonal,0.5843872500147074,0.4854832144539526,0.0,0.7147612472785334,0.7353007440155549,0.6852071925037333,2,(Per(p=96)*Per(p=52)),[np.str_('*')]
S2,Seasonal,0.06638118569559048,0.9999795966273127,0.0,0.10608985348027122,0.9999865269145608,0.33985324593731425,1,Per(p=14),['None']
S2,Seasonal,0.1343822050789819,0.2606308002935054,0.0,0.2827906618617412,0.36036509240029013,0.41027757344277715,3,((RBF(l=1)*Per(p=672))+RBF(l=1)),"[np.str_('*'), np.str_('+')]"
S1,Composite,0.0,0.16440172008748788,0.0,0.1875811892026925,0.32511065175834675,0.6157158209729499,5,((((Per(p=10)*Lin(σ=0))+Per(p=4))*Per(p=24))*Per(p=24)),"[np.str_('*'), np.str_('+'), np.str_('*'), np.str_('*')]"
S2,Seasonal,0.06892433994290181,0.2809738286992126,0.0,0.13835756693889711,0.5263659030590837,0.6295139575662707,5,((((Per(p=336)+Per(p=6))+RBF(l=1))+RQ(α=1))*Per(p=24)),"[np.str_('+'), np.str_('+'), np.str_('+'), np.str_('*')]"
S2,Seasonal,0.1433833325256837,0.4531444842936173,0.0,0.34394820250679303,0.7326519679413398,0.6553303859963019,5,((((Per(p=96)+RQ(α=1))*Per(p=26))+Per(p=14))+Per(p=672)),"[np.str_('+'), np.str_('*'), np.str_('+'), np.str_('+')]"
S1,Composite,0.9999890275824209,0.71765044180055,0.0,0.999993013737062,0.7881139969858754,0.3630146339508248,4,(((Per(p=168)*Per(p=40))+Lin(σ=1))+Per(p=365)),"[np.str_('*'), np.str_('+'), np.str_('+')]"
S2,Seasonal,0.07262320678351131,0.35276753755115176,0.0,0.17223384637423245,0.5823825100309743,0.6454283146039397,4,(((RQ(α=1)*Per(p=96))*Per(p=672))*Per(p=60)),"[np.str_('*'), np.str_('*'), np.str_('*')]"
S3,Stationary,0.1605416855097025,0.12693200127649573,0.0,0.39215832047496135,0.1872483253319368,0.292040429963597,2,(RBF(l=1)*WN(σ=0.1)),[np.str_('*')]
S2,Seasonal,0.9997668345737394,0.9997857694656496,0.0,0.9999732302938616,0.9999758104751558,0.887064875880567,2,(Per(p=365)+Per(p=12)),[np.str_('+')]
S2,Seasonal,0.17725970394317025,0.3065831383063423,0.0,0.16473356665607541,0.8304290995335454,0.7371366815124043,1,Per(p=60),['None']
S2,Seasonal,0.763124402477587,0.8740672227704565,0.0,0.0,0.5471694274869311,0.0,1,Per(p=730),['None']
S2,Seasonal,0.2653524333789723,0.1008321216858632,0.0,0.4887980833886564,0.12852185923197568,0.20419372889009568,5,((((Per(p=52)*RBF(l=1))*Per(p=48))*WN(σ=1))*Per(p=48)),"[np.str_('*'), np.str_('*'), np.str_('*'), np.str_('*')]"
S2,Seasonal,0.25928018227970817,0.3840672253261078,0.0,0.3025917718667016,0.5389094322899821,0.4226391852032638,4,(((WN(σ=1)+Per(p=96))+Per(p=10))+RBF(l=1)),"[np.str_('+'), np.str_('+'), np.str_('+')]"
S1,Composite,0.9999961207948354,0.9624830277931622,0.0,0.999997911183173,0.9791671674609002,0.46130071197888856,5,((((Per(p=365)+Per(p=52))+Lin(σ=10))+Lin(σ=10))+Per(p=14)),"[np.str_('+'), np.str_('+'), np.str_('+'), np.str_('+')]"
S2,Seasonal,0.3058296692494632,0.5609151226203604,0.0,0.5759537353733258,0.8323368261096331,0.7576482383721388,2,(Per(p=26)*Per(p=24)),[np.str_('*')]
S1,Composite,0.10282025761833102,0.3158684701620126,0.0,0.7402540490095195,0.8531308636787281,0.8724859383083968,3,((Lin(σ=1)*Per(p=52))*Per(p=40)),"[np.str_('*'), np.str_('*')]"
S2,Seasonal,0.0,0.9938606367286622,0.0,0.45876908839121966,0.9994194991521889,0.9041282752546131,1,Per(p=52),['None']
S2,Seasonal,0.032527813775602765,0.9999888868538541,0.0,0.15587400774263827,0.9999921983897566,0.29796353128067965,1,Per(p=10),['None']
S1,Composite,0.5068373772334439,0.37317873366627874,0.0,0.7323876979902989,0.7989683830789941,0.7250898117390199,5,((((Per(p=96)*RBF(l=10))+Per(p=4))*Lin(σ=10))+RBF(l=10)),"[np.str_('*'), np.str_('+'), np.str_('*'), np.str_('+')]"
S2,Seasonal,0.34758867853938313,0.35950554018864,0.0,0.3848239613603396,0.510638278000781,0.3756344439964321,3,((Per(p=26)*Per(p=7))*Per(p=168)),"[np.str_('*'), np.str_('*')]"
S2,Seasonal,0.08906917569107398,0.0,0.0,0.00558757026032819,0.4401141551119485,0.0,1,Per(p=60),['None']
S2,Seasonal,0.0011677800272124061,0.910275526312671,0.0,0.09495831618456374,0.8637565917974281,0.0,3,((Const(1)+Per(p=10))+Per(p=168)),"[np.str_('+'), np.str_('+')]"
S1,Composite,0.9959489005639431,0.9999316192917346,0.0,0.9981522889546978,0.9999688544710518,0.5452127332225389,4,(((Per(p=6)+RQ(α=10))+Lin(σ=1))*Per(p=14)),"[np.str_('+'), np.str_('+'), np.str_('*')]"
S2,Seasonal,0.6987376578973741,0.9583282022812353,0.0,0.36176773327821476,0.8300865271615185,0.0,1,Per(p=672),['None']
S4,Trending,0.999978700954892,0.0,0.0,0.999978134331145,0.0,0.0,1,Lin(σ=1),['None']
S1,Composite,0.999999999766476,0.999991514858761,0.0,0.9999999998345701,0.9999939887600424,0.29159226035312824,3,((Per(p=730)+Per(p=6))+Lin(σ=0)),"[np.str_('+'), np.str_('+')]"
S2,Seasonal,0.19898250106641147,0.0917970450151584,0.0,0.4946468587935946,0.13002572425049164,0.30007663851820543,3,((RBF(l=0.1)*Per(p=730))*RBF(l=10)),"[np.str_('*'), np.str_('*')]"
S2,Seasonal,0.12149386782571125,0.4365511372457803,0.0,0.29865345705905977,0.6925009252691957,0.6517058886077719,3,((Per(p=30)*RQ(α=1))+Per(p=26)),"[np.str_('*'), np.str_('+')]"
S2,Seasonal,0.0007738542034769758,0.9958253788272351,0.0,0.04140328348759481,0.9986920037556468,0.6908061042668154,1,Per(p=40),['None']
S2,Seasonal,0.06945178662466844,0.32076909886759564,0.0,0.24025568663338082,0.7023229156823627,0.7441821520376735,4,(((Per(p=24)*Per(p=168))*Per(p=60))*Per(p=365)),"[np.str_('*'), np.str_('*'), np.str_('*')]"
S2,Seasonal,0.07478377511778289,0.2647511784221538,0.0,0.14058211498143303,0.2813103957208477,0.36426061113855657,4,(((Per(p=26)+Per(p=10))*Per(p=168))*RBF(l=1)),"[np.str_('+'), np.str_('*'), np.str_('*')]"
S3,Stationary,0.07605810849635952,0.4003175489819478,0.0,0.2022986912853313,0.7509920371050813,0.6962143315785405,1,RQ(α=10),['None']
S4,Trending,0.9999849875089433,0.0,0.0,0.9999869864470159,0.0,0.13291090959660545,1,Lin(σ=10),['None']
S2,Seasonal,0.0,0.977066587846101,0.0,0.053508801521717664,0.9891464163763372,0.5356609513294062,1,Per(p=60),['None']
S3,Stationary,0.15754593233835512,0.16418778006249612,0.0,0.44508595504693493,0.23562670284219034,0.3177713595472744,1,Const(1),['None']
S2,Seasonal,0.12922577329690188,0.06809416462825957,0.0,0.47292370564028785,0.09862665837687667,0.2960309014469341,5,((((RQ(α=10)+Per(p=6))+Per(p=26))*RBF(l=0.1))*Per(p=730)),"[np.str_('+'), np.str_('+'), np.str_('*'), np.str_('*')]"
S1,Composite,0.9976697632000375,0.372113133553699,0.0,0.9986623119240923,0.5362075677497564,0.42372725347213835,5,((((Per(p=6)+Lin(σ=0))+Per(p=4))+Per(p=4))+RBF(l=0.1)),"[np.str_('+'), np.str_('+'), np.str_('+'), np.str_('+')]"
S2,Seasonal,0.9942428369046633,0.6916759212789797,0.0,0.9964273620311719,0.7630277057823636,0.404951155684644,3,((Per(p=365)+Per(p=365))+Per(p=26)),"[np.str_('+'), np.str_('+')]"
S2,Seasonal,0.9987796332650115,0.019849102451615086,0.0,0.9999961159680917,0.7046131088462709,0.9969353690110966,2,(Per(p=365)+Per(p=336)),[np.str_('+')]
S2,Seasonal,0.0,0.9983512247712696,0.0,0.47471767516255514,0.999576723390626,0.7423514715461411,1,Per(p=48),['None']
S2,Seasonal,0.05536571686588443,0.22151726549227158,0.0,0.26150823143702195,0.3271448403278462,0.3152024802453113,3,((WN(σ=0.1)*Per(p=48))*RBF(l=10)),"[np.str_('*'), np.str_('*')]"
S2,Seasonal,0.22916412426839072,0.9999807555913844,0.0,0.39377245432111974,0.9999864120421216,0.29381485754512415,1,Per(p=4),['None']
S4,Trending,0.9999997922678878,0.2047547970035969,0.0,0.9999998639592278,0.3133749045357699,0.34509946084706955,1,Lin(σ=0),['None']
S3,Stationary,0.14942983924478914,0.18367965790150398,0.0,0.28938444405378916,0.3813022795668548,0.6005429029891114,2,(RQ(α=1)+RQ(α=1)),[np.str_('+')]
S2,Seasonal,0.2588642873879422,0.2482059477073928,0.0,0.23262284974452996,0.38572345140842246,0.4708702333081751,2,(Per(p=7)*RBF(l=10)),[np.str_('*')]
S3,Stationary,0.05514790502476952,0.18363700270593042,0.0,0.3362907737584512,0.7203407904106414,0.7844512629497541,1,RQ(α=10),['None']
S2,Seasonal,0.037747064899596894,0.9999581585920245,0.0,0.0718878896459787,0.9999747326296912,0.39618704493722423,1,Per(p=24),['None']
S1,Composite,0.9999954947512845,0.007772055708190395,0.0,0.9999961882388395,0.042499034570378624,0.15394099702461594,5,((((Per(p=336)*Per(p=7))+Lin(σ=1))*Lin(σ=1))+Per(p=672)),"[np.str_('*'), np.str_('+'), np.str_('*'), np.str_('+')]"
S2,Seasonal,0.9999133804766913,0.13802583693276882,0.0,0.9999865239596496,0.4310375303970644,0.8459035402585466,1,Per(p=730),['None']
S2,Seasonal,0.542256252581615,0.596341551626288,0.0,0.6353596787092624,0.6875948370435045,0.41385568887656055,4,(((Per(p=336)+Per(p=336))+Per(p=24))+RBF(l=0.1)),"[np.str_('+'), np.str_('+'), np.str_('+')]"
S2,Seasonal,0.02306433158023158,0.4577127498859389,0.0,0.04533075587503166,0.5563025803129735,0.30233068320577683,2,(RQ(α=0.1)+Per(p=40)),[np.str_('+')]
S2,Seasonal,0.15889513926480858,0.43093500571331145,0.0,0.317820591230094,0.8308924017048233,0.8038782499009842,2,(RQ(α=10)*Per(p=365)),[np.str_('*')]
S2,Seasonal,0.1337190615681093,0.5628330055722968,0.0,0.17555809087206375,0.6945778534544926,0.3894378148009494,2,(Per(p=96)+Per(p=7)),[np.str_('+')]
S2,Seasonal,0.00029538381908356115,0.37860241932506433,0.0,0.005465648296244741,0.44099960841413244,0.322997165458927,2,(Per(p=7)*Per(p=52)),[np.str_('*')]
S3,Stationary,0.1410539221589303,0.20819711388247975,0.0,0.1965489536635775,0.34243831953746373,0.32231257380864475,1,WN(σ=1),['None']
S1,Composite,0.0,0.5868914284608281,0.0,0.12270534419189982,0.8758281808662824,0.7546375870949183,5,((((RBF(l=10)+Lin(σ=10))*Per(p=52))*Per(p=30))+Per(p=365)),"[np.str_('+'), np.str_('*'), np.str_('*'), np.str_('+')]"
S2,Seasonal,0.07231499822654541,0.9550754648021392,0.0,0.5676515325872102,0.993572536098417,0.8482221974996204,1,Per(p=60),['None']
S2,Seasonal,0.7612978794729623,0.7148079549728679,0.0,0.8685878017808792,0.8465761429627181,0.5596600777365797,4,(((Per(p=10)+RBF(l=10))*Per(p=168))+Per(p=6)),"[np.str_('+'), np.str_('*'), np.str_('+')]"
S2,Seasonal,0.18259463591822578,0.08426458516315283,0.0,0.4477325349599899,0.14832635969879693,0.31230183170124337,4,(((RQ(α=10)+Per(p=40))*Per(p=96))*RBF(l=0.1)),"[np.str_('+'), np.str_('*'), np.str_('*')]"
S4,Trending,0.029740166681901825,0.17419832594368012,0.0,0.19329952974163,0.3286629884831227,0.3669531283116072,3,((Lin(σ=0)*RBF(l=0.1))*RQ(α=0.1)),"[np.str_('*'), np.str_('*')]"
S2,Seasonal,0.23330657314064396,0.36355899696272964,0.0,0.6696708207805575,0.820856873093207,0.84694885231962,3,((Per(p=730)+RQ(α=10))+Const(1)),"[np.str_('+'), np.str_('+')]"
S2,Seasonal,0.999905398379733,0.9999507283682398,0.0,0.99996533379282,0.9999821369623855,0.6371772524506509,2,(Per(p=672)+Per(p=10)),[np.str_('+')]
S2,Seasonal,0.177499498286547,0.24885424032437276,0.0,0.12898158663548553,0.571920342469501,0.5482840873852569,4,(((Per(p=52)*Per(p=6))*Per(p=30))+Per(p=60)),"[np.str_('*'), np.str_('*'), np.str_('+')]"
S2,Seasonal,0.4537465068672817,0.45379021185003265,0.0,0.5494803041376196,0.500567411913518,0.2275189173355101,5,((((Per(p=4)*Per(p=168))*Per(p=40))*Per(p=168))*Per(p=26)),"[np.str_('*'), np.str_('*'), np.str_('*'), np.str_('*')]"
S1,Composite,0.48005914637637526,0.1471139418889551,0.0,0.770095882280734,0.5148010347353849,0.6852427172898633,5,((((Per(p=24)*Per(p=52))+Per(p=7))*Lin(σ=10))+Lin(σ=10)),"[np.str_('*'), np.str_('+'), np.str_('*'), np.str_('+')]"
S2,Seasonal,0.45521147660664607,0.5430082333229076,0.0,0.634845056416297,0.886525043258011,0.7961104350903541,3,((Per(p=30)+Per(p=96))+Per(p=7)),"[np.str_('+'), np.str_('+')]"
S1,Composite,0.9985919562706204,0.1873420589404129,0.0,0.9995264419105679,0.4038435799228587,0.6624040251065533,3,((Per(p=730)+RQ(α=1))+Lin(σ=10)),"[np.str_('+'), np.str_('+')]"
S2,Seasonal,0.9999597412419191,0.08818166811095085,0.0,0.9999933918887697,0.6603117181613332,0.8370748673443977,1,Per(p=730),['None']
S2,Seasonal,0.2784286944037174,0.49059553038946757,0.0,0.35238279519247406,0.5819961541808876,0.35262921917342904,3,((Per(p=4)+Per(p=48))*Per(p=672)),"[np.str_('+'), np.str_('*')]"
S2,Seasonal,0.6698400296290936,0.8246318580185182,0.0,0.6725926128023683,0.8637181277646799,0.262567788417862,4,(((RBF(l=10)+Per(p=96))+Per(p=30))+Per(p=10)),"[np.str_('+'), np.str_('+'), np.str_('+')]"
S2,Seasonal,0.177224047241046,0.13287161490508936,0.0,0.34765131033492835,0.214899257893981,0.27652112098975157,3,((RBF(l=1)+Per(p=168))*RBF(l=0.1)),"[np.str_('+'), np.str_('*')]"
S1,Composite,0.012124286899124481,0.032708381673476006,0.0,0.33276395952706195,0.07097033613959147,0.34533850032444613,4,(((Lin(σ=0)+Lin(σ=0))*WN(σ=1))*Per(p=96)),"[np.str_('+'), np.str_('*'), np.str_('*')]"
S2,Seasonal,0.24719468800865474,0.040294154789347614,0.0,0.49364275368935373,0.058781240097861454,0.3152010705771353,2,(RQ(α=0.1)*Per(p=6)),[np.str_('*')]
S1,Composite,0.12927708706904983,0.8381826009707526,0.0,0.27846526898699686,0.9196590686797006,0.39663979565079166,2,(Per(p=60)*Lin(σ=1)),[np.str_('*')]
S2,Seasonal,0.4589109548813427,0.40751147044415914,0.0,0.5887258801998495,0.5882386846283967,0.5277112633582384,3,((Per(p=14)+Per(p=4))+RBF(l=1)),"[np.str_('+'), np.str_('+')]"
S2,Seasonal,0.07258227913508897,0.9999740386043484,0.0,0.13405848487204353,0.999982606118044,0.32969406815995805,1,Per(p=12),['None']
S2,Seasonal,0.11469803010845481,0.6414526854109743,0.0,0.07684678280895041,0.7874716627852485,0.607434789839871,5,((((Per(p=60)*Per(p=14))+RQ(α=0.1))+Per(p=168))+Per(p=14)),"[np.str_('*'), np.str_('+'), np.str_('+'), np.str_('+')]"
S1,Composite,0.15429102169880848,0.08796639928196026,0.0,0.7269671856625733,0.8042784927638974,0.8939189461261026,4,(((Per(p=30)+RBF(l=10))*Lin(σ=0))+RQ(α=0.1)),"[np.str_('+'), np.str_('*'), np.str_('+')]"
S1,Composite,0.30192702332913335,0.699591986891873,0.0,0.5088284376307799,0.847393662924752,0.5758962529005871,3,((Lin(σ=10)*Per(p=10))*Per(p=14)),"[np.str_('*'), np.str_('*')]"
S2,Seasonal,0.523985768669043,0.708286346809234,0.0,0.6265315810505677,0.8195294847697507,0.4861880076477484,4,(((RQ(α=1)*Per(p=12))+Per(p=365))+Per(p=7)),"[np.str_('*'), np.str_('+'), np.str_('+')]"
S2,Seasonal,0.24402087507016756,0.39003351818845344,0.0,0.36363674038073035,0.6040128375085625,0.5346894503024486,4,(((Per(p=14)*Per(p=48))*Per(p=336))+WN(σ=1)),"[np.str_('*'), np.str_('*'), np.str_('+')]"
S2,Seasonal,0.0792415923714408,0.41740415018829424,0.0,0.08755076584360988,0.640396080782204,0.6043269103040334,3,((Per(p=24)+RBF(l=0.1))*Per(p=40)),"[np.str_('+'), np.str_('*')]"
S2,Seasonal,0.9991088523261588,0.04832702335453021,0.0,0.9999857875662826,0.5315859208852968,0.9845207367415333,1,Per(p=365),['None']
S2,Seasonal,0.3583885909368669,0.21078344981163122,0.0,0.5316043642533613,0.4040652359820839,0.546370454090037,4,(((Per(p=7)*Per(p=30))*RQ(α=1))+Per(p=365)),"[np.str_('*'), np.str_('*'), np.str_('+')]"
S2,Seasonal,0.0525844664278482,0.2927481815947748,0.0,0.20057650214339873,0.5047705094531383,0.5703688137368375,4,(((RBF(l=10)+RBF(l=1))*RBF(l=1))+Per(p=365)),"[np.str_('+'), np.str_('*'), np.str_('+')]"
S2,Seasonal,0.0,0.9024005301477502,0.0,0.047388512622659196,0.9306595443032077,0.1538779684595536,2,(Per(p=96)+Per(p=168)),[np.str_('+')]
S4,Trending,0.16740251700361553,0.0617214735496211,0.0,0.5074644613202045,0.08421571405249506,0.31089038741736175,2,(Lin(σ=10)*WN(σ=1)),[np.str_('*')]
S2,Seasonal,0.06434590403779761,0.9999805869368833,0.0,0.14099528091635838,0.9999868910149794,0.3250569241748841,2,(Const(1)+Per(p=14)),[np.str_('+')]
S2,Seasonal,0.09127500887221096,0.9999910411301876,0.0,0.1799546188249772,0.9999937798332016,0.30576425163979815,1,Per(p=12),['None']
S1,Composite,0.9994259209003806,0.25526594018266235,0.0,0.9996319242775961,0.43726873210596384,0.35871090495392177,4,(((RBF(l=10)*WN(σ=1))+Per(p=60))+Lin(σ=10)),"[np.str_('*'), np.str_('+'), np.str_('+')]"
S1,Composite,0.206383996436455,0.37660802882803024,0.0,0.285073256095395,0.5906397202714854,0.40127914596103853,5,((((Lin(σ=1)*Per(p=96))*Per(p=96))*Per(p=10))*Lin(σ=1)),"[np.str_('*'), np.str_('*'), np.str_('*'), np.str_('*')]"
S2,Seasonal,0.15197929044581704,0.2584945450104468,0.0,0.1591879088431163,0.42250087440003603,0.4325043129465401,5,((((Per(p=14)*RBF(l=10))+RBF(l=10))*Per(p=6))*RQ(α=1)),"[np.str_('*'), np.str_('+'), np.str_('*'), np.str_('*')]"
S2,Seasonal,0.7338657922046319,0.81980554070724,0.0,0.870839965109945,0.9294804703082935,0.6729367532228845,5,((((RBF(l=10)*Per(p=336))+Per(p=730))*Per(p=10))+Per(p=26)),"[np.str_('*'), np.str_('+'), np.str_('*'), np.str_('+')]"
S3,Stationary,0.09381910785669123,0.33042912800049296,0.0,0.17687347609993065,0.44549799036356785,0.32726032445879405,1,WN(σ=1),['None']
S2,Seasonal,0.1431773770005328,0.7671449465177308,0.0,0.2903140137276957,0.7805687710221723,0.0,5,((((WN(σ=1)+Per(p=10))*WN(σ=0.1))+Per(p=336))*Per(p=7)),"[np.str_('+'), np.str_('*'), np.str_('+'), np.str_('*')]"
S2,Seasonal,0.15067617815281642,0.4283832679659243,0.0,0.977786111020627,0.9981874124658832,0.9966799143658609,3,((Per(p=168)*Const(1))*Per(p=672)),"[np.str_('*'), np.str_('*')]"
S2,Seasonal,0.1769062967395264,0.5957329839398524,0.0,0.32706040649664825,0.7917140622328895,0.6182435954590457,3,((RQ(α=1)+WN(σ=0.1))+Per(p=24)),"[np.str_('+'), np.str_('+')]"
S2,Seasonal,0.5746604015949694,0.41005215507706316,0.0,0.813283265482776,0.7481200112640918,0.752106655056458,2,(Per(p=26)*Per(p=30)),[np.str_('*')]
S3,Stationary,0.05206759518902038,0.2785242536227336,0.0,0.06937623687079353,0.38628081339703335,0.33285587618868784,1,Const(1),['None']
S4,Trending,0.41460794101109044,0.22437215059725435,0.0,0.7416624865569903,0.5541710928279869,0.7776189381810433,4,(((Lin(σ=1)+RBF(l=0.1))+RQ(α=0.1))*RQ(α=10)),"[np.str_('+'), np.str_('+'), np.str_('*')]"
S3,Stationary,0.15760758827714627,0.06680994197295287,0.0,0.397840484901707,0.10047970084035363,0.2588410894549442,1,Const(1),['None']
S1,Composite,0.9999989051846574,0.8071554385391045,0.0,0.9999994285181555,0.9069447084665119,0.4777315069262834,2,(Per(p=672)+Lin(σ=10)),[np.str_('+')]
S1,Composite,0.9999999989286499,0.9999898211922775,0.0,0.9999999991882176,0.9999922906395612,0.24228191387374542,3,((Per(p=10)+Lin(σ=0))+Lin(σ=1)),"[np.str_('+'), np.str_('+')]"
S1,Composite,0.1842163014887328,0.5214366086410186,0.0,0.6551135837203339,0.9656170996748952,0.9453577585244612,4,(((Per(p=168)*Lin(σ=1))*Per(p=52))*Lin(σ=10)),"[np.str_('*'), np.str_('*'), np.str_('*')]"
S2,Seasonal,0.1158779972900551,0.41100397303987257,0.0,0.11340064993782184,0.5791947736633067,0.4471621204054741,3,((RQ(α=0.1)+Per(p=48))+RQ(α=10)),"[np.str_('+'), np.str_('+')]"
S2,Seasonal,0.0747239312352268,0.3144895856290907,0.0,0.15087410836052184,0.4757574118785539,0.5431514480624733,4,(((RQ(α=1)+RQ(α=0.1))+Per(p=60))+Per(p=48)),"[np.str_('+'), np.str_('+'), np.str_('+')]"
S2,Seasonal,0.06008780515512868,0.5626910602341735,0.0,0.12926411465573318,0.7082108840464607,0.42195977383571837,3,((Per(p=168)+Const(1))+Per(p=4)),"[np.str_('+'), np.str_('+')]"
S2,Seasonal,0.0,0.8023284103016908,0.0,0.04379105912599135,0.8728322872358213,0.39914077167732,2,(Per(p=10)*Per(p=40)),[np.str_('*')]
S2,Seasonal,0.5748991627851652,0.483093227318224,0.0,0.7978643686117814,0.8106010640715575,0.7598564910902912,5,((((RQ(α=10)*Per(p=12))*RBF(l=10))+Const(1))+Per(p=6)),"[np.str_('*'), np.str_('*'), np.str_('+'), np.str_('+')]"
S2,Seasonal,0.7392500082822657,0.9628817338580892,0.0,0.7079084260639398,0.9697467976285185,0.11634052039676734,1,Per(p=336),['None']
S1,Composite,0.4680665269673735,0.513153620883847,0.0,0.5588838127367054,0.7271763756201939,0.44727607452867246,4,(((Per(p=12)*Lin(σ=10))+RBF(l=1))*Per(p=24)),"[np.str_('*'), np.str_('+'), np.str_('*')]"
S3,Stationary,0.08486022046091368,0.015051799536288324,0.0,0.4788721353232164,0.02362426975228149,0.23735087050171377,1,WN(σ=1),['None']
S2,Seasonal,0.6147323396787466,0.8935659264677259,0.0,0.6016188840673913,0.9550808922562075,0.6148242139861004,1,Per(p=48),['None']
S2,Seasonal,0.3462710003142925,0.21180907326569376,0.0,0.7352538402494353,0.6656526446811931,0.8326718473377863,5,((((Per(p=30)+RQ(α=10))*Const(1))+Per(p=10))+RQ(α=1)),"[np.str_('+'), np.str_('*'), np.str_('+'), np.str_('+')]"
S2,Seasonal,0.06680782397415552,0.999950056303019,0.0,0.1458786051096549,0.9999677196263156,0.3535408646772409,1,Per(p=14),['None']
S2,Seasonal,0.0,0.4418941343262289,0.0,0.008314858349215859,0.5926935635057232,0.579911154397361,2,(Per(p=52)*Per(p=12)),[np.str_('*')]
S1,Composite,0.03335444146745625,0.1829655321289353,0.0,0.16361844483857224,0.33851446536495955,0.32551266297286685,5,((((Lin(σ=1)*Per(p=52))*WN(σ=1))+Per(p=52))*Per(p=6)),"[np.str_('*'), np.str_('*'), np.str_('+'), np.str_('*')]"
S2,Seasonal,0.24483087796065117,0.7340360655718241,0.0,0.9754850295413022,0.9994952602330412,0.9977927993974643,1,Per(p=365),['None']
S1,Composite,0.013863885034726131,0.1683926799270371,0.0,0.3145022939840576,0.525061899333431,0.756464542398517,4,(((RQ(α=10)*Lin(σ=1))+Lin(σ=1))*Per(p=26)),"[np.str_('*'), np.str_('+'), np.str_('*')]"
S2,Seasonal,0.011635343121875308,0.3387070090730335,0.0,0.07575518521632696,0.6187566528680455,0.6306550655656923,5,((((RBF(l=1)+Per(p=48))+Per(p=672))*Per(p=168))*RQ(α=1)),"[np.str_('+'), np.str_('+'), np.str_('*'), np.str_('*')]"
S1,Composite,0.9843528660051899,0.9999178330510238,0.0,0.9928913117587007,0.9999632023765026,0.5518655683939112,5,((((Lin(σ=10)*Per(p=24))*Lin(σ=10))+Per(p=48))+Per(p=60)),"[np.str_('*'), np.str_('*'), np.str_('+'), np.str_('+')]"
S2,Seasonal,0.20885822167191503,0.20397765924254385,0.0,0.3018347100444948,0.3846829509219668,0.5697399420757255,3,((RQ(α=1)+Per(p=24))*RQ(α=1)),"[np.str_('+'), np.str_('*')]"
S2,Seasonal,0.7304182399779549,0.5318000554264701,0.0,0.8812703137183109,0.7981917526051652,0.711192529987591,5,((((Per(p=365)+RQ(α=10))*RBF(l=10))*Per(p=14))+Per(p=4)),"[np.str_('+'), np.str_('*'), np.str_('*'), np.str_('+')]"
S2,Seasonal,0.0116503015370788,0.9941390888610152,0.0,0.2919329380278498,0.9984551253534926,0.7384522634029074,1,Per(p=40),['None']
S1,Composite,0.15955290929478605,0.10938970869817999,0.0,0.47287288810901473,0.15635989140511464,0.27695402661384927,5,((((Lin(σ=10)+Per(p=336))*Per(p=48))*Per(p=40))*WN(σ=1)),"[np.str_('+'), np.str_('*'), np.str_('*'), np.str_('*')]"
S2,Seasonal,0.9604686269732127,0.9648114028022441,0.0,0.9609307184923301,0.9669540705825085,0.06246319619240881,3,((Per(p=7)+Per(p=672))+Per(p=40)),"[np.str_('+'), np.str_('+')]"
S2,Seasonal,0.20092761088139477,0.9178607665521713,0.0,0.06858834240957257,0.01037630942082901,0.0,5,((((Per(p=6)+Per(p=14))+Per(p=24))+Per(p=48))*Per(p=336)),"[np.str_('+'), np.str_('+'), np.str_('+'), np.str_('*')]"
S2,Seasonal,0.32303232179286656,0.39653842543065343,0.0,0.6222374049611329,0.7578121945185896,0.7749526636250773,5,((((Per(p=6)+Per(p=60))+RBF(l=10))*Per(p=30))*Per(p=52)),"[np.str_('+'), np.str_('+'), np.str_('*'), np.str_('*')]"
S4,Trending,0.0915007515582068,0.3634953428918828,0.0,0.22567990569749263,0.7873489140235741,0.7119617381854573,2,(Lin(σ=10)*RQ(α=1)),[np.str_('*')]
S3,Stationary,0.12309380650546486,0.3108132206793911,0.0,0.3656938277120072,0.7642983807089428,0.7785115930283418,1,RQ(α=10),['None']
S2,Seasonal,0.11783203229955785,0.2514914629017099,0.0,0.19701690342571476,0.3926865882374938,0.4991045447964044,5,((((Per(p=365)*Per(p=12))*RBF(l=1))*Per(p=168))+WN(σ=0.1)),"[np.str_('*'), np.str_('*'), np.str_('*'), np.str_('+')]"
S2,Seasonal,0.5635527767884208,0.5479831526426828,0.0,0.8773807944310517,0.8610562558063228,0.8289816021545904,4,(((Per(p=26)*Per(p=336))*Per(p=365))+Per(p=7)),"[np.str_('*'), np.str_('*'), np.str_('+')]"
S2,Seasonal,0.0,0.891120611160549,0.0,0.42461644748015115,0.8921739877940738,0.010437260059034448,1,Per(p=4),['None']
S1,Composite,0.9978087407121138,0.9999983394299561,0.0,0.9983624612697011,0.9999987565466162,0.2512047895583426,4,(((Lin(σ=1)+RBF(l=10))*Per(p=4))+Lin(σ=0)),"[np.str_('+'), np.str_('*'), np.str_('+')]"
S2,Seasonal,0.5190681574331533,0.22161928287451305,0.0,0.6876586595122887,0.26490041849940626,0.21714769609865792,4,(((RBF(l=1)+Per(p=730))+Per(p=60))*Per(p=4)),"[np.str_('+'), np.str_('+'), np.str_('*')]"
S1,Composite,0.7843604952756155,0.5397131227531953,0.0,0.7798173670231918,0.5504466241869508,0.021187995493704204,4,(((RQ(α=1)*Per(p=10))+Lin(σ=10))*Per(p=4)),"[np.str_('*'), np.str_('+'), np.str_('*')]"
S2,Seasonal,0.023514708785899563,0.9709609535970047,0.0,0.05979226698876683,0.9703086696500138,0.0,1,Per(p=60),['None']
S2,Seasonal,0.05554183407633895,0.49316736153640195,0.0,0.13477496394214006,0.6520902714869475,0.36875269111216813,3,((WN(σ=1)*Per(p=40))+Per(p=12)),"[np.str_('*'), np.str_('+')]"
S2,Seasonal,0.9995376614345016,0.0568353060585971,0.0,0.9999946920763738,0.4982372465132805,0.9888511380767445,2,(Const(1)+Per(p=365)),[np.str_('+')]
S2,Seasonal,0.04108211564049036,0.2182006263867965,0.0,0.033747057163663885,0.4032792981567428,0.4427914574377183,5,((((Per(p=7)*RQ(α=0.1))+RBF(l=1))*Per(p=4))*Per(p=168)),"[np.str_('*'), np.str_('+'), np.str_('*'), np.str_('*')]"
S1,Composite,0.16391835877955363,0.6083583381770932,0.0,0.6508251645531102,0.9421762588400254,0.921739118174691,5,((((Per(p=7)+Lin(σ=0))*Per(p=336))+Per(p=4))*Per(p=40)),"[np.str_('+'), np.str_('*'), np.str_('+'), np.str_('*')]"
S1,Composite,0.9943177783005439,0.9957926352951382,0.0,0.9976862662805078,0.9982691313024088,0.5982203091451725,5,((((Per(p=10)*Lin(σ=10))*Per(p=365))+Per(p=730))+WN(σ=1)),"[np.str_('*'), np.str_('*'), np.str_('+'), np.str_('+')]"
S1,Composite,0.19282936273844054,0.32948720040315993,0.0,0.11738674365599644,0.42640537569217907,0.0,5,((((Lin(σ=1)+Per(p=365))*Per(p=672))*RBF(l=10))+Per(p=60)),"[np.str_('+'), np.str_('*'), np.str_('*'), np.str_('+')]"
S2,Seasonal,0.051097554374453846,0.39787366211249253,0.0,0.10855919538419911,0.5406618279955524,0.38968298872159157,5,((((WN(σ=1)+WN(σ=1))*Per(p=6))+Per(p=14))+RQ(α=0.1)),"[np.str_('+'), np.str_('*'), np.str_('+'), np.str_('+')]"
S2,Seasonal,0.6027805942927764,0.28826526395385643,0.0,0.7759325698535218,0.579227239032547,0.6796392732914143,5,((((Per(p=52)+Per(p=30))*Per(p=7))*Per(p=30))+RQ(α=10)),"[np.str_('+'), np.str_('*'), np.str_('*'), np.str_('+')]"
S1,Composite,0.5793313241578071,0.5692386895893193,0.0,0.94379858193847,0.958173595034061,0.9418849163361148,3,((Per(p=14)+Lin(σ=0))*Per(p=168)),"[np.str_('+'), np.str_('*')]"
S1,Composite,0.9999999994279417,0.9999744133627112,0.0,0.9999999995970809,0.9999819859644362,0.29566960256539865,3,((Lin(σ=10)+Const(1))+Per(p=24)),"[np.str_('+'), np.str_('+')]"
S2,Seasonal,0.0,0.4301525763381693,0.0,0.3220158986730981,0.5780734272258614,0.3337406048179523,3,((Per(p=7)+Per(p=6))*Per(p=12)),"[np.str_('+'), np.str_('*')]"
S2,Seasonal,0.4968991280813956,0.14589052397138502,0.0,0.6662707033104625,0.18473932562936835,0.22356122958752245,3,((RBF(l=10)+WN(σ=1))+Per(p=4)),"[np.str_('+'), np.str_('+')]"
S1,Composite,0.6270009059668273,0.917468766722024,0.0,0.8191266929218515,0.9707041393917907,0.6346277051318219,5,((((Per(p=10)*Per(p=365))*Lin(σ=10))*Per(p=168))*Lin(σ=0)),"[np.str_('*'), np.str_('*'), np.str_('*'), np.str_('*')]"
S3,Stationary,0.13130321872356587,0.2776695434252544,0.0,0.17065017520041914,0.351972741382497,0.26350259143948485,1,Const(1),['None']
S1,Composite,0.06263050659905212,0.13248806891161335,0.0,0.18218026899087403,0.39060982363202035,0.5892912561741537,5,((((RBF(l=10)*Lin(σ=0))+Per(p=48))*Lin(σ=10))*RQ(α=1)),"[np.str_('*'), np.str_('+'), np.str_('*'), np.str_('*')]"
S2,Seasonal,0.06878743326314007,0.9966061130476074,0.0,0.5771574029447486,0.9995960828055204,0.8836688480705428,1,Per(p=40),['None']
S2,Seasonal,0.9319617243444477,0.9176617129770063,0.0,0.9702622396752794,0.9709959934440078,0.6674915494977931,3,((Per(p=6)+Per(p=96))+Per(p=40)),"[np.str_('+'), np.str_('+')]"
S3,Stationary,0.3262171960293334,0.1815640240347196,0.0,0.5669431036945968,0.21449410028419347,0.16422216993668315,2,(Const(1)+WN(σ=1)),[np.str_('+')]
S2,Seasonal,0.6896596098971115,0.9482965295605584,0.0,0.7770281974189194,0.9652621014775646,0.34291624928126063,3,((Per(p=10)+Per(p=730))+Per(p=24)),"[np.str_('+'), np.str_('+')]"
S2,Seasonal,0.6900722022944374,0.15850093992229652,0.0,0.7782121087411615,0.27563058255014616,0.370083765642521,3,((Per(p=12)*Per(p=10))+Per(p=365)),"[np.str_('*'), np.str_('+')]"
S1,Composite,0.10030355493461329,0.0,0.0,0.3492867148735711,0.0,0.3924630229130359,4,(((RQ(α=0.1)*Per(p=336))+Const(1))*Lin(σ=1)),"[np.str_('*'), np.str_('+'), np.str_('*')]"
S2,Seasonal,0.5982356860552775,0.15118286486201438,0.0,0.6114925192948804,0.17183402611797072,0.14272326936794355,3,((Per(p=6)+RQ(α=1))+RBF(l=1)),"[np.str_('+'), np.str_('+')]"
S2,Seasonal,0.054908387836203554,0.6274291350461754,0.0,0.190090717886242,0.851284598296183,0.697041196567243,3,((Per(p=10)*Per(p=96))+RQ(α=10)),"[np.str_('*'), np.str_('+')]"
S2,Seasonal,0.2052816019826491,0.41331932144330985,0.0,0.5651849435624865,0.7801649001143198,0.8035241265319669,5,((((RBF(l=1)+Per(p=40))*RBF(l=10))+Per(p=60))*Per(p=24)),"[np.str_('+'), np.str_('*'), np.str_('+'), np.str_('*')]"
S1,Composite,0.9971809548263445,0.9998660842815102,0.0,0.999045326268158,0.999954841553163,0.6625963086596653,5,((((Lin(σ=0)+Per(p=10))+Per(p=96))*Per(p=7))+Per(p=10)),"[np.str_('+'), np.str_('+'), np.str_('*'), np.str_('+')]"
S1,Composite,0.9999899850877839,0.6826283315894693,0.0,0.9999995842064381,0.9836273282070374,0.9584885057499339,3,((Lin(σ=0)+Per(p=336))+Per(p=96)),"[np.str_('+'), np.str_('+')]"
S2,Seasonal,0.3842243535670933,0.6152326633424269,0.0,0.37640614850054266,0.6799869916111275,0.24205640581347898,5,((((Per(p=168)+Per(p=4))+Per(p=60))+Per(p=48))*Per(p=10)),"[np.str_('+'), np.str_('+'), np.str_('+'), np.str_('*')]"
S2,Seasonal,0.883621059486544,0.8650142992972684,0.0,0.9813710283543453,0.9827341962227519,0.8886473791887961,3,((Per(p=48)+Per(p=26))+Per(p=730)),"[np.str_('+'), np.str_('+')]"
S2,Seasonal,0.21188927283250125,0.14916615480781037,0.0,0.4222459338952981,0.2034018628286921,0.2485118192071738,3,((RBF(l=1)*RBF(l=0.1))*Per(p=730)),"[np.str_('*'), np.str_('*')]"
S1,Composite,0.12393513016976931,0.8785569309112525,0.0,0.0,0.8085562490127729,0.0,4,(((Per(p=672)*RQ(α=1))*Lin(σ=10))+Per(p=7)),"[np.str_('*'), np.str_('*'), np.str_('+')]"
S2,Seasonal,0.0,0.8629716750015795,0.0,0.00819056498728532,0.870277136183286,0.05763428433588935,2,(Per(p=14)+Per(p=6)),[np.str_('+')]
S2,Seasonal,0.058167057585634674,0.20339129927117228,0.0,0.12295862104906252,0.561873288380324,0.5694270870036537,4,(((RQ(α=10)+WN(σ=1))*Per(p=12))*Per(p=7)),"[np.str_('+'), np.str_('*'), np.str_('*')]"
S2,Seasonal,0.09391899470972864,0.20336800773324504,0.0,0.2116978476035547,0.45272907275476004,0.5365073811957577,2,(Per(p=10)*RQ(α=1)),[np.str_('*')]
S1,Composite,0.4582901490190916,0.8121440964530356,0.0,0.7629643653724998,0.9484927823451107,0.7964914626946836,5,((((Per(p=26)*Per(p=336))*Lin(σ=10))*Lin(σ=0))*Lin(σ=1)),"[np.str_('*'), np.str_('*'), np.str_('*'), np.str_('*')]"
S2,Seasonal,0.17510957994529097,0.6369552371422245,0.0,0.009749991038514039,0.6433439940991381,0.0,4,(((Per(p=168)*Per(p=730))+WN(σ=1))+Per(p=40)),"[np.str_('*'), np.str_('+'), np.str_('+')]"
S1,Composite,0.1872629547948842,0.5036292197217707,0.0,0.7142905502480817,0.8373056068895858,0.7313319985826627,5,((((RQ(α=10)+Lin(σ=0))*Lin(σ=1))*Lin(σ=10))*Per(p=60)),"[np.str_('+'), np.str_('*'), np.str_('*'), np.str_('*')]"
S2,Seasonal,0.07557524606954358,0.2829720756946815,0.0,0.21220946185986067,0.3900683151438339,0.33139810486610166,3,((Per(p=60)*RQ(α=0.1))*RBF(l=1)),"[np.str_('*'), np.str_('*')]"
S2,Seasonal,0.15026061101880106,0.3093652437811215,0.0,0.28723440978822057,0.5639521363374689,0.6269518078965708,3,((RBF(l=1)*Per(p=672))*Per(p=336)),"[np.str_('*'), np.str_('*')]"
S1,Composite,0.18366826060500496,0.11836046117719079,0.0,0.3457865667143212,0.3885899790121855,0.637580652346028,4,(((Per(p=48)*Per(p=12))*Per(p=26))*Lin(σ=0)),"[np.str_('*'), np.str_('*'), np.str_('*')]"
S4,Trending,0.9999999975152484,0.29658294945810837,0.0,0.9999999981825403,0.39144446889978646,0.26855839885060573,1,Lin(σ=1),['None']
S2,Seasonal,0.1360551370887335,0.4743135877376884,0.0,0.24771877000422182,0.6651952021181493,0.6010310077164351,4,(((Per(p=672)*Per(p=40))*Per(p=52))*Per(p=40)),"[np.str_('*'), np.str_('*'), np.str_('*')]"
S2,Seasonal,0.10580178546102859,0.2865917160761082,0.0,0.20913608644876636,0.46330000490345036,0.5664311301932503,4,(((Per(p=60)*RBF(l=1))*Const(1))*Per(p=24)),"[np.str_('*'), np.str_('*'), np.str_('*')]"
S2,Seasonal,0.06531691694699104,0.6122075790392361,0.0,0.08691750139556764,0.7176237116955031,0.35818400806639183,3,((RQ(α=0.1)+Per(p=24))*Per(p=6)),"[np.str_('+'), np.str_('*')]"
S2,Seasonal,0.02908713775848404,0.9999913531449747,0.0,0.1803399939013538,0.9999941940196685,0.32856837937738026,1,Per(p=14),['None']
S2,Seasonal,0.3383962526045503,0.6763643059155848,0.0,0.46250095805529967,0.857751932218444,0.6240758001178492,5,((((Per(p=10)*Per(p=10))+Per(p=24))+RQ(α=10))+Per(p=12)),"[np.str_('*'), np.str_('+'), np.str_('+'), np.str_('+')]"
S2,Seasonal,0.022879090460086293,0.9999924625744496,0.0,0.06631043507422141,0.9999955387342735,0.4082401115261838,2,(Per(p=24)+Per(p=4)),[np.str_('+')]
S2,Seasonal,0.19048283260286059,0.12796067071521722,0.0,0.9214099384567169,0.9826672879761058,0.9821062746675506,4,(((Per(p=336)*Per(p=730))+Per(p=60))*Per(p=336)),"[np.str_('*'), np.str_('+'), np.str_('*')]"
S1,Composite,0.9998112968432019,0.0,0.0,0.9999912133013125,0.8546962936831555,0.9543009572237235,5,((((Per(p=7)+Lin(σ=10))*Per(p=730))+Per(p=30))+RBF(l=10)),"[np.str_('+'), np.str_('*'), np.str_('+'), np.str_('+')]"
S1,Composite,0.06726168511873554,0.2249772345902138,0.0,0.23056919549381183,0.4641048838580133,0.532045021525313,5,((((Lin(σ=10)*Per(p=336))*Per(p=30))*RQ(α=1))*Per(p=672)),"[np.str_('*'), np.str_('*'), np.str_('*'), np.str_('*')]"
S2,Seasonal,0.0025266502385656864,0.9995590916981774,0.0,0.0,0.9981061047779546,0.0,2,(Per(p=168)*Const(1)),[np.str_('*')]
S2,Seasonal,0.16625972878760453,0.8296916481021926,0.0,0.22377877318540706,0.8685286715303536,0.2694493242784679,3,((Per(p=7)+Const(1))+WN(σ=0.1)),"[np.str_('+'), np.str_('+')]"
S1,Composite,0.03395576548024726,0.1902308268681936,0.0,0.1559361529348826,0.3819491996830273,0.4785888439100795,5,((((Lin(σ=0)*Per(p=7))*Per(p=10))*Per(p=26))+RBF(l=0.1)),"[np.str_('*'), np.str_('*'), np.str_('*'), np.str_('+')]"
S2,Seasonal,0.11486325613841342,0.086497731542305,0.0,0.46344896012694037,0.11733605355996157,0.23043871674376193,5,((((RQ(α=1)*RBF(l=0.1))+WN(σ=0.1))*Per(p=6))*WN(σ=1)),"[np.str_('*'), np.str_('+'), np.str_('*'), np.str_('*')]"
S1,Composite,0.999999999637157,0.9999824207973901,0.0,0.9999999997544303,0.9999881070071224,0.3232069189902871,2,(Lin(σ=0)+Per(p=14)),[np.str_('+')]
S1,Composite,0.04347449057379871,0.1662054189150407,0.0,0.21075367234890052,0.3251030403302265,0.5045589748402526,4,(((Lin(σ=1)+Per(p=365))+Lin(σ=0))*RBF(l=1)),"[np.str_('+'), np.str_('+'), np.str_('*')]"
S2,Seasonal,0.04961886269721694,0.856805290261974,0.0,0.08880500215519382,0.9175297027071532,0.44107665383106553,5,((((RQ(α=10)*RQ(α=0.1))*WN(σ=0.1))*Per(p=7))+Per(p=26)),"[np.str_('*'), np.str_('*'), np.str_('*'), np.str_('+')]"
S2,Seasonal,0.03521472733355224,0.9999922409635665,0.0,0.05726437767818904,0.9999951624308094,0.37658402508759137,1,Per(p=30),['None']
S4,Trending,0.9999439654923218,0.28342635044360764,0.0,0.9999570440459357,0.36951349734826133,0.23351448698698374,2,(WN(σ=1)+Lin(σ=1)),[np.str_('+')]
S2,Seasonal,0.037260268592075874,0.308535958369645,0.0,0.1133047289851129,0.5689358817090413,0.5809880986112047,3,((Per(p=52)+Per(p=14))*RBF(l=1)),"[np.str_('+'), np.str_('*')]"
S2,Seasonal,0.34847039920973744,0.8420157046505087,0.0,0.26923816245694887,0.9230626576751171,0.5479240683869111,1,Per(p=24),['None']
S2,Seasonal,0.019028662083034442,0.9999815597815608,0.0,0.06417888915920533,0.9999863898643367,0.26175467424766896,1,Per(p=24),['None']
S2,Seasonal,0.0018982292594460493,0.5279296147534074,0.0,0.0,0.0,0.0,3,((Per(p=336)+RBF(l=0.1))+RBF(l=0.1)),"[np.str_('+'), np.str_('+')]"
S1,Composite,0.9999999994578943,0.9999709732619149,0.0,0.9999999999558631,0.9999976366013026,0.9185823648582347,4,(((Per(p=4)+Per(p=4))+Per(p=96))+Lin(σ=1)),"[np.str_('+'), np.str_('+'), np.str_('+')]"
S1,Composite,0.061734716073448825,0.10093148319558143,0.0,0.10824653707220899,0.16406083531548232,0.38660226627114536,5,((((RQ(α=0.1)*Per(p=40))*Per(p=168))*Lin(σ=10))+RQ(α=1)),"[np.str_('*'), np.str_('*'), np.str_('*'), np.str_('+')]"
S2,Seasonal,0.05966794818400478,0.5213430360650844,0.0,0.01287382841842677,0.5734221220525006,0.09908160256002152,2,(Per(p=30)*Per(p=40)),[np.str_('*')]
S1,Composite,0.8351841309466544,0.7472262527289418,0.0,0.9568891616585334,0.9503950627924552,0.7872606293425134,3,((Per(p=96)+Per(p=365))*Lin(σ=10)),"[np.str_('+'), np.str_('*')]"
S2,Seasonal,0.09635666574227097,0.33580546953202084,0.0,0.09451550126220476,0.586262009442932,0.6079924883129233,2,(RBF(l=1)*Per(p=48)),[np.str_('*')]
S2,Seasonal,0.0035762584239550366,0.9438860027325924,0.0,0.0745536092741026,0.9659427299773183,0.4112429698427821,2,(Per(p=26)+Per(p=96)),[np.str_('+')]
S2,Seasonal,0.999927701230991,0.0770694044327952,0.0,0.9999929357787779,0.42064564221229184,0.9034387687650659,1,Per(p=672),['None']
S2,Seasonal,0.2343345512519791,0.4703525233392698,0.0,0.4138229330526808,0.7268833679791812,0.5382901840737695,3,((Per(p=730)+Per(p=14))*Per(p=24)),"[np.str_('+'), np.str_('*')]"
S2,Seasonal,0.36410725929674825,0.1432679863507187,0.0,0.46338020052298634,0.24363276810237022,0.44129506574210176,2,(Per(p=7)*RQ(α=10)),[np.str_('*')]
S2,Seasonal,0.029079028045466915,0.4435119855057289,0.0,0.9517537106457087,0.9937111882564847,0.988777862106611,1,Per(p=168),['None']
S2,Seasonal,0.0,0.9162707846387675,0.0,0.23468764485477678,0.9834796399325934,0.8234063514595686,2,(Per(p=24)+Per(p=26)),[np.str_('+')]
S2,Seasonal,0.15094979461614155,0.1938537064004544,0.0,0.331534288101899,0.31398859220139197,0.3988963112699,3,((WN(σ=0.1)*Per(p=168))*Per(p=168)),"[np.str_('*'), np.str_('*')]"
S2,Seasonal,0.09070069430697447,0.9999722585400665,0.0,0.13641455932920998,0.9999837442868632,0.41435426056420144,1,Per(p=14),['None']
S2,Seasonal,0.0,0.5701123762567006,0.0,0.1277766694702851,0.9206197433023952,0.8964965273985475,5,((((Per(p=6)*WN(σ=1))*WN(σ=0.1))+Per(p=40))+Per(p=52)),"[np.str_('*'), np.str_('*'), np.str_('+'), np.str_('+')]"
S1,Composite,0.8544159349773492,0.9814703821376659,0.0,0.9224339371745356,0.9893541002527678,0.4493095349923525,3,((Per(p=40)*Lin(σ=0))+Lin(σ=1)),"[np.str_('*'), np.str_('+')]"
S2,Seasonal,0.2532550452015162,0.06022646474960158,0.0,0.5691786373963095,0.08229070434853136,0.2899147187907257,4,(((Per(p=24)*Per(p=96))*Per(p=24))*Per(p=4)),"[np.str_('*'), np.str_('*'), np.str_('*')]"
S2,Seasonal,0.21419232484918493,0.4035055801662015,0.0,0.38123333569267015,0.4895713385587117,0.2664098629548045,3,((Per(p=96)+RBF(l=0.1))+Per(p=6)),"[np.str_('+'), np.str_('+')]"
S2,Seasonal,0.03237157284553904,0.9999895703734646,0.0,0.025920170422980116,0.9999930371219812,0.33227793619113977,1,Per(p=26),['None']
S2,Seasonal,0.24276401484827326,0.3266633859255782,0.0,0.3180754902198295,0.4690177597451334,0.43535015711835223,3,((RQ(α=0.1)+Per(p=48))*Per(p=30)),"[np.str_('+'), np.str_('*')]"
S3,Stationary,0.12182972650754953,0.18769313107788743,0.0,0.29688237093935366,0.2489797301809391,0.2991026767279439,1,WN(σ=0.1),['None']
S2,Seasonal,0.8577234278425658,0.04395115176825182,0.0,0.9848074829607291,0.4547781483143888,0.9181484711974788,3,((Per(p=730)+Per(p=365))*Per(p=96)),"[np.str_('+'), np.str_('*')]"
S3,Stationary,0.15815897905298182,0.2227568293728166,0.0,0.3613904390770517,0.3072082805963888,0.2669173938620065,1,WN(σ=1),['None']
S2,Seasonal,0.009977802655846357,0.7634085698686164,0.0,0.048855676590981334,0.898316772080447,0.6572273039372346,3,((Per(p=48)+WN(σ=0.1))+Per(p=40)),"[np.str_('+'), np.str_('+')]"
S2,Seasonal,0.3392753528343889,0.9476023256546955,0.0,0.19082561969242395,0.9760116110124146,0.5316843829732143,1,Per(p=40),['None']
S2,Seasonal,0.08643097415807155,0.40203872158099907,0.0,0.11892028721486114,0.5020672436798175,0.2860943089166851,2,(Per(p=14)+WN(σ=1)),[np.str_('+')]
S2,Seasonal,0.3759537614909999,0.1226589071757136,0.0,0.842261426857057,0.6186036100696077,0.8716185565046559,2,(RQ(α=10)*Per(p=60)),[np.str_('*')]
S2,Seasonal,0.27381322073065695,0.2971963824499463,0.0,0.2996846913461937,0.4479112950161521,0.3196136833366099,5,((((Per(p=24)*Per(p=7))+RBF(l=0.1))+RBF(l=1))+Const(1)),"[np.str_('*'), np.str_('+'), np.str_('+'), np.str_('+')]"
S4,Trending,0.9999999997318164,0.2437832136173942,0.0,0.9999999997967157,0.34514072878201074,0.24199623584964103,1,Lin(σ=1),['None']
S1,Composite,0.20415489530747788,0.1745689434212615,0.0,0.2872400542220066,0.3982064922717454,0.5793434834485425,5,((((Per(p=96)*Lin(σ=0))*Per(p=14))*Per(p=10))*Per(p=60)),"[np.str_('*'), np.str_('*'), np.str_('*'), np.str_('*')]"
S4,Trending,0.999999975031906,0.12793375058344403,0.0,0.9999999839554682,0.2147854961368948,0.3573980167872176,2,(Lin(σ=1)+Lin(σ=10)),[np.str_('+')]
S2,Seasonal,0.4393170404636778,0.4734092295672764,0.0,0.6072072391092964,0.7180793264144599,0.6214422578743954,4,(((Per(p=672)*RQ(α=10))+Per(p=52))*Per(p=14)),"[np.str_('*'), np.str_('+'), np.str_('*')]"
S2,Seasonal,0.36254559815999743,0.3563207183008644,0.0,0.8628121843411047,0.9060469240482365,0.9314662836017477,5,((((Per(p=168)+Per(p=730))+Per(p=30))*Per(p=40))+WN(σ=0.1)),"[np.str_('+'), np.str_('+'), np.str_('*'), np.str_('+')]"
S2,Seasonal,0.3414468161190036,0.3959922045796692,0.0,0.39516678493530144,0.5739980296954839,0.4333204390505888,5,((((Per(p=10)+Per(p=14))*Per(p=96))*Per(p=672))*Per(p=7)),"[np.str_('+'), np.str_('*'), np.str_('*'), np.str_('*')]"
S2,Seasonal,0.1704845550570655,0.40772981677861253,0.0,0.26907268196379164,0.6424682143202447,0.5760501799005158,4,(((RBF(l=0.1)*Per(p=14))+RBF(l=10))*Per(p=96)),"[np.str_('*'), np.str_('+'), np.str_('*')]"
S2,Seasonal,0.11622372919998059,0.9999765156298397,0.0,0.22901875479641964,0.9999834480180642,0.2954858487006301,1,Per(p=10),['None']
S1,Composite,0.549986783681258,0.9970447176956344,0.0,0.752416529381642,0.9987064664314845,0.5604816031446649,5,((((Lin(σ=0)*Lin(σ=1))*Per(p=12))+Per(p=24))*Lin(σ=0)),"[np.str_('*'), np.str_('*'), np.str_('+'), np.str_('*')]"
S2,Seasonal,0.0,0.1273808718213597,0.0,0.21687663734597884,0.32406270951927296,0.37679160886355834,2,(Per(p=26)*WN(σ=0.1)),[np.str_('*')]
S2,Seasonal,0.29813508434962044,0.8224518551568758,0.0,0.19711612506183063,0.9185619841174074,0.5344814140196932,1,Per(p=12),['None']
S2,Seasonal,0.24117061473486945,0.44728088017459144,0.0,0.32977278563039736,0.5949641793815172,0.4884374152687512,4,(((Per(p=6)*Per(p=7))+Per(p=26))*Per(p=10)),"[np.str_('*'), np.str_('+'), np.str_('*')]"
S1,Composite,0.25448250436355646,0.15645224100503674,0.0,0.35906448024859816,0.1417695850952897,0.4109417485234548,5,((((Lin(σ=0)+Per(p=10))+Per(p=12))*Per(p=40))*Per(p=7)),"[np.str_('+'), np.str_('+'), np.str_('*'), np.str_('*')]"
S1,Composite,0.9999576152255061,0.2442943748268458,0.0,0.9999829687766176,0.6066429112871817,0.5980114146869383,4,(((Const(1)*Per(p=48))*RQ(α=1))+Lin(σ=0)),"[np.str_('*'), np.str_('*'), np.str_('+')]"
S1,Composite,0.00589147200925888,0.0744971808050241,0.0,0.09404806919784281,0.15735858160522354,0.3484653134913934,5,((((Lin(σ=1)*WN(σ=0.1))+Per(p=48))*Per(p=48))*Per(p=168)),"[np.str_('*'), np.str_('+'), np.str_('*'), np.str_('*')]"
S2,Seasonal,0.2711942907708714,0.3560229902082841,0.0,0.6755611676251745,0.7671819179791279,0.8028868128407842,2,(RQ(α=10)*Per(p=96)),[np.str_('*')]
S2,Seasonal,0.0,0.9949049683970288,0.0,0.18746624360071196,0.9954798192474098,0.12301732561915646,1,Per(p=40),['None']
S2,Seasonal,0.1375076731395054,0.3701917476750636,0.0,0.41642126861144557,0.5591655750198448,0.5613727993083958,3,((RQ(α=1)+Per(p=96))*Per(p=12)),"[np.str_('+'), np.str_('*')]"
S1,Composite,0.005015608076861744,0.09196356373048409,0.0,0.07649571643575903,0.28300723964168417,0.5928128230728369,4,(((Per(p=24)+Const(1))*Lin(σ=1))*RQ(α=1)),"[np.str_('+'), np.str_('*'), np.str_('*')]"
S2,Seasonal,0.1854559539294568,0.736216872962185,0.0,0.45039991573044524,0.8795654576964755,0.5865401818351613,3,((RBF(l=10)*Per(p=30))*Per(p=10)),"[np.str_('*'), np.str_('*')]"
S1,Composite,0.8007344731690704,0.9924192717584747,0.0,0.9630694722673345,0.9987733937240367,0.8370788104288036,3,((Per(p=48)*Lin(σ=10))+WN(σ=0.1)),"[np.str_('*'), np.str_('+')]"
S2,Seasonal,0.3202297567633605,0.5140318476119052,0.0,0.9748679903805465,0.9960610769497719,0.9947342152748674,2,(Per(p=96)*Per(p=336)),[np.str_('*')]
S1,Composite,0.9997695611160365,0.3613050963594112,0.0,0.9999351150738038,0.7373841126824912,0.7174245210494651,5,((((Per(p=96)+Per(p=168))+RBF(l=1))*Per(p=60))+Lin(σ=1)),"[np.str_('+'), np.str_('+'), np.str_('*'), np.str_('+')]"
S2,Seasonal,0.9983165564275447,0.12574382749970314,0.0,0.9999523852715886,0.857782976174582,0.9730700964681653,1,Per(p=365),['None']
S2,Seasonal,0.14975868312245988,0.09786459727522623,0.0,0.527841240762118,0.12795095139983292,0.2325331310590012,5,((((Per(p=26)*WN(σ=1))+RBF(l=0.1))*Per(p=48))+Per(p=4)),"[np.str_('*'), np.str_('+'), np.str_('*'), np.str_('+')]"
S1,Composite,0.14035950190217705,0.6151610896061529,0.0,0.12081480201289874,0.16317142721100408,0.0,5,((((Per(p=4)*Per(p=48))*Lin(σ=1))*Per(p=168))*RQ(α=10)),"[np.str_('*'), np.str_('*'), np.str_('*'), np.str_('*')]"
S2,Seasonal,0.4246878684615423,0.6947261391456963,0.0,0.6705908819094044,0.9088307857035417,0.7606286803413087,5,((((Per(p=26)*Per(p=10))+RBF(l=10))*Per(p=26))+Per(p=14)),"[np.str_('*'), np.str_('+'), np.str_('*'), np.str_('+')]"
S1,Composite,0.9822361216249411,0.9932041672020874,0.0,0.9918237850983879,0.9970810339362234,0.5693984385006705,4,(((Lin(σ=1)*Per(p=40))+Per(p=26))*Const(1)),"[np.str_('*'), np.str_('+'), np.str_('*')]"
S2,Seasonal,0.14553194491752441,0.11327284664550052,0.0,0.49388891366156096,0.18957461304618095,0.38950639451528424,4,(((Per(p=26)+RQ(α=0.1))*WN(σ=0.1))*Per(p=365)),"[np.str_('+'), np.str_('*'), np.str_('*')]"
S2,Seasonal,0.009922190172493961,0.4370188561922903,0.0,0.0,0.5194304983245216,0.0,2,(Per(p=12)*RQ(α=1)),[np.str_('*')]
S2,Seasonal,0.07854222543506983,0.999973080573257,0.0,0.1480918971120433,0.9999804121512927,0.2723644089960734,1,Per(p=12),['None']
S2,Seasonal,0.2280392775791693,0.18527657305980227,0.0,0.3617725344064301,0.2787244338974335,0.3523901677363851,5,((((Per(p=12)+RBF(l=10))+RQ(α=10))*Per(p=168))*RQ(α=0.1)),"[np.str_('+'), np.str_('+'), np.str_('*'), np.str_('*')]"
S2,Seasonal,0.2866565611231683,0.684459906067755,0.0,0.22187389624216725,0.8291090894668482,0.44569501774010756,1,Per(p=96),['None']
S2,Seasonal,0.3377890409591665,0.5506373063647994,0.0,0.7572619707338363,0.9108368859511339,0.8672985252302582,2,(Per(p=30)+RQ(α=10)),[np.str_('+')]
S2,Seasonal,0.992431124019315,0.018612738642340365,0.0,0.9998993221284936,0.8428378903216168,0.9877678590961043,2,(Per(p=336)+Per(p=168)),[np.str_('+')]
S2,Seasonal,0.23066868135015628,0.5105547166835923,0.0,0.16100000366082579,0.7026157199286758,0.4997967133949309,5,((((RBF(l=0.1)*RQ(α=0.1))+Per(p=6))*Per(p=96))+Per(p=40)),"[np.str_('*'), np.str_('+'), np.str_('*'), np.str_('+')]"
S2,Seasonal,0.2589307669948767,0.9038292718155037,0.0,0.24377738944938276,0.9009740808023026,0.0,4,(((Per(p=7)+RQ(α=1))+Per(p=26))*Per(p=336)),"[np.str_('+'), np.str_('+'), np.str_('*')]"
S2,Seasonal,0.6048586229603347,0.8265231271033109,0.0,0.6488196728247719,0.9118138940243224,0.5221429031855567,3,((Per(p=52)+Per(p=10))*Per(p=10)),"[np.str_('+'), np.str_('*')]"
S2,Seasonal,0.9211570817661165,0.8703609933742988,0.0,0.9737156661875694,0.9634518971853847,0.7454027848065642,3,((Per(p=60)+Per(p=4))+Per(p=24)),"[np.str_('+'), np.str_('+')]"
S2,Seasonal,0.0004031965352059297,0.9991676303382023,0.0,0.0,0.9093637448192143,0.0,1,Per(p=168),['None']
S3,Stationary,0.1369646969906787,0.15658248776846218,0.0,0.2647391572171528,0.33326305893376496,0.44947121881296015,1,RQ(α=0.1),['None']
S2,Seasonal,0.010619296245879317,0.6114145973035625,0.0,0.018042414497898784,0.7398412836490864,0.44973419810191273,5,((((RBF(l=10)*Per(p=14))*WN(σ=1))+Per(p=96))+Per(p=48)),"[np.str_('*'), np.str_('*'), np.str_('+'), np.str_('+')]"
S2,Seasonal,0.08414796255577661,0.47944628186936467,0.0,0.0,0.5753898534288582,0.0,2,(Per(p=336)*Per(p=96)),[np.str_('*')]
S3,Stationary,0.09717421123456049,0.12945258262082227,0.0,0.32143694405056256,0.2099832595640444,0.31759615842835154,1,Const(1),['None']
S2,Seasonal,0.09278590268009124,0.45275090064530876,0.0,0.15918946696380842,0.5600024972951259,0.3276021606315823,4,(((Const(1)+RQ(α=10))*WN(σ=1))+Per(p=14)),"[np.str_('+'), np.str_('*'), np.str_('+')]"
S2,Seasonal,0.38600673458133494,0.2837048422829873,0.0,0.4514713478271096,0.36866694520071663,0.3500458659093473,3,((Per(p=14)+RQ(α=10))+RBF(l=0.1)),"[np.str_('+'), np.str_('+')]"
S2,Seasonal,0.18423327451672278,0.2450981698339898,0.0,0.266697585584871,0.3223961656271631,0.24628648481444726,4,(((WN(σ=1)*Per(p=24))*Per(p=10))*Per(p=7)),"[np.str_('*'), np.str_('*'), np.str_('*')]"
S2,Seasonal,0.07036085103187584,0.2726547903541745,0.0,0.12447068192162425,0.37627134429173414,0.3711793681861658,1,Per(p=7),['None']
S2,Seasonal,0.045838529644573245,0.2634975860879395,0.0,0.13362591036201887,0.4644893279357375,0.5923609576024791,4,(((RQ(α=0.1)+Per(p=26))*Per(p=336))*Per(p=10)),"[np.str_('+'), np.str_('*'), np.str_('*')]"
S2,Seasonal,0.07076982632100892,0.3599764400662845,0.0,0.120415638019996,0.48485123807908415,0.27274914982287013,2,(RBF(l=0.1)+Per(p=10)),[np.str_('+')]
S2,Seasonal,0.4062061049248197,0.26015566718336736,0.0,0.7197924251441331,0.5730358546843723,0.6943994866439773,3,((RQ(α=1)+Per(p=24))*Per(p=365)),"[np.str_('+'), np.str_('*')]"
S2,Seasonal,0.13172671108643252,0.15947316829009928,0.0,0.19564463539084065,0.3184319741962852,0.2673183232313383,2,(WN(σ=0.1)*Per(p=336)),[np.str_('*')]
S1,Composite,0.0627650366894561,0.15129892281683666,0.0,0.0966758203087813,0.22873423216217237,0.43003472167867673,4,(((Per(p=14)+RBF(l=0.1))*Per(p=52))*Lin(σ=1)),"[np.str_('+'), np.str_('*'), np.str_('*')]"
S1,Composite,0.9196476262065728,0.9000394720388772,0.0,0.9380541776915209,0.9337482262103914,0.2738378609422818,5,((((Lin(σ=0)*Per(p=24))+RBF(l=1))+Per(p=12))+Per(p=12)),"[np.str_('*'), np.str_('+'), np.str_('+'), np.str_('+')]"
S1,Composite,0.9997522375774428,0.0,0.0,0.9998611367389934,0.11399328754962912,0.4390796497896349,5,((((Per(p=10)+RBF(l=1))+Lin(σ=0))+WN(σ=1))*Lin(σ=10)),"[np.str_('+'), np.str_('+'), np.str_('+'), np.str_('*')]"
S3,Stationary,0.04261851664010197,0.26473811748206166,0.0,0.08903180237816033,0.39985537595535214,0.32315226501303373,1,WN(σ=0.1),['None']
S1,Composite,0.9999776070125556,0.532872834010335,0.0,0.9999904045598564,0.6964531072969811,0.5716014932926471,4,(((Lin(σ=0)+Per(p=672))+Per(p=12))+RBF(l=1)),"[np.str_('+'), np.str_('+'), np.str_('+')]"
S2,Seasonal,0.02485440312721343,0.9999909964659045,0.0,0.05444925737176398,0.9999938468096605,0.31680079169627196,1,Per(p=26),['None']
S2,Seasonal,0.6296559754224602,0.9107121550922351,0.0,0.8986641888133846,0.9855775936978082,0.8688807327750838,3,((Per(p=40)+Per(p=40))*Per(p=730)),"[np.str_('+'), np.str_('*')]"
S1,Composite,0.9839468195528317,0.9907742117388568,0.0,0.9924951163526813,0.9956081578978232,0.5247827287645668,2,(Lin(σ=0)*Per(p=40)),[np.str_('*')]
S2,Seasonal,0.14349719062347566,0.20291046681919012,0.0,0.323511716997559,0.576697486498174,0.7281035908107762,3,((Per(p=60)*RQ(α=1))*Per(p=40)),"[np.str_('*'), np.str_('*')]"
S3,Stationary,0.14674023681666815,0.1697457811546229,0.0,0.33032813244127457,0.2936179086326173,0.36041952463330085,1,Const(1),['None']
S1,Composite,0.9999885791129222,0.8909760928087247,0.0,0.9999998701368322,0.9985730924012881,0.9886300395723647,4,(((Per(p=52)+Per(p=96))+Per(p=52))+Lin(σ=10)),"[np.str_('+'), np.str_('+'), np.str_('+')]"
S1,Composite,0.356359387248117,0.5130112692732853,0.0,0.4257915463357911,0.6504469730413255,0.3995537117303417,4,(((Per(p=52)*Lin(σ=0))*Per(p=48))+Per(p=14)),"[np.str_('*'), np.str_('*'), np.str_('+')]"
S2,Seasonal,0.020716468063455062,0.5730459619388817,0.0,0.04048329575069587,0.7907047812850485,0.6409678220770556,3,((Per(p=60)+Per(p=7))+RBF(l=1)),"[np.str_('+'), np.str_('+')]"
S1,Composite,0.035469862040125366,0.20431183290655364,0.0,0.11477363139198649,0.4632100236189596,0.432231128014238,5,((((Lin(σ=1)+RQ(α=0.1))*Per(p=12))*RQ(α=0.1))*RQ(α=1)),"[np.str_('+'), np.str_('*'), np.str_('*'), np.str_('*')]"
S2,Seasonal,0.041104599487837734,0.5598615105644866,0.0,0.07276885513467402,0.7013250226591288,0.3881864570841699,3,((WN(σ=1)+Per(p=30))*Per(p=30)),"[np.str_('+'), np.str_('*')]"
S2,Seasonal,0.2129459843683139,0.3562364031143147,0.0,0.3554466359376385,0.48420856524357747,0.3509690848771342,3,((RQ(α=0.1)+Per(p=6))+RQ(α=0.1)),"[np.str_('+'), np.str_('+')]"
S2,Seasonal,0.8890513726201303,0.7005111181213228,0.0,0.0,0.1717152082727028,0.0,3,((Per(p=168)+Per(p=26))+Per(p=730)),"[np.str_('+'), np.str_('+')]"
S2,Seasonal,0.1831089672574674,0.16939438339100132,0.0,0.25830181506072214,0.25777463057412786,0.2804122871273097,3,((Per(p=24)+WN(σ=1))*RQ(α=0.1)),"[np.str_('+'), np.str_('*')]"
S1,Composite,0.21686704150883784,0.34030251133754785,0.0,0.7324306450541012,0.8460482395054146,0.8695326883131195,5,((((Per(p=24)+Per(p=12))*Per(p=168))*Lin(σ=10))+Per(p=336)),"[np.str_('+'), np.str_('*'), np.str_('*'), np.str_('+')]"
S2,Seasonal,0.04823531019234817,0.26104832418220136,0.0,0.08163679141794122,0.4311982611376587,0.37687869474026736,3,((RQ(α=10)*RBF(l=1))*Per(p=4)),"[np.str_('*'), np.str_('*')]"
S2,Seasonal,0.011656201888339268,0.6834171112677302,0.0,0.03986420008701308,0.9320041515266185,0.7861548004310082,5,((((Per(p=26)+Per(p=60))+Per(p=40))*Per(p=168))+Per(p=14)),"[np.str_('+'), np.str_('+'), np.str_('*'), np.str_('+')]"
S2,Seasonal,0.9994341403018286,0.11475255495947112,0.0,0.9999832969613663,0.8222618791930226,0.9712468921355358,1,Per(p=365),['None']
S2,Seasonal,0.1569308466505721,0.3779404705256322,0.0,0.26959876493100576,0.7060269238228838,0.7095011199648074,5,((((WN(σ=0.1)*Per(p=10))*Per(p=26))+Per(p=10))*Per(p=24)),"[np.str_('*'), np.str_('*'), np.str_('+'), np.str_('*')]"
S2,Seasonal,0.0,0.46960821155510735,0.0,0.02012567081949934,0.5378901725634685,0.27533565349367906,2,(Per(p=40)*Per(p=7)),[np.str_('*')]
S2,Seasonal,0.06939171976488678,0.30468250943947583,0.0,0.10701074947892986,0.49301240746284436,0.5236151977722122,3,((Per(p=26)*Per(p=10))*RQ(α=1)),"[np.str_('*'), np.str_('*')]"
S4,Trending,0.9999999998368349,0.17593042219506005,0.0,0.9999999998979975,0.2716633763783528,0.3748502035715576,1,Lin(σ=10),['None']
S2,Seasonal,0.0283676333130104,0.4604295852232754,0.0,0.036592535919159896,0.7922883129880705,0.5439942886812514,5,((((Per(p=48)*Per(p=168))+Per(p=40))+Per(p=10))+RQ(α=1)),"[np.str_('*'), np.str_('+'), np.str_('+'), np.str_('+')]"
S2,Seasonal,0.13294837351900235,0.9999797151560732,0.0,0.32527650750975357,0.9999859317754894,0.30630578365433425,1,Per(p=4),['None']
S4,Trending,0.9999999989627016,0.19182746590741961,0.0,0.9999999992197379,0.2720171341346276,0.24779225536018656,1,Lin(σ=1),['None']
S2,Seasonal,0.25541166486105005,0.3065193589130508,0.0,0.3943853007250103,0.40251314957342865,0.27742547589151967,4,(((Per(p=336)*Per(p=6))*Per(p=672))+RQ(α=0.1)),"[np.str_('*'), np.str_('*'), np.str_('+')]"
S2,Seasonal,0.18782414077082443,0.3151725405900152,0.0,0.22921110584688975,0.5742629444499083,0.5538108903543077,4,(((RBF(l=1)*Per(p=672))*RQ(α=0.1))+RBF(l=10)),"[np.str_('*'), np.str_('*'), np.str_('+')]"
S2,Seasonal,0.24253996164452274,0.7495167917686469,0.0,0.26200463108080985,0.7669929347770045,0.10636438347060584,3,((Per(p=12)*Per(p=730))+Per(p=14)),"[np.str_('*'), np.str_('+')]"
S2,Seasonal,0.1575985479414006,0.597001385941706,0.0,0.36265696547265447,0.836838429325345,0.7249219419533532,5,((((RQ(α=10)+RQ(α=10))+RBF(l=1))+Per(p=24))+Per(p=48)),"[np.str_('+'), np.str_('+'), np.str_('+'), np.str_('+')]"
S4,Trending,0.05422439197799378,0.06246360401672579,0.0,0.16339067026078624,0.34177629906471985,0.6109343510384826,4,(((Lin(σ=10)*RBF(l=1))*RQ(α=10))+RQ(α=0.1)),"[np.str_('*'), np.str_('*'), np.str_('+')]"
S3,Stationary,0.18268361917055964,0.2019216510208226,0.0,0.4176820991160972,0.29139214652191714,0.32974219244534075,1,WN(σ=1),['None']
S2,Seasonal,0.18121868989184797,0.28934422370744495,0.0,0.2944722780232666,0.47562894634560193,0.5522359434473436,5,((((Per(p=10)+Const(1))*WN(σ=0.1))+RBF(l=1))*Per(p=168)),"[np.str_('+'), np.str_('*'), np.str_('+'), np.str_('*')]"
S3,Stationary,0.15329568686633666,0.23771351791948458,0.0,0.24388915414496137,0.32072694001597746,0.2991803295463874,5,((((WN(σ=1)+RQ(α=1))+RQ(α=10))+RBF(l=10))*RQ(α=0.1)),"[np.str_('+'), np.str_('+'), np.str_('+'), np.str_('*')]"
S2,Seasonal,0.0,0.3246761367912483,0.0,0.021025367472045975,0.5202241179169949,0.41609697853820427,2,(Per(p=60)+RBF(l=0.1)),[np.str_('+')]
S1,Composite,0.9015424109604514,0.9750242634391307,0.0,0.729814618748388,0.9250228630610778,0.0,4,(((Per(p=30)*WN(σ=0.1))+Per(p=336))*Lin(σ=1)),"[np.str_('*'), np.str_('+'), np.str_('*')]"
S3,Stationary,0.1509747473984835,0.1477444058293338,0.0,0.37718539738514556,0.22453761829274765,0.3317441733184686,1,WN(σ=1),['None']
S2,Seasonal,0.12504119949808368,0.382529237122327,0.0,0.17265381304964522,0.4730347842599071,0.27838786611896815,4,(((RQ(α=0.1)+WN(σ=0.1))+Per(p=48))+Per(p=40)),"[np.str_('+'), np.str_('+'), np.str_('+')]"
S2,Seasonal,0.12250790932033373,0.361222246107892,0.0,0.24188102310605641,0.6684855754496282,0.5967278953973967,4,(((WN(σ=1)+Per(p=48))*RBF(l=10))+Per(p=14)),"[np.str_('+'), np.str_('*'), np.str_('+')]"
S1,Composite,0.9998594198712429,0.896046281460434,0.0,0.9999755802637963,0.9832872371803408,0.827075826953729,3,((Per(p=52)*Per(p=96))+Lin(σ=1)),"[np.str_('*'), np.str_('+')]"
S2,Seasonal,0.31802976206922995,0.29351893990155997,0.0,0.44802573753205077,0.38706059219045197,0.42077591471028397,2,(RBF(l=1)*Per(p=24)),[np.str_('*')]
S2,Seasonal,0.2926907287871363,0.1079979777497806,0.0,0.5376410881919109,0.22888889578482496,0.34668436381333356,5,((((Const(1)+Per(p=48))*Per(p=6))*Per(p=4))*Per(p=730)),"[np.str_('+'), np.str_('*'), np.str_('*'), np.str_('*')]"
S1,Composite,0.9619457893320904,0.9862691675197458,0.0,0.9048478926001443,0.9591874575346997,0.0,3,((Per(p=168)+Per(p=672))*Lin(σ=0)),"[np.str_('+'), np.str_('*')]"
S1,Composite,0.9999962369213794,0.9627927496134958,0.0,0.9999992735985349,0.9919684003913445,0.8070079553972289,3,((Per(p=24)+Per(p=26))+Lin(σ=0)),"[np.str_('+'), np.str_('+')]"
S3,Stationary,0.2512999447542926,0.15132628270461346,0.0,0.4993877307611343,0.2032851184353628,0.24626780514536328,1,RBF(l=0.1),['None']
S3,Stationary,0.3790443004488021,0.4037383028540723,0.0,0.5781430171251953,0.6526515069547687,0.7607538846557441,3,((RBF(l=10)+RBF(l=10))*Const(1)),"[np.str_('+'), np.str_('*')]"
S1,Composite,0.9996508489615236,0.05738852544169881,0.0,0.9999937195618986,0.5505575858454625,0.9822556980229196,5,((((Lin(σ=0)*Per(p=365))+Lin(σ=10))+Per(p=730))+RQ(α=0.1)),"[np.str_('*'), np.str_('+'), np.str_('+'), np.str_('+')]"
S2,Seasonal,0.04211880037427296,0.5203210333633146,0.0,0.0,0.42819544944727805,0.0,5,((((Per(p=7)+Per(p=14))*Per(p=168))*Per(p=336))*Per(p=4)),"[np.str_('+'), np.str_('*'), np.str_('*'), np.str_('*')]"
S2,Seasonal,0.44161577809733255,0.6499644532155091,0.0,0.2714275026257874,0.7368273988776809,0.352432851421451,2,(Per(p=12)+Per(p=26)),[np.str_('+')]
S1,Composite,0.092209893206049,0.09664428352959797,0.0,0.23187467462973232,0.29472772755261867,0.575092893457843,4,(((Per(p=336)+Lin(σ=10))*RQ(α=1))*Per(p=14)),"[np.str_('+'), np.str_('*'), np.str_('*')]"
S2,Seasonal,0.19103201782492785,0.3434374352332976,0.0,0.5529783435723299,0.7154592663963044,0.7884876111527336,3,((RQ(α=1)+Per(p=30))*RQ(α=10)),"[np.str_('+'), np.str_('*')]"
S1,Composite,0.9999967093274528,0.3951190681642741,0.0,0.9998334675541107,0.19744809658164064,0.0,4,(((Const(1)*Per(p=672))*Per(p=672))+Lin(σ=0)),"[np.str_('*'), np.str_('*'), np.str_('+')]"
S2,Seasonal,0.031551328897561515,0.39760838901945705,0.0,0.044116074139636474,0.5086904460779567,0.37539139374687946,5,((((Per(p=6)+RQ(α=10))+RQ(α=1))*RBF(l=0.1))+Per(p=48)),"[np.str_('+'), np.str_('+'), np.str_('*'), np.str_('+')]"
S2,Seasonal,0.0,0.4396810769159972,0.0,0.033056084589632606,0.4565303279607916,0.22661791817278754,4,(((Per(p=14)+Per(p=7))+Per(p=10))*Per(p=40)),"[np.str_('+'), np.str_('+'), np.str_('*')]"
S1,Composite,0.3859046697145663,0.05435343742122978,0.0,0.8253988465540819,0.7488915510755049,0.8871342386286005,4,(((Lin(σ=1)*Per(p=52))*Per(p=365))*Per(p=336)),"[np.str_('*'), np.str_('*'), np.str_('*')]"
S3,Stationary,0.018626457655173234,0.4167187223857781,0.0,0.022400661499010766,0.618146437438543,0.5004826155326478,1,RQ(α=0.1),['None']
S2,Seasonal,0.3334871154374096,0.721274999140165,0.0,0.3571004929849739,0.7437392318735135,0.19434498094872688,4,(((Per(p=7)+Per(p=6))*Per(p=7))*Per(p=96)),"[np.str_('+'), np.str_('*'), np.str_('*')]"
S2,Seasonal,0.40386207240028693,0.34979931092824856,0.0,0.5041649065931952,0.4855275475134493,0.5984093388741549,3,((Per(p=48)+Per(p=52))*Per(p=24)),"[np.str_('+'), np.str_('*')]"
S2,Seasonal,0.07784154246163011,0.9999487034682948,0.0,0.13789590294802856,0.9999672026062338,0.36052242981151883,1,Per(p=14),['None']
S2,Seasonal,0.036032043653878465,0.9999937151814435,0.0,0.055965292648470055,0.9999954534175768,0.2764086058537839,1,Per(p=24),['None']
S2,Seasonal,0.005350189705408015,0.9986061845353355,0.0,0.0,0.9923453495245838,0.0,1,Per(p=168),['None']
S4,Trending,0.9999752508339741,0.0,0.0,0.9999804028149021,0.0,0.20795415435837095,1,Lin(σ=10),['None']
S2,Seasonal,0.7210624305852698,0.6549095885041054,0.0,0.8930692966141693,0.8637683858893472,0.7426236643502109,4,(((Per(p=30)+Per(p=365))+Per(p=168))+Per(p=26)),"[np.str_('+'), np.str_('+'), np.str_('+')]"
S3,Stationary,0.004856228253393935,0.28952053649707443,0.0,0.010067059924385946,0.47249614561828124,0.4262340128601727,1,RQ(α=0.1),['None']
S1,Composite,0.4076467746173438,0.45338525411388686,0.0,0.8803386542326256,0.9046647155994753,0.8880436215936957,5,((((Per(p=96)+Per(p=336))+Per(p=96))*Lin(σ=1))+Per(p=10)),"[np.str_('+'), np.str_('+'), np.str_('*'), np.str_('+')]"
S2,Seasonal,0.6251055415202056,0.8504675306046144,0.0,0.8244219403604063,0.9780950578964945,0.8754384100789048,2,(Per(p=60)+Per(p=26)),[np.str_('+')]
S2,Seasonal,0.21292099887165838,0.6550402358487035,0.0,0.3371537641427367,0.8207762590598978,0.5727409132719697,2,(Per(p=24)+RBF(l=1)),[np.str_('+')]
S1,Composite,0.0,0.8624168865571512,0.0,0.0,0.7413123140219975,0.0,3,((Lin(σ=1)+Per(p=7))*RBF(l=0.1)),"[np.str_('+'), np.str_('*')]"
S1,Composite,0.9999630612238685,0.2928109691468104,0.0,0.9999743476714004,0.37536857843692895,0.3061274533046654,3,((RBF(l=0.1)+Lin(σ=10))+Per(p=730)),"[np.str_('+'), np.str_('+')]"
S1,Composite,0.19203040973165464,0.5167230078722063,0.0,0.4902081945268848,0.8478246416501055,0.5350753502757006,4,(((Per(p=12)+Per(p=60))+Lin(σ=1))*Per(p=96)),"[np.str_('+'), np.str_('+'), np.str_('*')]"
S2,Seasonal,0.9988916839163072,0.05331053177562517,0.0,0.999990528138464,0.8556352702842207,0.9917928684619051,1,Per(p=336),['None']
S2,Seasonal,0.004088592472529018,0.23544638667803142,0.0,0.04582505146986193,0.5373860331936815,0.6544779409593167,2,(RQ(α=1)*Per(p=14)),[np.str_('*')]
S2,Seasonal,0.0,0.7872282107489417,0.0,0.0,0.7394527479151746,0.0,1,Per(p=96),['None']
S1,Composite,0.05943818120160371,0.0675272097302323,0.0,0.12532731776863804,0.27550004706944076,0.3308247548132418,5,((((Per(p=6)*RQ(α=0.1))*Lin(σ=1))+Per(p=40))+Per(p=10)),"[np.str_('*'), np.str_('*'), np.str_('+'), np.str_('+')]"
S2,Seasonal,0.21783627370812608,0.49853780437588513,0.0,0.39791654054071235,0.6494625596572802,0.576114169432498,5,((((RQ(α=0.1)*Per(p=365))+Per(p=168))*Per(p=24))+Const(1)),"[np.str_('*'), np.str_('+'), np.str_('*'), np.str_('+')]"
S1,Composite,0.0,0.2542882323771849,0.0,0.02078847590651134,0.4984476783403686,0.33257645068550235,3,((Per(p=12)+Lin(σ=1))*WN(σ=0.1)),"[np.str_('+'), np.str_('*')]"
S2,Seasonal,0.16310972124531053,0.63729176306039,0.0,0.33370380427671,0.8306489617228018,0.6507661423391821,4,(((Per(p=168)+RQ(α=1))*Per(p=168))+Per(p=14)),"[np.str_('+'), np.str_('*'), np.str_('+')]"
S2,Seasonal,0.07300666519416876,0.27713522293210113,0.0,0.11893109833214888,0.5396631811806241,0.6163635477353888,2,(Per(p=96)+RBF(l=1)),[np.str_('+')]
S2,Seasonal,0.2745109927245247,0.5824154784382165,0.0,0.28579949481801104,0.7066744662327346,0.39389997845833,2,(RBF(l=1)+Per(p=10)),[np.str_('+')]
S2,Seasonal,0.5628194070292406,0.9506488587927275,0.0,0.9434682613045855,0.9949133026239785,0.9006753150059827,3,((Per(p=336)+Per(p=10))*Per(p=30)),"[np.str_('+'), np.str_('*')]"
S2,Seasonal,0.09340521387829837,0.27567978578966834,0.0,0.12623363061756776,0.41868008919307964,0.3906859706077185,2,(Per(p=48)+RBF(l=0.1)),[np.str_('+')]
S2,Seasonal,0.17579216199347614,0.24539812582015152,0.0,0.5673450843890114,0.6107789883630561,0.7302044713879376,5,((((Per(p=30)+RBF(l=0.1))+Per(p=48))*RBF(l=10))+Per(p=40)),"[np.str_('+'), np.str_('+'), np.str_('*'), np.str_('+')]"
S2,Seasonal,0.1257232147472388,0.9999660192032072,0.0,0.2513310406401157,0.9999780670352222,0.3546350322833264,1,Per(p=7),['None']
S2,Seasonal,0.9360897966378425,0.4692749911891475,0.0,0.9902586388315262,0.793932080504349,0.857466819864614,2,(Per(p=52)+Per(p=730)),[np.str_('+')]
S2,Seasonal,0.5683716011677726,0.7219705839579746,0.0,0.8340851504961084,0.964659003669443,0.9038928298205855,2,(Per(p=26)+Per(p=7)),[np.str_('+')]
S2,Seasonal,0.13021641095002034,0.27744389289591487,0.0,0.0,0.27709321948765697,0.0,5,((((WN(σ=0.1)*RQ(α=10))*Per(p=730))*RBF(l=0.1))+Per(p=365)),"[np.str_('*'), np.str_('*'), np.str_('*'), np.str_('+')]"
S2,Seasonal,0.5619316520512855,0.7077471244929519,0.0,0.585659848347762,0.7238610531880947,0.07709312505324306,1,Per(p=6),['None']
S2,Seasonal,0.0791857708434468,0.44946087407932844,0.0,0.1687096358213327,0.754352732651944,0.7374614644033575,5,((((Per(p=96)*Per(p=24))+Per(p=7))*RQ(α=10))+Per(p=60)),"[np.str_('*'), np.str_('+'), np.str_('*'), np.str_('+')]"
S2,Seasonal,0.706120693197377,0.9661831106825112,0.0,0.19191499830541003,0.6210176290071387,0.0,4,(((Per(p=24)+Per(p=730))*Per(p=26))*RBF(l=10)),"[np.str_('+'), np.str_('*'), np.str_('*')]"
S2,Seasonal,0.06788218139963742,0.999994779422903,0.0,0.11282067118176331,0.9999966451871493,0.35734631841210507,1,Per(p=12),['None']
S2,Seasonal,0.0,0.9734035138838387,0.0,0.035220987543461146,0.9854282750846963,0.4728466171046454,1,Per(p=6),['None']
S2,Seasonal,0.22926987874435767,0.2971377973361554,0.0,0.4293099174502383,0.46756533377818865,0.6437576042985307,3,((Per(p=60)+RBF(l=10))*Per(p=48)),"[np.str_('+'), np.str_('*')]"
S1,Composite,0.12032228435259162,0.10716195644356563,0.0,0.25497670751781687,0.24090780384333854,0.45670022654514364,5,((((RQ(α=0.1)+RBF(l=10))*Lin(σ=0))*Per(p=7))*Per(p=10)),"[np.str_('+'), np.str_('*'), np.str_('*'), np.str_('*')]"
S1,Composite,0.06299606200323504,0.13759043047302855,0.0,0.1838468705654821,0.3729110527477222,0.31225194669399325,5,((((RQ(α=1)*RBF(l=0.1))*Lin(σ=1))*Per(p=26))*Per(p=96)),"[np.str_('*'), np.str_('*'), np.str_('*'), np.str_('*')]"
S2,Seasonal,0.9997849001463442,0.09856136295454543,0.0,0.9999884763133577,0.5652327118649062,0.9476737519215416,1,Per(p=672),['None']
S1,Composite,0.19962699447341858,0.33250825769286063,0.0,0.3805979535035968,0.4842709255485872,0.35726688592368105,5,((((RQ(α=0.1)+Per(p=48))*Lin(σ=0))+Per(p=730))+Const(1)),"[np.str_('+'), np.str_('*'), np.str_('+'), np.str_('+')]"
S3,Stationary,0.09051386799999739,0.04531084092984772,0.0,0.4476816120193057,0.06042074876840753,0.22940061427681324,1,RBF(l=0.1),['None']
S2,Seasonal,0.1444479738245652,0.1813546793393106,0.0,0.23874938553167702,0.33433474709530886,0.3487423798685415,4,(((Per(p=12)+Per(p=52))*WN(σ=1))+Per(p=14)),"[np.str_('+'), np.str_('*'), np.str_('+')]"
S2,Seasonal,0.1248802664220261,0.21176753048768548,0.0,0.16941674823090402,0.4965659521449465,0.7181695234048455,2,(Per(p=12)*Per(p=24)),[np.str_('*')]
S2,Seasonal,0.7511034192437219,0.1710559038533629,0.0,0.9533950737323524,0.565814780906507,0.8730577807750478,5,((((Per(p=336)+RQ(α=10))*Per(p=168))+Per(p=365))+Per(p=730)),"[np.str_('+'), np.str_('*'), np.str_('+'), np.str_('+')]"
S2,Seasonal,0.2864749026396155,0.3401987527421222,0.0,0.5285415838192999,0.7887104555744097,0.844709577353185,5,((((Per(p=60)+Const(1))+Per(p=30))+Per(p=96))+Per(p=40)),"[np.str_('+'), np.str_('+'), np.str_('+'), np.str_('+')]"
S1,Composite,0.9537817803865463,0.19046101627536127,0.0,0.9800351770251142,0.4789142557223832,0.5717001548414422,4,(((RBF(l=0.1)+Per(p=52))*Per(p=30))+Lin(σ=10)),"[np.str_('+'), np.str_('*'), np.str_('+')]"
S1,Composite,0.999999940517304,0.999602170758137,0.0,0.9999999800301069,0.9998651570220106,0.6642677900425136,3,((Per(p=7)*Per(p=336))+Lin(σ=0)),"[np.str_('*'), np.str_('+')]"
S1,Composite,0.0,0.09225798854741551,0.0,0.16851528375214597,0.28849204940996487,0.43413175951496974,4,(((Per(p=7)+Lin(σ=0))*Per(p=26))*WN(σ=0.1)),"[np.str_('+'), np.str_('*'), np.str_('*')]"
S2,Seasonal,0.34574448635908916,0.36799256982512785,0.0,0.3652738702685797,0.45910959845938737,0.28696406554667653,3,((RQ(α=10)+Per(p=10))*Per(p=7)),"[np.str_('+'), np.str_('*')]"
S2,Seasonal,0.0,0.8027690344417879,0.0,0.0,0.6714387644086355,0.0,4,(((Per(p=40)*Per(p=30))*Per(p=336))+RQ(α=10)),"[np.str_('*'), np.str_('*'), np.str_('+')]"
S1,Composite,0.9999769142481446,0.999998780674665,0.0,0.9999859752337431,0.9999992596557545,0.3927693642541845,5,((((Per(p=336)+Per(p=672))+Lin(σ=10))*Per(p=24))*Per(p=6)),"[np.str_('+'), np.str_('+'), np.str_('*'), np.str_('*')]"
S1,Composite,0.9999999993526278,0.9999999997387524,0.0,0.9999999995664767,0.9999999998250517,0.3303351718511679,2,(Per(p=4)*Lin(σ=1)),[np.str_('*')]
S2,Seasonal,0.01607704423242373,0.999988158443467,0.0,0.06732678774668566,0.9999926555031236,0.37998703639622367,2,(Per(p=6)+Per(p=24)),[np.str_('+')]
S1,Composite,0.07887599381080235,0.0866483088030694,0.0,0.17162406191802992,0.3451549210973174,0.3471655383094516,5,((((Lin(σ=10)*Per(p=40))+Per(p=24))*RQ(α=0.1))+WN(σ=1)),"[np.str_('*'), np.str_('+'), np.str_('*'), np.str_('+')]"
S2,Seasonal,0.0071809881192101965,0.1721012776254378,0.0,0.04090614885893662,0.6804139723354466,0.7047294064963588,2,(Per(p=10)*Per(p=6)),[np.str_('*')]
S2,Seasonal,0.9962998847925337,0.9961473358192935,0.0,0.9999536820177211,0.9999550345530916,0.9884047947974385,2,(Per(p=12)+Per(p=336)),[np.str_('+')]
S1,Composite,0.49125171986488114,0.0,0.0,0.6704814176176398,0.012381080472679606,0.4472880180562381,3,((Lin(σ=10)*Per(p=7))*Per(p=672)),"[np.str_('*'), np.str_('*')]"
S2,Seasonal,0.05528326263293715,0.5390759028161549,0.0,0.02907078249184014,0.3330394955976328,0.0,3,((Const(1)*Per(p=730))*Per(p=168)),"[np.str_('*'), np.str_('*')]"
S2,Seasonal,0.20605552907186364,0.3164364594088066,0.0,0.4732802181894804,0.640621658459225,0.5993708809317145,4,(((Per(p=4)+Per(p=672))+RBF(l=1))*Per(p=168)),"[np.str_('+'), np.str_('+'), np.str_('*')]"
S2,Seasonal,0.17012307950977612,0.3005951491014731,0.0,0.2613314153176056,0.40939127502524963,0.4275322742944119,5,((((RBF(l=0.1)+WN(σ=0.1))+Per(p=4))+RQ(α=10))*RQ(α=1)),"[np.str_('+'), np.str_('+'), np.str_('+'), np.str_('*')]"
S1,Composite,0.7650910583267391,0.13849619559598103,0.0,0.9488445681503501,0.5338320316715406,0.8485502322726342,5,((((Per(p=336)+Per(p=26))+Per(p=60))*Per(p=336))*Lin(σ=0)),"[np.str_('+'), np.str_('+'), np.str_('*'), np.str_('*')]"
S1,Composite,0.9998256197170641,0.12790399008608133,0.0,0.9999863500657428,0.5733392557379138,0.9229205404715164,5,((((Per(p=672)+Lin(σ=1))*Const(1))+RQ(α=0.1))*Per(p=730)),"[np.str_('+'), np.str_('*'), np.str_('+'), np.str_('*')]"
S2,Seasonal,0.0,0.9876347830640492,0.0,0.22557978729164652,0.9977884089728651,0.8220436032118239,1,Per(p=52),['None']
S2,Seasonal,0.0,0.9126629208244519,0.0,0.07657625564752912,0.9254666821432054,0.1990627233664496,1,Per(p=96),['None']
S2,Seasonal,0.0,0.41981162548142226,0.0,0.050185258270525,0.8940584623030399,0.9087759893967102,2,(Per(p=168)+Per(p=60)),[np.str_('+')]
S1,Composite,0.9999999998887477,0.9999521077134913,0.0,0.9999999930793332,0.9969316292850554,0.0,2,(Lin(σ=10)+Per(p=168)),[np.str_('+')]
S1,Composite,0.9999934361460814,0.9999985708001525,0.0,0.999999330799566,0.9999998542776727,0.8980401442816857,5,((((Const(1)+Lin(σ=1))+Per(p=730))*Per(p=7))+Per(p=26)),"[np.str_('+'), np.str_('+'), np.str_('*'), np.str_('+')]"
S2,Seasonal,0.20843414031538887,0.11856068774760553,0.0,0.4396934086580281,0.18830344998904613,0.32071129011663657,3,((WN(σ=0.1)*Per(p=14))*Const(1)),"[np.str_('*'), np.str_('*')]"
S2,Seasonal,0.002615941408840472,0.8009831596190495,0.0,0.016146969083256857,0.35685800281361124,0.0,2,(Per(p=168)+Per(p=40)),[np.str_('+')]
S2,Seasonal,0.6980367845733956,0.6617177538254849,0.0,0.8078038409838528,0.8311183269569469,0.6123245131012442,3,((Per(p=26)*Per(p=48))+Per(p=12)),"[np.str_('*'), np.str_('+')]"
S4,Trending,0.9999999994546155,0.23180053323742744,0.0,0.9999999996861947,0.3674520422059625,0.42461737359632157,1,Lin(σ=10),['None']
S1,Composite,0.9999999904180243,0.9999901507154807,0.0,0.9999999933589644,0.9999931695751104,0.3069300293323476,2,(Per(p=24)+Lin(σ=10)),[np.str_('+')]
S3,Stationary,0.014629466260536628,0.2629046327227723,0.0,0.051341491623673186,0.5069748218127301,0.5952823657266608,1,RBF(l=1),['None']
S2,Seasonal,0.22879029220150893,0.552826255124072,0.0,0.33750238389070775,0.6427751373410916,0.3123231346179315,4,(((WN(σ=1)*RBF(l=1))*RBF(l=1))+Per(p=4)),"[np.str_('*'), np.str_('*'), np.str_('+')]"
S2,Seasonal,0.0006595100036242973,0.9932079421455662,0.0,0.5473781130078105,0.9991829805981639,0.8794807698335206,1,Per(p=48),['None']
S2,Seasonal,0.1078940213196069,0.9999943071647645,0.0,0.24385043272053397,0.9999957222633494,0.24874408249676405,1,Per(p=7),['None']
S2,Seasonal,0.3341138908167498,0.7088223310496867,0.0,0.47317879921302164,0.7932192807922931,0.40181329115885367,4,(((WN(σ=1)+Per(p=24))*Const(1))+Per(p=730)),"[np.str_('+'), np.str_('*'), np.str_('+')]"
S1,Composite,0.9983451588417841,0.0,0.0,0.9998673132829857,0.7795675912778368,0.9205781507358215,2,(Per(p=365)*Lin(σ=0)),[np.str_('*')]
S2,Seasonal,0.507211466336579,0.11828441691427416,0.0,0.6284711094909519,0.1345951749349229,0.06395697790858457,3,((Per(p=6)*Per(p=48))+Per(p=30)),"[np.str_('*'), np.str_('+')]"
S2,Seasonal,0.0,0.5285365125665487,0.0,0.0687331713376198,0.828115607595568,0.7762190837773555,4,(((Per(p=7)*Per(p=24))+Per(p=40))+Per(p=52)),"[np.str_('*'), np.str_('+'), np.str_('+')]"
S2,Seasonal,0.9989076560211317,0.9992941272528635,0.0,0.9996313875678176,0.9997596648377489,0.6639834162698572,2,(Per(p=730)*Per(p=12)),[np.str_('*')]
S2,Seasonal,0.09212683235583607,0.13719457566795012,0.0,0.19233545396315743,0.2384886310615102,0.3208393192183009,2,(Per(p=14)*RQ(α=0.1)),[np.str_('*')]
S1,Composite,0.07416644302334674,0.05552677202959011,0.0,0.2902931979889679,0.10319432393789574,0.275676475946137,5,((((Per(p=26)+Per(p=24))*WN(σ=1))*RBF(l=0.1))*Lin(σ=1)),"[np.str_('+'), np.str_('*'), np.str_('*'), np.str_('*')]"
S1,Composite,0.9994520109939211,0.9999911290116238,0.0,0.9995300515745363,0.9999924022165892,0.1436610775947631,5,((((Per(p=6)*Per(p=40))+Lin(σ=10))*Per(p=10))+Const(1)),"[np.str_('*'), np.str_('+'), np.str_('*'), np.str_('+')]"
S2,Seasonal,0.4067772162379448,0.35303288680365785,0.0,0.5002736775385541,0.4885920162257542,0.43075581814462405,2,(Per(p=7)*RQ(α=10)),[np.str_('*')]
S2,Seasonal,0.01789345985691837,0.31677957134683365,0.0,0.06083675986668391,0.48739290173324135,0.4377799853425506,5,((((RQ(α=1)*Per(p=7))+RQ(α=0.1))+Per(p=52))+RQ(α=0.1)),"[np.str_('*'), np.str_('+'), np.str_('+'), np.str_('+')]"
S1,Composite,0.2261029859069854,0.25515112268338536,0.0,0.35929087350913214,0.4174972568274383,0.520944368518639,4,(((Lin(σ=10)*Per(p=7))*Per(p=52))*Per(p=40)),"[np.str_('*'), np.str_('*'), np.str_('*')]"
S2,Seasonal,0.9997847001766108,0.10694302790894294,0.0,0.9999796638353049,0.7578134985553768,0.9070515856145134,1,Per(p=672),['None']
S1,Composite,0.475160161314518,0.6741899719014225,0.0,0.6916983518862526,0.7588441734562377,0.3943286523445019,5,((((Lin(σ=0)*Per(p=365))+Per(p=4))+Per(p=96))*Per(p=6)),"[np.str_('*'), np.str_('+'), np.str_('+'), np.str_('*')]"
S4,Trending,0.4713126104347445,0.4239966017711668,0.0,0.924083577745987,0.9182341944076542,0.9388726917743353,3,((Const(1)+RBF(l=10))*Lin(σ=10)),"[np.str_('+'), np.str_('*')]"
S2,Seasonal,0.3432726619090771,0.49390193842633356,0.0,0.443859346986455,0.6232266797546455,0.3328146247947422,4,(((Per(p=7)*RQ(α=0.1))+Per(p=365))*Per(p=14)),"[np.str_('*'), np.str_('+'), np.str_('*')]"
S2,Seasonal,0.25920379796032733,0.2560030968383469,0.0,0.43127457254782164,0.41275283949385255,0.4298214794071161,5,((((WN(σ=0.1)+RBF(l=0.1))+RQ(α=1))+Per(p=26))*Per(p=10)),"[np.str_('+'), np.str_('+'), np.str_('+'), np.str_('*')]"
S2,Seasonal,0.875741897137624,0.9731266964097259,0.0,0.20492846821145483,0.796896569507517,0.0,3,((Per(p=168)*Per(p=672))+Const(1)),"[np.str_('*'), np.str_('+')]"
S1,Composite,0.9787698562515844,0.7578463285709327,0.0,0.9928949819626391,0.9044349542448759,0.669809555447447,4,(((Per(p=10)+Const(1))*Lin(σ=0))+Per(p=96)),"[np.str_('+'), np.str_('*'), np.str_('+')]"
S2,Seasonal,0.6125050517839091,0.874697190168793,0.0,0.8751381715897287,0.9855744417617446,0.9012412937844099,2,(Per(p=60)+Per(p=24)),[np.str_('+')]
S1,Composite,0.0,0.017692852107002888,0.0,0.2643091893280206,0.06558876672736225,0.35192554215780814,4,(((WN(σ=1)*Per(p=336))*Lin(σ=10))+RBF(l=0.1)),"[np.str_('*'), np.str_('*'), np.str_('+')]"
S3,Stationary,0.17139181818096128,0.19385937626672944,0.0,0.37615247836046306,0.31287291685155993,0.30908767342164334,1,WN(σ=1),['None']
S1,Composite,0.8961267941741138,0.36133600094449625,0.0,0.9827607723815026,0.7238953287267085,0.833885007861892,5,((((Lin(σ=0)+RBF(l=10))*Per(p=168))*Per(p=26))+Lin(σ=10)),"[np.str_('+'), np.str_('*'), np.str_('*'), np.str_('+')]"
S4,Trending,0.9999999996862602,0.18952342283027213,0.0,0.9999999998150703,0.3024317419488691,0.41056444031369144,1,Lin(σ=0),['None']
S1,Composite,0.9999338683734281,0.0,0.0,0.9999801120018647,0.0,0.6992570523966546,5,((((Per(p=30)+Per(p=730))+Lin(σ=0))*Const(1))*Lin(σ=1)),"[np.str_('+'), np.str_('+'), np.str_('*'), np.str_('*')]"
S1,Composite,0.9999999884539643,0.9999885154161293,0.0,0.9999999929595922,0.9999929996091601,0.3902329453045429,3,((Const(1)*Per(p=10))+Lin(σ=10)),"[np.str_('*'), np.str_('+')]"
S1,Composite,0.9999868582380306,0.87152556846882,0.0,0.9999912886047451,0.910241927025717,0.33690618316205345,4,(((RBF(l=1)*WN(σ=0.1))+Lin(σ=10))+Per(p=40)),"[np.str_('*'), np.str_('+'), np.str_('+')]"
S2,Seasonal,0.36077879473609753,0.4819077063363484,0.0,0.576897213792013,0.7702516320608693,0.7294754946177107,5,((((Per(p=168)*Per(p=14))+Per(p=168))*Per(p=60))*Per(p=26)),"[np.str_('*'), np.str_('+'), np.str_('*'), np.str_('*')]"
S1,Composite,0.9999994990252422,0.08744834529186718,0.0,0.9999999731196229,0.5295796043828924,0.9463821656673652,2,(Lin(σ=0)+Per(p=672)),[np.str_('+')]
S1,Composite,0.9999999998380588,0.9999881630739242,0.0,0.999999999888992,0.9999918830392169,0.31451749691935527,2,(Lin(σ=10)+Per(p=14)),[np.str_('+')]
S2,Seasonal,0.5187641909204659,0.5107709581338211,0.0,0.5171212406016343,0.6189699370368884,0.0,5,((((Per(p=40)*Per(p=52))*Per(p=26))*RBF(l=10))+Per(p=730)),"[np.str_('*'), np.str_('*'), np.str_('*'), np.str_('+')]"
S2,Seasonal,0.013772665503787307,0.31660923173762334,0.0,0.11630148409629204,0.7296893828886879,0.6268453989425655,1,Per(p=24),['None']
S2,Seasonal,0.09960525282869526,0.35568227679889475,0.0,0.0,0.11641543426369216,0.0,3,((Const(1)*Per(p=365))+Per(p=12)),"[np.str_('*'), np.str_('+')]"
S2,Seasonal,0.225061475232898,0.665779892791776,0.0,0.538513006759537,0.9666963275861491,0.8885679443415667,2,(Per(p=96)+Const(1)),[np.str_('+')]
S2,Seasonal,0.015205566745910448,0.3051144086693671,0.0,0.040803798291663584,0.428294201437468,0.3737001411325265,2,(Per(p=52)*WN(σ=1)),[np.str_('*')]
S2,Seasonal,0.00020559673885867102,0.8915490193942244,0.0,0.0,0.930476887858157,0.4209926300892467,2,(Per(p=6)+Per(p=48)),[np.str_('+')]
S2,Seasonal,0.0,0.9879284626134656,0.0,0.029723186360672282,0.9934939792968377,0.4630805818218757,2,(Per(p=26)+Per(p=52)),[np.str_('+')]
S3,Stationary,0.13787006507903066,0.36016954878841445,0.0,0.23590070135763885,0.48580611921607264,0.5227454705635131,3,((RBF(l=1)*RBF(l=10))+Const(1)),"[np.str_('*'), np.str_('+')]"
S2,Seasonal,0.1709304018684703,0.2048389204380383,0.0,0.34941968294142,0.2809606448240629,0.29277876180558515,4,(((Per(p=168)+Per(p=60))*WN(σ=1))*Per(p=30)),"[np.str_('+'), np.str_('*'), np.str_('*')]"
S2,Seasonal,0.02880737558254709,0.40494471455775183,0.0,0.03778708330173319,0.5220473008044548,0.36984054805995603,2,(Per(p=60)+WN(σ=1)),[np.str_('+')]
S2,Seasonal,0.24342981177206835,0.35868266649757485,0.0,0.36765645893699184,0.5113206685327236,0.5035925658670546,4,(((Per(p=6)*Per(p=48))+RQ(α=1))*Per(p=14)),"[np.str_('*'), np.str_('+'), np.str_('*')]"
S2,Seasonal,0.2872735522615316,0.7658696549670382,0.0,0.051716201290853525,0.8118650787090802,0.18133420536284928,1,Per(p=60),['None']
S2,Seasonal,0.0,0.6940725516914878,0.0,0.005308194923560938,0.6944867375906238,0.012667408289184112,3,((Per(p=6)+Per(p=26))+Per(p=4)),"[np.str_('+'), np.str_('+')]"
S1,Composite,0.8444394475071548,0.834900571426668,0.0,0.9489393206567392,0.9525702059468818,0.7378165585129345,5,((((Const(1)*RBF(l=1))+Lin(σ=1))+Per(p=10))*Per(p=60)),"[np.str_('*'), np.str_('+'), np.str_('+'), np.str_('*')]"
S2,Seasonal,0.17122573120298334,0.9999825959174388,0.0,0.3422609914865672,0.9999868830617473,0.24639898395776205,1,Per(p=4),['None']
S2,Seasonal,0.028158461377130073,0.20473290077806072,0.0,0.20512558672529502,0.8926127822740997,0.739782301321535,1,Per(p=96),['None']
S2,Seasonal,0.6501713800902837,0.6066450033664506,0.0,0.6509070099019589,0.6057592822090947,0.0,1,Per(p=4),['None']
S3,Stationary,0.3736464447118978,0.2883234806963161,0.0,0.7401917194910097,0.9482079820337378,0.9215442131628325,1,RBF(l=10),['None']
S1,Composite,0.13166771256512722,0.3769328951593026,0.0,0.3098111970237598,0.7962316752202907,0.8049509063519532,5,((((Lin(σ=1)*RBF(l=10))+Per(p=7))+Per(p=52))+Per(p=168)),"[np.str_('*'), np.str_('+'), np.str_('+'), np.str_('+')]"
S1,Composite,0.054409503538569104,0.12427520482098464,0.0,0.17442512548133593,0.41699525401855464,0.6581838389055873,5,((((Per(p=365)+Per(p=12))*Per(p=52))*Lin(σ=0))+WN(σ=0.1)),"[np.str_('+'), np.str_('*'), np.str_('*'), np.str_('+')]"
S2,Seasonal,0.12504061300408242,0.2084412941848366,0.0,0.2954028547588633,0.3278761829940461,0.2816231537628744,3,((Per(p=60)*Per(p=4))*WN(σ=1)),"[np.str_('*'), np.str_('*')]"
S2,Seasonal,0.11214567499498207,0.07282019771400783,0.0,0.5089376412924664,0.1011799302284454,0.233882865449065,5,((((Per(p=26)*RQ(α=1))*WN(σ=0.1))*Per(p=12))*RBF(l=0.1)),"[np.str_('*'), np.str_('*'), np.str_('*'), np.str_('*')]"
S1,Composite,0.7752354938563144,0.9921189604602106,0.0,0.8942727230217673,0.9967389176637542,0.5869878760747769,3,((Per(p=48)+Const(1))*Lin(σ=1)),"[np.str_('+'), np.str_('*')]"
S2,Seasonal,0.4605623918401409,0.5021911961414642,0.0,0.7063573107162182,0.7537107109807578,0.6772036077153296,5,((((Per(p=7)+RQ(α=1))*Per(p=60))+Per(p=168))+Per(p=12)),"[np.str_('+'), np.str_('*'), np.str_('+'), np.str_('+')]"
S2,Seasonal,0.08934458930880074,0.48735656731705024,0.0,0.0,0.08713485765419937,0.0,2,(Per(p=365)+WN(σ=0.1)),[np.str_('+')]
S2,Seasonal,0.07508971581398804,0.6536532441364635,0.0,0.2036046322425883,0.7398805948138787,0.39678842793750535,2,(Per(p=672)*RBF(l=10)),[np.str_('*')]
S4,Trending,0.9999998762184562,0.48086451522450957,0.0,0.9999999319768252,0.09902964672286285,0.4505053171062038,2,(Lin(σ=0)*Lin(σ=0)),[np.str_('*')]
S2,Seasonal,0.09377404199653183,0.5971695019871641,0.0,0.1273014264653507,0.7192858634332155,0.33964423247862685,3,((Per(p=168)*Per(p=96))+RBF(l=0.1)),"[np.str_('*'), np.str_('+')]"
S2,Seasonal,0.9332489204640564,0.9247152870951879,0.0,0.96370647030333,0.9713186516288761,0.6331931453062745,2,(Per(p=40)+Per(p=10)),[np.str_('+')]
S1,Composite,0.9998933773109993,0.9999961790746871,0.0,0.9999862178197385,0.9999995062654855,0.8707904507678594,5,((((Lin(σ=0)+Per(p=60))+Lin(σ=1))+Per(p=14))*Per(p=10)),"[np.str_('+'), np.str_('+'), np.str_('+'), np.str_('*')]"
S1,Composite,0.08879837755307785,0.8960261156242427,0.0,0.8683553206869364,0.9934241979660481,0.9402001424734232,4,(((Per(p=26)*WN(σ=1))+Lin(σ=0))*Per(p=60)),"[np.str_('*'), np.str_('+'), np.str_('*')]"
S2,Seasonal,0.02110192848265524,0.9999215011847283,0.0,0.06062313934832242,0.9999464896214464,0.31836688938136637,1,Per(p=26),['None']
S1,Composite,0.9999996847380788,0.9999992802011908,0.0,0.9999998036524048,0.9999995517370399,0.3771931311852751,4,(((Lin(σ=1)+Per(p=336))*Per(p=30))+Lin(σ=10)),"[np.str_('+'), np.str_('*'), np.str_('+')]"
S2,Seasonal,0.0,0.9999907413734139,0.0,0.16580739699305236,0.9999934615375197,0.29370721270369726,1,Per(p=12),['None']
S4,Trending,0.4600349964480487,0.9494351915220709,0.0,0.14093146543440083,0.5385888730850609,0.0,2,(RBF(l=10)*Lin(σ=1)),[np.str_('*')]
S1,Composite,0.009000564179154624,0.07621386934336538,0.0,0.1107943337210946,0.29705550465525155,0.4235951606245111,3,((Lin(σ=0)*Per(p=30))*WN(σ=0.1)),"[np.str_('*'), np.str_('*')]"
S1,Composite,0.03547734173860828,0.08431507384389847,0.0,0.32136963721791345,0.14953785011452492,0.339464295774646,3,((Lin(σ=1)+Per(p=6))*RBF(l=0.1)),"[np.str_('+'), np.str_('*')]"
S1,Composite,0.6950110212810741,0.9748411299242936,0.0,0.23366706038687368,0.257585553923219,0.0,5,((((Lin(σ=0)+Per(p=7))+Per(p=24))+Per(p=24))*Per(p=168)),"[np.str_('+'), np.str_('+'), np.str_('+'), np.str_('*')]"
S1,Composite,0.011787037031791958,0.011750938540289302,0.0,0.15040530956660458,0.1386850711278882,0.36973136329032585,4,(((Lin(σ=0)*Per(p=4))*Per(p=12))*RQ(α=1)),"[np.str_('*'), np.str_('*'), np.str_('*')]"
S2,Seasonal,0.4358366433484311,0.5391767743561415,0.0,0.5713125319979893,0.6964484500789687,0.5156357317503493,5,((((Per(p=26)*Per(p=12))+RQ(α=1))+Per(p=14))*Per(p=730)),"[np.str_('*'), np.str_('+'), np.str_('+'), np.str_('*')]"
S1,Composite,0.9994531928251386,0.3672086258027062,0.0,0.9997040246350193,0.5622172095130613,0.4602132585495018,4,(((RBF(l=0.1)*RQ(α=0.1))+Per(p=60))+Lin(σ=0)),"[np.str_('*'), np.str_('+'), np.str_('+')]"
S1,Composite,0.7267860507279538,0.8108624732150627,0.0,0.9166534963865597,0.9580888954539015,0.8199349460780958,5,((((Per(p=6)+RQ(α=10))*Per(p=672))*Lin(σ=10))+Per(p=7)),"[np.str_('+'), np.str_('*'), np.str_('*'), np.str_('+')]"
S2,Seasonal,0.05051812528878452,0.4091459624336634,0.0,0.10150192326297158,0.6862676980657376,0.7169876189236566,5,((((WN(σ=0.1)*Per(p=7))*RQ(α=1))+Per(p=24))*Per(p=14)),"[np.str_('*'), np.str_('*'), np.str_('+'), np.str_('*')]"
S2,Seasonal,0.06105401802680133,0.398861627003403,0.0,0.08867818222150492,0.7397806999005596,0.7231588197946232,5,((((Per(p=52)+Per(p=12))*Per(p=96))+RBF(l=1))+Per(p=60)),"[np.str_('+'), np.str_('*'), np.str_('+'), np.str_('+')]"
S4,Trending,0.4651978156896296,0.4563181155029703,0.0,0.8479280616048541,0.9299753634852178,0.856803267945621,4,(((Lin(σ=1)*RQ(α=10))+RQ(α=0.1))+Lin(σ=10)),"[np.str_('*'), np.str_('+'), np.str_('+')]"
S2,Seasonal,0.741707454608429,0.03508651511179495,0.0,0.9018221050726072,0.5992866242574058,0.7118183773640199,3,((Per(p=730)+Per(p=48))*Per(p=365)),"[np.str_('+'), np.str_('*')]"
S2,Seasonal,0.009397099300600842,0.6391264978791911,0.0,0.008851644791147195,0.7862425333731068,0.4579288780868712,3,((WN(σ=0.1)+Per(p=168))+RBF(l=0.1)),"[np.str_('+'), np.str_('+')]"
S2,Seasonal,0.2102319953736439,0.8789280727500981,0.0,0.07999881416435561,0.5465754821067663,0.0,1,Per(p=336),['None']
S1,Composite,0.9999502864901588,0.9999824822024724,0.0,0.9999815216228851,0.9999934849951081,0.628253350836811,5,((((Per(p=48)+Lin(σ=10))*Per(p=10))+Const(1))+Per(p=336)),"[np.str_('+'), np.str_('*'), np.str_('+'), np.str_('+')]"
S2,Seasonal,0.3134299228040459,0.8010656421728655,0.0,0.5330748609018755,0.9058040988497953,0.6017471523978157,3,((Per(p=365)*Per(p=10))+Per(p=52)),"[np.str_('*'), np.str_('+')]"
S2,Seasonal,0.9666813896917137,0.9415590016032144,0.0,0.9908947848695566,0.986040203642959,0.7725151668615801,3,((Per(p=14)+Per(p=48))+Per(p=365)),"[np.str_('+'), np.str_('+')]"
S2,Seasonal,0.9034884252700689,0.9547440151906743,0.0,0.907536650895637,0.9617085222583065,0.1596500452735402,2,(Per(p=10)+Per(p=48)),[np.str_('+')]
S3,Stationary,0.17899651282007645,0.10852253355819164,0.0,0.4658328544216389,0.1837903238127595,0.3552976150690528,1,WN(σ=1),['None']
S2,Seasonal,0.038804660295149285,0.24349619955991864,0.0,0.15707233538081788,0.35106490561219916,0.36736433400719226,4,(((Per(p=96)+Per(p=26))*RBF(l=0.1))*Const(1)),"[np.str_('+'), np.str_('*'), np.str_('*')]"
S2,Seasonal,0.32122278329024145,0.25970399758996376,0.0,0.4294348784988875,0.34475523714403755,0.32819905179925657,4,(((Per(p=14)*Per(p=6))+WN(σ=0.1))+RQ(α=0.1)),"[np.str_('*'), np.str_('+'), np.str_('+')]"
S2,Seasonal,0.9985186502291464,0.0038800024776453057,0.0,0.9999370875953189,0.8794038687444071,0.9591374202218117,1,Per(p=365),['None']
S1,Composite,0.9999599241809486,0.12922181003010969,0.0,0.9999743889707652,0.2435091395903367,0.3612058051329572,4,(((RBF(l=0.1)*RQ(α=0.1))*Per(p=30))+Lin(σ=1)),"[np.str_('*'), np.str_('*'), np.str_('+')]"
S2,Seasonal,0.28171838877514654,0.7526963276254487,0.0,0.6122967510656591,0.9288493208209824,0.7651218382697995,3,((Per(p=60)+RQ(α=1))+Per(p=672)),"[np.str_('+'), np.str_('+')]"
S3,Stationary,0.012154812170687479,0.20889141163495373,0.0,0.049024563262146104,0.43153720029820253,0.45178339934003287,2,(RQ(α=0.1)*RQ(α=1)),[np.str_('*')]
S2,Seasonal,0.38592364105666155,0.42252353378584073,0.0,0.8295244904652744,0.9089444838565253,0.906970121075221,3,((Per(p=30)*Per(p=365))+RQ(α=10)),"[np.str_('*'), np.str_('+')]"
S1,Composite,0.07924685923786612,0.8473898678145395,0.0,0.48871851790049525,0.9742030246034168,0.8225433575583706,4,(((Per(p=96)*Lin(σ=1))*Const(1))+Per(p=52)),"[np.str_('*'), np.str_('*'), np.str_('+')]"
S2,Seasonal,0.06424640101950285,0.18009733399330463,0.0,0.1324664420619509,0.37586775990211196,0.44182266538493864,4,(((RBF(l=1)+WN(σ=1))+RQ(α=0.1))*Per(p=40)),"[np.str_('+'), np.str_('+'), np.str_('*')]"
S2,Seasonal,0.010262151609465087,0.8717162164014542,0.0,0.05253071260379183,0.9120775035059205,0.3607496876848978,3,((Const(1)*Per(p=52))+WN(σ=0.1)),"[np.str_('*'), np.str_('+')]"
S2,Seasonal,0.8501554716247538,0.6895358630410903,0.0,0.8497749282838729,0.6877888946120639,0.0,4,(((Per(p=96)+Per(p=4))+Per(p=7))+Per(p=672)),"[np.str_('+'), np.str_('+'), np.str_('+')]"
S2,Seasonal,0.08711074624588311,0.21985513853192196,0.0,0.36375240707211354,0.702181284009212,0.8034021879139761,2,(Per(p=40)*RQ(α=10)),[np.str_('*')]
S2,Seasonal,0.21684920452614065,0.22578902652723387,0.0,0.2173260181738399,0.3123933177464505,0.39494339893928676,5,((((Per(p=10)*RBF(l=0.1))+Per(p=60))*Per(p=14))*RQ(α=1)),"[np.str_('*'), np.str_('+'), np.str_('*'), np.str_('*')]"
S1,Composite,0.02114622201268479,0.1748930124671293,0.0,0.09050123641786378,0.3188059644278637,0.4907956059636941,5,((((RQ(α=0.1)+RBF(l=1))*Per(p=12))*Per(p=672))*Lin(σ=10)),"[np.str_('+'), np.str_('*'), np.str_('*'), np.str_('*')]"
S4,Trending,0.9999804666746861,0.0,0.0,0.9999795484800369,0.0,0.0,1,Lin(σ=1),['None']
S2,Seasonal,0.3199294236757143,0.3052082372271373,0.0,0.44991474819358246,0.6033293161201654,0.6275532891091691,5,((((Per(p=14)+WN(σ=1))+Per(p=168))*Per(p=365))*Per(p=24)),"[np.str_('+'), np.str_('+'), np.str_('*'), np.str_('*')]"
S1,Composite,0.18658276459019296,0.311723967094213,0.0,0.44429880138222855,0.5043942983236795,0.647858305228665,5,((((Per(p=7)+Per(p=24))*Lin(σ=0))*Per(p=12))+RQ(α=1)),"[np.str_('+'), np.str_('*'), np.str_('*'), np.str_('+')]"
S2,Seasonal,0.20623996550617563,0.5658350993061192,0.0,0.2433880203427896,0.6935223414454907,0.5455358729402688,2,(Per(p=12)*Per(p=14)),[np.str_('*')]
S2,Seasonal,0.4793609274487268,0.699024680293296,0.0,0.5188357572346781,0.7253283180800105,0.11888006821602737,3,((Per(p=24)*Per(p=24))+Per(p=7)),"[np.str_('*'), np.str_('+')]"
S2,Seasonal,0.04163003240639318,0.9999870217940856,0.0,0.17211561401343167,0.9999900843441825,0.23604073826775906,1,Per(p=10),['None']
S2,Seasonal,0.008603824618150568,0.5156462242296257,0.0,0.04351004777754297,0.8044476921732108,0.7527324444244494,4,(((Per(p=40)+WN(σ=1))+Per(p=24))+Per(p=96)),"[np.str_('+'), np.str_('+'), np.str_('+')]"
S2,Seasonal,0.02581885694354602,0.254032448839726,0.0,0.05922315761035535,0.6146979467398537,0.672217662885037,4,(((RQ(α=10)*Per(p=336))*Per(p=52))*RBF(l=1)),"[np.str_('*'), np.str_('*'), np.str_('*')]"
S2,Seasonal,0.9973987608235823,0.005301252001152057,0.0,0.9999581420919139,0.6591081904069863,0.9841943167419092,3,((Const(1)*Per(p=730))*Per(p=336)),"[np.str_('*'), np.str_('*')]"
S2,Seasonal,0.05185121930813974,0.3643774769140774,0.0,0.12180788429560807,0.797153028475712,0.80183516756393,5,((((Per(p=672)+Per(p=14))*RQ(α=10))+RQ(α=0.1))+Per(p=96)),"[np.str_('+'), np.str_('*'), np.str_('+'), np.str_('+')]"
S2,Seasonal,0.036936775618741646,0.4263559349254533,0.0,0.016799382443732358,0.5624529772500368,0.4868293653312221,3,((Per(p=52)+RBF(l=1))+Per(p=7)),"[np.str_('+'), np.str_('+')]"
S1,Composite,0.9956266165533503,0.0,0.0,0.9999582914347152,0.9265088855614795,0.9908623765296866,3,((Lin(σ=1)*Per(p=365))+WN(σ=1)),"[np.str_('*'), np.str_('+')]"
S2,Seasonal,0.0,0.9962564736530525,0.0,0.34158403951992533,0.9992031007899558,0.787923530418978,1,Per(p=40),['None']
S2,Seasonal,0.21715436548042988,0.5413521952982068,0.0,0.12849669926192087,0.6941182052475674,0.43045332020009885,3,((Const(1)+Per(p=4))*Per(p=40)),"[np.str_('+'), np.str_('*')]"
S4,Trending,0.019003818417924423,0.23856100578680473,0.0,0.029135471810351365,0.527394308034542,0.40462385317407057,3,((RBF(l=0.1)+WN(σ=1))*Lin(σ=0)),"[np.str_('+'), np.str_('*')]"
S1,Composite,0.19903191708028067,0.9636973608829076,0.0,0.0,0.8046787802935774,0.0,5,((((Per(p=60)*Lin(σ=10))*Per(p=96))+Lin(σ=0))*Per(p=336)),"[np.str_('*'), np.str_('*'), np.str_('+'), np.str_('*')]"
S2,Seasonal,0.5417399614908163,0.9004778619793422,0.0,0.8848564729480585,0.976149622970498,0.8254418132431809,2,(Per(p=30)*Per(p=730)),[np.str_('*')]
S2,Seasonal,0.26998486671586475,0.37357187967603045,0.0,0.43626241394147613,0.6230601492721404,0.518146432478424,5,((((Per(p=14)+Per(p=26))+Per(p=6))*Per(p=40))+RQ(α=10)),"[np.str_('+'), np.str_('+'), np.str_('*'), np.str_('+')]"
S2,Seasonal,0.05859481585137072,0.29837758742450937,0.0,0.1274496153032464,0.47213078635589023,0.4194248814050614,4,(((WN(σ=1)*RBF(l=10))*Per(p=7))+RBF(l=1)),"[np.str_('*'), np.str_('*'), np.str_('+')]"
S2,Seasonal,0.0,0.7034598232424243,0.0,0.0,0.9414823400112999,0.8554501651798176,2,(Per(p=96)+Per(p=40)),[np.str_('+')]
S2,Seasonal,0.0,0.7839697557762839,0.0,0.022659740361612668,0.9524464918169498,0.8305808242996964,2,(Per(p=14)+Per(p=52)),[np.str_('+')]
S1,Composite,0.9999999969523019,0.9999999998672411,0.0,0.9999999980470621,0.9999999999149292,0.35920847542704015,2,(Lin(σ=1)*Per(p=30)),[np.str_('*')]
S2,Seasonal,0.0030227142299581455,0.990691661385457,0.0,0.07521938367880421,0.9965019152170723,0.624293610548984,1,Per(p=40),['None']
S1,Composite,0.8011343616505103,0.7011284259762165,0.0,0.8557145563355348,0.5600087637789125,0.0,3,((Per(p=365)+Per(p=48))*Lin(σ=10)),"[np.str_('+'), np.str_('*')]"
S2,Seasonal,0.05511152284213894,0.24516836361516137,0.0,0.06565232501332774,0.44844043330063854,0.3811359992513089,3,((Per(p=730)+Per(p=30))*RQ(α=0.1)),"[np.str_('+'), np.str_('*')]"
S1,Composite,0.006238836851999885,0.2599941934213136,0.0,0.25732674512414033,0.33262964026690456,0.134067627865897,5,((((WN(σ=1)+Const(1))+Per(p=6))*Per(p=7))*Lin(σ=0)),"[np.str_('+'), np.str_('+'), np.str_('*'), np.str_('*')]"
S2,Seasonal,0.020406366019711686,0.38848909804822596,0.0,0.0,0.62337518958713,0.5170817567470003,2,(Per(p=60)*Per(p=30)),[np.str_('*')]
S1,Composite,0.9982674929270833,0.08469049820917163,0.0,0.999967031791536,0.925320752843043,0.9810422159425551,3,((Lin(σ=10)+Per(p=365))+RBF(l=10)),"[np.str_('+'), np.str_('+')]"
S2,Seasonal,0.022737416200875882,0.3474723900463823,0.0,0.05657009563918891,0.6886493927193067,0.6067742226072068,3,((Per(p=12)*RBF(l=1))*Per(p=52)),"[np.str_('*'), np.str_('*')]"
S3,Stationary,0.03271812227319748,0.2075770868770056,0.0,0.10589453255465142,0.3872451493435959,0.4143676519557884,2,(RQ(α=0.1)*RBF(l=1)),[np.str_('*')]
S4,Trending,0.010152213031799806,0.2249917378418257,0.0,0.04549802464024866,0.5405396779332103,0.5777183066321903,4,(((Lin(σ=0)+RQ(α=0.1))*RQ(α=1))*RQ(α=10)),"[np.str_('+'), np.str_('*'), np.str_('*')]"
S2,Seasonal,0.10442160515216492,0.04943612915625317,0.0,0.3890761206568253,0.0775108366138989,0.21904680954168632,3,((Per(p=6)*RBF(l=1))*RBF(l=0.1)),"[np.str_('*'), np.str_('*')]"
S2,Seasonal,0.9950256636471437,0.9968587297384005,0.0,0.9998078859006674,0.999884002999743,0.9637350028924957,2,(Per(p=672)+Per(p=48)),[np.str_('+')]
S1,Composite,0.16190938778786856,0.08350008945668808,0.0,0.3949374218703323,0.19737372520340435,0.5747811818641007,5,((((Lin(σ=0)*RQ(α=1))*Per(p=10))+RQ(α=1))+WN(σ=1)),"[np.str_('*'), np.str_('*'), np.str_('+'), np.str_('+')]"
S4,Trending,0.9999004355472493,0.36020998402539084,0.0,0.9999730217606673,0.785616340434937,0.7291276687894492,2,(Lin(σ=1)+RQ(α=1)),[np.str_('+')]
S4,Trending,0.06770941126425767,0.15481871632622646,0.0,0.29475647079048484,0.29570501688649053,0.4347177740687376,3,((Lin(σ=1)*WN(σ=0.1))+WN(σ=1)),"[np.str_('*'), np.str_('+')]"
S2,Seasonal,0.02824028735785178,0.8468444568010416,0.0,0.18230089987499165,0.9412380510468883,0.6676621505601521,2,(Per(p=96)+Per(p=40)),[np.str_('+')]
S2,Seasonal,0.6542736021951181,0.895775217594579,0.0,0.979862334105105,0.997124614159845,0.9741057329636965,3,((Const(1)+Per(p=30))+Per(p=168)),"[np.str_('+'), np.str_('+')]"
S3,Stationary,0.05545941551830058,0.4574595165350521,0.0,0.0025644477200187366,0.013621865059162297,0.0,2,(RBF(l=10)+RBF(l=1)),[np.str_('+')]
S2,Seasonal,0.591146456191106,0.6996663772930947,0.0,0.747744527946802,0.9249427476677843,0.7646321498785176,4,(((WN(σ=0.1)+Per(p=96))+Per(p=48))*Const(1)),"[np.str_('+'), np.str_('+'), np.str_('*')]"
S2,Seasonal,0.19439668463577653,0.2647616765186189,0.0,0.4115500450324209,0.37141235051750243,0.3143105209668511,5,((((Per(p=52)+RQ(α=0.1))*Per(p=4))*Per(p=26))+RBF(l=0.1)),"[np.str_('+'), np.str_('*'), np.str_('*'), np.str_('+')]"
S2,Seasonal,0.1366513806425561,0.2135059206689217,0.0,0.21845782182841522,0.32665871979286776,0.2700898457715041,4,(((Per(p=60)*WN(σ=1))+RBF(l=1))*RBF(l=1)),"[np.str_('*'), np.str_('+'), np.str_('*')]"
S2,Seasonal,0.006557039282939603,0.3984373795443592,0.0,0.019013440962748707,0.6243521675713594,0.58563397812857,4,(((Per(p=14)+RBF(l=0.1))*Per(p=52))+Per(p=10)),"[np.str_('+'), np.str_('*'), np.str_('+')]"
S4,Trending,0.9999999995001156,0.11674846936937489,0.0,0.9999999996498986,0.18943277540654424,0.2996320780494134,1,Lin(σ=1),['None']
S1,Composite,0.30308623148779334,0.3915341447534847,0.0,0.344219284202704,0.5502392023625811,0.3239864111761819,4,(((Per(p=96)+RBF(l=0.1))+Per(p=48))*Lin(σ=10)),"[np.str_('+'), np.str_('+'), np.str_('*')]"
S1,Composite,0.3296268595717523,0.46315970834306186,0.0,0.4366822193791623,0.5833044429670848,0.35722322453786237,3,((Lin(σ=0)*Per(p=7))*Per(p=6)),"[np.str_('*'), np.str_('*')]"
S2,Seasonal,0.19397122653684773,0.9999934392598517,0.0,0.30115545428459056,0.9999955062768896,0.31506850303620726,1,Per(p=4),['None']
S1,Composite,0.9999844433560131,0.9890133518648639,0.0,0.9999976852154383,0.9983076144256445,0.8510038848841868,2,(Per(p=60)+Lin(σ=10)),[np.str_('+')]
S2,Seasonal,0.28306209319999576,0.5120799148187923,0.0,0.4259115907599438,0.6708926816878338,0.5017126138929229,3,((RBF(l=1)+Per(p=12))*Per(p=168)),"[np.str_('+'), np.str_('*')]"
S2,Seasonal,0.1387362515925019,0.1378693542641085,0.0,0.45636687555408684,0.24071469533504575,0.4038173097725274,5,((((Per(p=40)*RBF(l=0.1))*RBF(l=10))*WN(σ=1))*Per(p=4)),"[np.str_('*'), np.str_('*'), np.str_('*'), np.str_('*')]"
S2,Seasonal,0.05066483962681634,0.332749286945228,0.0,0.0993958330542144,0.4250490539692813,0.3967714072384739,2,(Per(p=24)*Per(p=40)),[np.str_('*')]
S1,Composite,0.9999318945494254,0.3357897750331571,0.0,0.999981006258922,0.6253352564653107,0.7211877002253831,5,((((Lin(σ=0)+Per(p=60))+RQ(α=1))+RQ(α=1))+Per(p=730)),"[np.str_('+'), np.str_('+'), np.str_('+'), np.str_('+')]"
S2,Seasonal,0.12285977622991029,0.7551912575452848,0.0,0.342204373586827,0.9503016680823341,0.834239240000838,4,(((Per(p=12)+RQ(α=10))*Per(p=60))+Per(p=60)),"[np.str_('+'), np.str_('*'), np.str_('+')]"
S1,Composite,0.9788000530261695,0.9580071427798542,0.0,0.9901206602071796,0.983187827439655,0.5467298151867006,2,(Lin(σ=10)*Per(p=48)),[np.str_('*')]
S2,Seasonal,0.31659776739591106,0.14977708538796253,0.0,0.5094642700360417,0.20279193622735914,0.268829423909107,5,((((RBF(l=0.1)*Per(p=30))+Const(1))*Per(p=336))*WN(σ=0.1)),"[np.str_('*'), np.str_('+'), np.str_('*'), np.str_('*')]"
S2,Seasonal,0.999952610144698,0.13547495095190876,0.0,0.9999926424828681,0.4539655545680975,0.8462025600342962,1,Per(p=730),['None']
S2,Seasonal,3.49591756488854e-05,0.6071992001428959,0.0,0.001415569570423325,0.682529634129504,0.1914227410569559,4,(((Per(p=168)+Per(p=6))*Per(p=7))+Const(1)),"[np.str_('+'), np.str_('*'), np.str_('+')]"
S4,Trending,0.9999999997447437,0.13449833561258862,0.0,0.9999999998210212,0.19774208367372037,0.298826603612769,2,(Lin(σ=0)*Const(1)),[np.str_('*')]
S2,Seasonal,0.31851404235251257,0.5400775031422891,0.0,0.40837694227100074,0.6576994675305962,0.33649104010945075,4,(((Per(p=672)*Per(p=730))+RQ(α=0.1))*Per(p=10)),"[np.str_('*'), np.str_('+'), np.str_('*')]"
S2,Seasonal,0.09868788403744055,0.2003228902025055,0.0,0.15218671530623573,0.4023464180457208,0.4212910532926506,4,(((Per(p=7)*RQ(α=0.1))+Per(p=40))*Per(p=10)),"[np.str_('*'), np.str_('+'), np.str_('*')]"
S2,Seasonal,0.9999436780633929,0.9998171008476548,0.0,0.9999929988846041,0.9999773823362709,0.8765284548231755,2,(Per(p=12)+Per(p=730)),[np.str_('+')]
S2,Seasonal,0.0490677034128848,0.9999886187639766,0.0,0.1535861773208178,0.9999921947015791,0.31424437545579487,1,Per(p=12),['None']
S1,Composite,0.9999999885265697,0.9999999992462577,0.0,0.999999992993828,0.999999999539736,0.3893616224367168,3,((Lin(σ=1)+Per(p=672))*Per(p=6)),"[np.str_('+'), np.str_('*')]"
S1,Composite,0.0,0.03692944000391041,0.0,0.3780127120002875,0.07521006180122314,0.3651917395096276,4,(((Lin(σ=0)*Per(p=40))*Per(p=48))*RBF(l=0.1)),"[np.str_('*'), np.str_('*'), np.str_('*')]"
S2,Seasonal,0.6915987436689699,0.5070305949063383,0.0,0.8707869778876978,0.7654858491126975,0.7054447671400821,5,((((Per(p=12)*Per(p=48))*Const(1))+RQ(α=10))+Per(p=336)),"[np.str_('*'), np.str_('*'), np.str_('+'), np.str_('+')]"
S3,Stationary,0.2249626252516136,0.10719889929829751,0.0,0.46880900048166785,0.1401144264816191,0.2333778811996674,1,Const(1),['None']
S2,Seasonal,0.1823110320428466,0.1447317262059049,0.0,0.2744349036512621,0.30669257695849883,0.5499181499522794,2,(Per(p=26)+RBF(l=1)),[np.str_('+')]
S1,Composite,0.9999729182678786,0.6930587423148642,0.0,0.9999886370324035,0.8349824471918338,0.5800344803886202,4,(((Lin(σ=1)+Per(p=60))+Per(p=52))+Per(p=10)),"[np.str_('+'), np.str_('+'), np.str_('+')]"
S2,Seasonal,0.9999787154495796,0.9999772527976045,0.0,0.9999927314502091,0.9999922683982054,0.6601012206995103,3,((Per(p=14)+Per(p=672))+Const(1)),"[np.str_('+'), np.str_('+')]"
S2,Seasonal,0.16918999718054772,0.09899889464071798,0.0,0.43446839262709436,0.1528340379939519,0.2777808749519032,2,(Per(p=24)*WN(σ=1)),[np.str_('*')]
S2,Seasonal,0.15349335531389918,0.012082521243208966,0.0,0.007843907181370624,0.14084697557225634,0.3504027157666093,1,Per(p=60),['None']
S3,Stationary,0.1246482075924662,0.19379258379543052,0.0,0.35720819047572006,0.3062873936450464,0.3560751441516504,1,WN(σ=0.1),['None']
S2,Seasonal,0.5080581240996105,0.0,0.0,0.8435381653983967,0.6844946159530528,0.8962238477379783,2,(Per(p=365)*RBF(l=10)),[np.str_('*')]
S2,Seasonal,0.0,0.6464914756317114,0.0,0.004670529519329891,0.6480272987360828,0.04429720307563645,2,(Per(p=7)+Per(p=48)),[np.str_('+')]
S1,Composite,0.9964818762279156,0.9980551250704991,0.0,0.8421244873050973,0.9058832333464292,0.0,3,((Per(p=168)*Lin(σ=1))+Per(p=6)),"[np.str_('*'), np.str_('+')]"
S3,Stationary,0.17434189189848814,0.26459815401849485,0.0,0.2184997989950147,0.3864678041218952,0.33126716061325545,1,RQ(α=0.1),['None']
S1,Composite,0.9999978645229958,0.7967376277539334,0.0,0.9999989983051972,0.88626282265114,0.5311211633006088,4,(((WN(σ=0.1)+Per(p=730))+Lin(σ=1))+Per(p=96)),"[np.str_('+'), np.str_('+'), np.str_('+')]"
S2,Seasonal,0.22380747512536536,0.21910223935777884,0.0,0.3145077308684966,0.4448933044026576,0.5834802516279844,3,((Per(p=48)+Per(p=12))*RQ(α=1)),"[np.str_('+'), np.str_('*')]"
S4,Trending,0.999933641453082,0.20849923018590832,0.0,0.9999606998592576,0.36513119019849216,0.40753101468103714,3,((Const(1)+RBF(l=0.1))+Lin(σ=1)),"[np.str_('+'), np.str_('+')]"
S2,Seasonal,0.32326407017977954,0.3675238723192711,0.0,0.5071437300683408,0.6163754483482822,0.6690563898564423,3,((RQ(α=1)+RBF(l=10))*Per(p=12)),"[np.str_('+'), np.str_('*')]"
S4,Trending,0.9999744977190111,0.0,0.0,0.9999735055667568,0.0,0.0,1,Lin(σ=10),['None']
S4,Trending,0.01693214265395704,0.19715642071262207,0.0,0.06719713652546655,0.4648500975868235,0.5839853462228443,3,((WN(σ=0.1)+RBF(l=1))*Lin(σ=1)),"[np.str_('+'), np.str_('*')]"
S2,Seasonal,0.9977038238673281,0.997348489428794,0.0,0.9999240749184334,0.9999141494018677,0.96863779137439,2,(Per(p=672)+Per(p=52)),[np.str_('+')]
S2,Seasonal,0.7489617309483081,0.21441925970710973,0.0,0.8605657439156161,0.407583622845042,0.5787883776000579,5,((((RBF(l=1)+Per(p=365))+Per(p=96))+Per(p=672))+Per(p=672)),"[np.str_('+'), np.str_('+'), np.str_('+'), np.str_('+')]"
S1,Composite,0.9994561637843974,0.0,0.0,0.9999707564451791,0.8363566129156235,0.947281204058107,2,(Per(p=672)*Lin(σ=10)),[np.str_('*')]
S1,Composite,0.9999923168573396,0.06953730792538548,0.0,0.9999935937341957,0.08464741885306792,0.16624013745761035,3,((Per(p=365)+Lin(σ=10))+Per(p=14)),"[np.str_('+'), np.str_('+')]"
S2,Seasonal,0.05661730952171995,0.9999781475022209,0.0,0.04611212347471749,0.9999851010397139,0.31774407266503757,1,Per(p=24),['None']
S2,Seasonal,0.9984649409178132,0.9998708350382062,0.0,0.9994947113860025,0.9999570374802477,0.6696673821459738,2,(Per(p=10)*Per(p=730)),[np.str_('*')]
S2,Seasonal,0.05448817182869159,0.33255097518000976,0.0,0.15571893988922791,0.47554841920795377,0.47355867521300155,2,(RBF(l=1)*Per(p=672)),[np.str_('*')]
S2,Seasonal,0.11815708648717316,0.42008014715498276,0.0,0.1779242634540178,0.7108596237964968,0.6604909740884285,4,(((RQ(α=0.1)*Per(p=10))*Per(p=7))+RBF(l=10)),"[np.str_('*'), np.str_('*'), np.str_('+')]"
S2,Seasonal,0.947989046608421,0.9896276246749518,0.0,0.9885321560238185,0.9983031406160776,0.8376143233511207,2,(Per(p=7)+Per(p=60)),[np.str_('+')]
S2,Seasonal,0.6487540442980082,0.0,0.0,0.9647688608387355,0.3707893292636304,0.9156600082105004,2,(Per(p=730)+RBF(l=10)),[np.str_('+')]
S2,Seasonal,0.41731385634044216,0.6522604972322269,0.0,0.3377770491132104,0.7957675064463752,0.4843140418230537,3,((Per(p=7)+Per(p=14))+WN(σ=0.1)),"[np.str_('+'), np.str_('+')]"
S2,Seasonal,0.9958323313520165,0.9992268559223938,0.0,0.9990851786967628,0.9998415247328917,0.7953138636071153,2,(Per(p=7)+Per(p=96)),[np.str_('+')]
S2,Seasonal,0.9231630387146222,0.7296634314096524,0.0,0.9293703729747622,0.6624893948205719,0.0,2,(Per(p=672)+Per(p=26)),[np.str_('+')]
S2,Seasonal,0.21686062176440124,0.3908362633838488,0.0,0.36485402235281306,0.5952064112154793,0.48128658085281417,5,((((Per(p=730)*RBF(l=0.1))+Per(p=26))+Per(p=365))+RBF(l=1)),"[np.str_('*'), np.str_('+'), np.str_('+'), np.str_('+')]"
S2,Seasonal,0.23336768907003824,0.5557169718324932,0.0,0.3705112636504745,0.7140236078635215,0.49039669878974657,2,(Per(p=12)+RBF(l=1)),[np.str_('+')]
S2,Seasonal,0.0645117566480331,0.5248856824731494,0.0,0.14463383638192184,0.7702335528438379,0.6708733915510081,2,(Per(p=48)+RQ(α=1)),[np.str_('+')]
S2,Seasonal,0.2276141520082906,0.2006134996032658,0.0,0.5459985669032013,0.2361312483316278,0.18874472795434127,5,((((Per(p=672)+Per(p=10))+RQ(α=1))+RBF(l=0.1))*Per(p=4)),"[np.str_('+'), np.str_('+'), np.str_('+'), np.str_('*')]"
S1,Composite,0.9998991600853532,0.6059966574695792,0.0,0.9999311401080035,0.6895867312361462,0.317576088342167,4,(((Per(p=6)+Per(p=96))+Lin(σ=10))+WN(σ=1)),"[np.str_('+'), np.str_('+'), np.str_('+')]"
S1,Composite,0.9997310905745525,0.9998849294446406,0.0,0.9997725922958862,0.9999030286782157,0.15730885267225747,5,((((Per(p=672)+Per(p=4))+Lin(σ=0))*Per(p=365))*Per(p=4)),"[np.str_('+'), np.str_('+'), np.str_('*'), np.str_('*')]"
S2,Seasonal,0.19477870123068874,0.4950042402012578,0.0,0.28775612024798924,0.7650516653603675,0.7595382456733653,2,(Per(p=24)*Per(p=48)),[np.str_('*')]
S1,Composite,0.9999999989322558,0.9998996202507041,0.0,0.9999999998439832,0.9999853256748662,0.8538810089072352,3,((Per(p=6)+Lin(σ=10))+Per(p=168)),"[np.str_('+'), np.str_('+')]"
S2,Seasonal,0.8478241187857025,0.46428590697757255,0.0,0.9873609873706859,0.9400000105923546,0.9476995659547139,2,(Per(p=730)+Per(p=48)),[np.str_('+')]
S2,Seasonal,0.429636282657361,0.5717296078047269,0.0,0.5873932810157826,0.8096162885650899,0.6603681273837012,5,((((RBF(l=1)*Const(1))*Per(p=96))+Per(p=26))+RQ(α=10)),"[np.str_('*'), np.str_('*'), np.str_('+'), np.str_('+')]"
S1,Composite,0.9939712302781795,0.7406422238510311,0.0,0.9984908693585837,0.9311026007833172,0.7550976986684151,5,((((Per(p=96)+Per(p=730))+Per(p=12))*Per(p=12))+Lin(σ=1)),"[np.str_('+'), np.str_('+'), np.str_('*'), np.str_('+')]"
S2,Seasonal,0.6343589675374478,0.9111276597860101,0.0,0.5887665041213981,0.9596364034006225,0.568555558076686,1,Per(p=24),['None']
S3,Stationary,0.1326032900170252,0.21647679497003558,0.0,0.27419732343098835,0.3025267053505032,0.2831183384286823,1,Const(1),['None']
S2,Seasonal,0.1155950249476757,0.9999674067484439,0.0,0.2134723412334093,0.9999756520621335,0.2526943195276634,1,Per(p=6),['None']
S2,Seasonal,0.3423975526365909,0.1752186612153962,0.0,0.5826915464821506,0.48146692530512236,0.7358673759193581,5,((((RBF(l=10)+Per(p=6))+Per(p=14))*RQ(α=10))*Per(p=168)),"[np.str_('+'), np.str_('+'), np.str_('*'), np.str_('*')]"
S1,Composite,0.08429999608352512,0.30775085332424446,0.0,0.40334127379910034,0.8454780225490126,0.9139382129677331,4,(((RQ(α=10)+Per(p=365))*Per(p=52))*Lin(σ=1)),"[np.str_('+'), np.str_('*'), np.str_('*')]"
S1,Composite,0.9997707186119773,0.3650503928968367,0.0,0.9999922426054508,0.95767208808451,0.9661967315609241,2,(Per(p=40)+Lin(σ=0)),[np.str_('+')]
S2,Seasonal,0.14861057459227323,0.2594908855244349,0.0,0.216886113962109,0.4491452394457387,0.4818613192940685,2,(Per(p=30)+RBF(l=0.1)),[np.str_('+')]
S2,Seasonal,0.9564544527055134,0.9889267331241475,0.0,0.9739830009863443,0.9941312043367713,0.48265144132422344,2,(Per(p=40)+Per(p=365)),[np.str_('+')]
S1,Composite,0.0,0.0,0.0,0.3435909764889299,0.0,0.3916806033720571,5,((((Lin(σ=0)*RBF(l=0.1))+Per(p=6))*WN(σ=1))*Lin(σ=0)),"[np.str_('*'), np.str_('+'), np.str_('*'), np.str_('*')]"
S2,Seasonal,0.01677633025232461,0.6994518660736134,0.0,0.13268982476485336,0.8682518621814304,0.6036746449596501,3,((Per(p=12)*Per(p=24))+Per(p=12)),"[np.str_('*'), np.str_('+')]"
S2,Seasonal,0.895555131353936,0.9292532381949704,0.0,0.959952961447896,0.968938345935589,0.6260554987562832,2,(Per(p=365)*Per(p=24)),[np.str_('*')]
S2,Seasonal,0.025747795837693932,0.6478273847918475,0.0,0.04097252129886364,0.757859994942725,0.3944428181480347,3,((Per(p=4)*WN(σ=0.1))+Per(p=40)),"[np.str_('*'), np.str_('+')]"
S4,Trending,0.9999998764316497,0.4808985462032517,0.0,0.9999999285018665,0.10818546300355036,0.42143947401338355,3,((Lin(σ=0)*Lin(σ=1))+Lin(σ=10)),"[np.str_('*'), np.str_('+')]"
S2,Seasonal,0.16952251199510737,0.09887441097529492,0.0,0.4557166128152831,0.1280807653701055,0.22999829525684967,3,((Per(p=168)+RBF(l=10))*WN(σ=1)),"[np.str_('+'), np.str_('*')]"
S2,Seasonal,0.6183379963387865,0.8912002241641376,0.0,0.20028349455757477,0.45665285266370303,0.0,3,((Per(p=730)*Const(1))*Per(p=168)),"[np.str_('*'), np.str_('*')]"
S1,Composite,0.999814540287109,0.12775113564608287,0.0,0.9998590781087358,0.163054712237238,0.24048546364102918,5,((((Per(p=336)*RQ(α=0.1))*RBF(l=0.1))+Lin(σ=0))+Lin(σ=10)),"[np.str_('*'), np.str_('*'), np.str_('+'), np.str_('+')]"
S2,Seasonal,0.14423911751747298,0.14411028710536167,0.0,0.47610526666687913,0.23600130850694656,0.42037159778293465,4,(((Per(p=365)*Per(p=52))+Per(p=672))*WN(σ=1)),"[np.str_('*'), np.str_('+'), np.str_('*')]"
S2,Seasonal,0.0,0.8008914399048849,0.0,0.0,0.8800448477763527,0.32919918745479493,1,Per(p=96),['None']
S2,Seasonal,0.7620467518836048,0.35224291764989657,0.0,0.8524945525188443,0.37988741122536607,0.5019914368331293,2,(Per(p=730)+Per(p=48)),[np.str_('+')]
S2,Seasonal,0.36926458822401986,0.4870681378048819,0.0,0.6601742077424535,0.7957561809733265,0.7701178957311199,5,((((Per(p=14)+Per(p=24))*Per(p=96))+Per(p=672))+Const(1)),"[np.str_('+'), np.str_('*'), np.str_('+'), np.str_('+')]"
S2,Seasonal,0.14683253660715767,0.17026405706899805,0.0,0.3060766939187676,0.2855020073486103,0.3869349599014108,5,((((RBF(l=1)*Per(p=48))*Per(p=365))*Per(p=730))+WN(σ=1)),"[np.str_('*'), np.str_('*'), np.str_('*'), np.str_('+')]"
S2,Seasonal,0.0,0.6747992102914759,0.0,0.019308753687250824,0.9131330914525176,0.8135205791241261,2,(Per(p=40)+Per(p=30)),[np.str_('+')]
S2,Seasonal,0.07814744630638815,0.2079441509597839,0.0,0.18288675003196297,0.2886819977812214,0.23370853849681616,4,(((Per(p=730)*WN(σ=1))*Per(p=12))*Per(p=10)),"[np.str_('*'), np.str_('*'), np.str_('*')]"
S2,Seasonal,0.015831857231967006,0.36290479498259276,0.0,0.06192018982614489,0.5389991462392065,0.4783133667676467,3,((RBF(l=0.1)+Per(p=24))+Per(p=40)),"[np.str_('+'), np.str_('+')]"
S2,Seasonal,0.22627876993511442,0.3426870752229825,0.0,0.393742212291886,0.4547545089936389,0.3891557590865474,5,((((Per(p=7)*Per(p=672))*RQ(α=0.1))*Per(p=96))+Per(p=4)),"[np.str_('*'), np.str_('*'), np.str_('*'), np.str_('+')]"
S2,Seasonal,0.983340307899225,0.9850471338490937,0.0,0.9964225198273298,0.997055592888398,0.8054947545755938,5,((((Per(p=6)+Per(p=168))+Per(p=52))*Per(p=730))+Per(p=336)),"[np.str_('+'), np.str_('+'), np.str_('*'), np.str_('+')]"
S2,Seasonal,0.35881470907990387,0.5104785550165438,0.0,0.47533023709276045,0.6829040742478545,0.630761024768737,5,((((Per(p=168)*Per(p=48))*RQ(α=10))+Const(1))*Per(p=12)),"[np.str_('*'), np.str_('*'), np.str_('+'), np.str_('*')]"
S1,Composite,0.9999992918094125,0.9999999696437227,0.0,0.9999995036596911,0.9999999787248411,0.29915630358958445,3,((Per(p=336)+Lin(σ=10))*Per(p=7)),"[np.str_('+'), np.str_('*')]"
S2,Seasonal,0.6288375652936226,0.908810873833373,0.0,0.7211462538874989,0.972777273298676,0.7174982176895492,2,(Per(p=10)+Per(p=40)),[np.str_('+')]
S2,Seasonal,0.30337688936838414,0.2812255782823865,0.0,0.4193331117824576,0.41469944274477566,0.41151486814431315,3,((RQ(α=0.1)+Per(p=40))*Per(p=6)),"[np.str_('+'), np.str_('*')]"
S2,Seasonal,0.5568214824114608,0.6250036390559827,0.0,0.5245441806477418,0.6807526319591133,0.15654464791377976,5,((((RBF(l=1)+Per(p=365))*Per(p=4))+Per(p=6))+Per(p=52)),"[np.str_('+'), np.str_('*'), np.str_('+'), np.str_('+')]"
S2,Seasonal,0.7018074098218507,0.23589646775813433,0.0,0.8909797837588107,0.4423295623201128,0.6919917528125543,4,(((Per(p=10)*RQ(α=10))+Per(p=365))+Per(p=30)),"[np.str_('*'), np.str_('+'), np.str_('+')]"
S3,Stationary,0.11985401682310248,0.11154482061607285,0.0,0.30339787636279225,0.19623990298176586,0.33575868307598933,2,(RQ(α=10)*RBF(l=0.1)),[np.str_('*')]
S2,Seasonal,0.1423872977747278,0.766029344010484,0.0,0.10198066504023795,0.7165694548917827,0.2061122768690955,1,Per(p=672),['None']
S2,Seasonal,0.11831000825678173,0.5320530678465942,0.0,0.1363419623261476,0.74620368984324,0.5694547921647615,2,(Per(p=30)+RBF(l=1)),[np.str_('+')]
S2,Seasonal,0.48333586762299396,0.6146543103537981,0.0,0.6178508476653068,0.7129951530011704,0.35560508343273,4,(((Per(p=40)*Per(p=48))+RBF(l=0.1))+Per(p=4)),"[np.str_('*'), np.str_('+'), np.str_('+')]"
S3,Stationary,0.18341552257150662,0.16774691091364247,0.0,0.3451012306795864,0.2599222053703564,0.3097874005562079,1,RBF(l=0.1),['None']
S2,Seasonal,0.5526980073855086,0.3664128947551848,0.0,0.7600464415808494,0.7514344058274501,0.736693137194401,4,(((Per(p=40)+Per(p=336))*RQ(α=10))+Per(p=30)),"[np.str_('+'), np.str_('*'), np.str_('+')]"
S1,Composite,0.2234989717193011,0.08837125813930546,0.0,0.4354217901476498,0.219354528014292,0.3451359888164872,5,((((Per(p=6)*Per(p=60))*Per(p=7))*Per(p=40))*Lin(σ=0)),"[np.str_('*'), np.str_('*'), np.str_('*'), np.str_('*')]"
S2,Seasonal,0.2764570766791121,0.5387776194801249,0.0,0.41202395332267405,0.6882319736417228,0.4931411796771986,3,((RBF(l=1)+Per(p=730))*Per(p=7)),"[np.str_('+'), np.str_('*')]"
S2,Seasonal,0.04519139493891078,0.9240894024786817,0.0,0.09691165743040431,0.9559708110808621,0.415452962439569,3,((WN(σ=0.1)*RBF(l=10))+Per(p=26)),"[np.str_('*'), np.str_('+')]"
S2,Seasonal,0.4107689031805014,0.4941263014079227,0.0,0.49003117186622813,0.4976973427460233,0.27825707220235596,2,(Per(p=96)*Per(p=7)),[np.str_('*')]
S1,Composite,0.012754476539159731,0.060234842737899474,0.0,0.11272520975861444,0.38642300935548324,0.4523289465239534,5,((((Lin(σ=1)*Per(p=6))*Per(p=730))*Per(p=24))*RQ(α=0.1)),"[np.str_('*'), np.str_('*'), np.str_('*'), np.str_('*')]"
S1,Composite,0.9996103023398477,0.0932596011213368,0.0,0.999727036079191,0.18821735686408625,0.29844914159473845,3,((WN(σ=1)*Per(p=730))+Lin(σ=0)),"[np.str_('*'), np.str_('+')]"
S1,Composite,0.9999837020096902,0.9999771780093791,0.0,0.9999891281677542,0.9999847810268602,0.3328506871724006,3,((Lin(σ=1)*Per(p=6))+WN(σ=1)),"[np.str_('*'), np.str_('+')]"
S2,Seasonal,0.060331110904795815,0.9999898261844316,0.0,0.03204448042936292,0.9999930990932107,0.3217541726624643,1,Per(p=26),['None']
S4,Trending,0.9999791406823475,0.0,0.0,0.9999668523034505,0.0,0.0,1,Lin(σ=1),['None']
S2,Seasonal,0.04793427969553188,0.13653233490666983,0.0,0.27132373020037714,0.6541997163042488,0.713964642234796,5,((((RBF(l=10)*RBF(l=0.1))+Per(p=12))+Per(p=6))+RBF(l=10)),"[np.str_('*'), np.str_('+'), np.str_('+'), np.str_('+')]"
S2,Seasonal,0.6568243656078054,0.9676126083051914,0.0,0.7972736311466411,0.9847867111245223,0.5422930303223861,3,((Per(p=24)*Per(p=26))+Per(p=24)),"[np.str_('*'), np.str_('+')]"
S2,Seasonal,0.40366530320554417,0.9120381885392856,0.0,0.2020399798916359,0.6987309295123514,0.0,3,((RQ(α=1)+Per(p=30))+Per(p=365)),"[np.str_('+'), np.str_('+')]"
S3,Stationary,0.22689965303400583,0.2272510064753186,0.0,0.4129795636026954,0.4016846884906424,0.4427446309894315,2,(RQ(α=1)+RBF(l=0.1)),[np.str_('+')]
S2,Seasonal,0.6526335161402465,0.8510093536409232,0.0,0.6772794462089411,0.9451199440001465,0.6673762886430952,2,(Per(p=24)+Per(p=48)),[np.str_('+')]
S2,Seasonal,0.18041157058022872,0.10449292043056246,0.0,0.5131396069698148,0.1388383716706203,0.24931976391395272,2,(Per(p=4)*RBF(l=0.1)),[np.str_('*')]
S2,Seasonal,0.8748906237124645,0.7121037168512165,0.0,0.9667853895743982,0.9266780929211548,0.8035622555843231,2,(Per(p=6)+RQ(α=10)),[np.str_('+')]
S2,Seasonal,0.11787757801486443,0.2755928477709818,0.0,0.20039338528765605,0.3606000700119433,0.29325943978040536,4,(((WN(σ=1)+RBF(l=0.1))+Per(p=12))*RBF(l=0.1)),"[np.str_('+'), np.str_('+'), np.str_('*')]"
S2,Seasonal,0.05414152224629554,0.9999906598404424,0.0,0.21320103768077758,0.9999934936590666,0.30366667939993375,1,Per(p=10),['None']
S2,Seasonal,0.2849924947629644,0.7048739000334354,0.0,0.1406853234004285,0.9134636108579124,0.6437876643028377,1,Per(p=60),['None']
S2,Seasonal,0.6500481025566041,0.6406370427495797,0.0,0.8740793445343975,0.9232461614331392,0.8286713892359635,3,((RQ(α=10)+Per(p=48))+Per(p=10)),"[np.str_('+'), np.str_('+')]"
S2,Seasonal,0.6505406335203691,0.9642699656503995,0.0,0.8684638036801029,0.9966191991974547,0.9041411463604649,1,Per(p=52),['None']
S2,Seasonal,0.16907859040897855,0.1322428934546288,0.0,0.24729939056751105,0.2726760579958347,0.49026270765182733,3,((RBF(l=0.1)+Per(p=365))+RBF(l=1)),"[np.str_('+'), np.str_('+')]"
S1,Composite,0.9999999970328752,0.9999999998924833,0.0,0.999999997683471,0.9999999999160587,0.21927034571491721,2,(Per(p=7)*Lin(σ=10)),[np.str_('*')]
S2,Seasonal,0.04065395028977281,0.999986318935379,0.0,0.07134503238767154,0.9999911526489398,0.3532453340523688,1,Per(p=24),['None']
S1,Composite,0.3712051059770406,0.43517506396596306,0.0,0.0896588377328521,0.11044775085052316,0.0,5,((((Per(p=52)+Per(p=365))*Per(p=730))*Lin(σ=0))+Lin(σ=1)),"[np.str_('+'), np.str_('*'), np.str_('*'), np.str_('+')]"
S1,Composite,0.9999995600947367,0.6126322313819808,0.0,0.999999548814235,0.6067060005480226,0.0,2,(Lin(σ=1)+Per(p=7)),[np.str_('+')]
S3,Stationary,0.1540411730020219,0.3360559797893117,0.0,0.5084879126077364,0.8559664948268816,0.860371673843705,1,RQ(α=10),['None']
S2,Seasonal,0.18347668954715846,0.9999811409324278,0.0,0.37272838226682514,0.9999865380445636,0.2862118556546047,1,Per(p=4),['None']
S2,Seasonal,0.14546828929905709,0.2574743882275615,0.0,0.3137774048051237,0.4189775634743169,0.3815551010871784,5,((((WN(σ=1)*RQ(α=0.1))*RBF(l=1))+RQ(α=0.1))+Per(p=7)),"[np.str_('*'), np.str_('*'), np.str_('+'), np.str_('+')]"
S2,Seasonal,0.44326659230671706,0.6520313484930443,0.0,0.5128068053948922,0.7751051936390766,0.5089364050896794,2,(RQ(α=1)+Per(p=10)),[np.str_('+')]
S2,Seasonal,0.005918384319786196,0.4942622135990238,0.0,0.2438166715004888,0.913951291844288,0.8351225015295857,3,((Per(p=24)+Per(p=60))*Per(p=168)),"[np.str_('+'), np.str_('*')]"
S1,Composite,0.48975110519086396,0.6938557169118976,0.0,0.8314122544727491,0.9614331419720634,0.8556628442211864,3,((Lin(σ=1)*Lin(σ=1))*Per(p=60)),"[np.str_('*'), np.str_('*')]"
S4,Trending,0.9999819521402693,0.16009358134572504,0.0,0.9999890737964865,0.2590609398115673,0.3939203243897994,3,((RBF(l=10)*WN(σ=0.1))+Lin(σ=10)),"[np.str_('*'), np.str_('+')]"
S2,Seasonal,0.36559669545857143,0.6003286207363201,0.0,0.3353683788320607,0.6669377925797185,0.21726021128948458,3,((Per(p=14)*Per(p=672))+Per(p=168)),"[np.str_('*'), np.str_('+')]"
S2,Seasonal,0.9999576268984008,0.10620468654036819,0.0,0.9999962554377505,0.4958631949708704,0.9124687892446517,1,Per(p=672),['None']
S2,Seasonal,0.25926026288323756,0.7174075598515419,0.0,0.038125281217528895,0.769743495261081,0.25132497173786916,1,Per(p=24),['None']
S2,Seasonal,0.07633840813856207,0.1375630612467741,0.0,0.18382246291642346,0.2526421757984886,0.2613789122905734,5,((((Per(p=26)+Per(p=730))*Per(p=40))+Per(p=336))*RBF(l=0.1)),"[np.str_('+'), np.str_('*'), np.str_('+'), np.str_('*')]"
S2,Seasonal,0.8456809955975019,0.8550690253735943,0.0,0.9683408375646773,0.9808040678433259,0.8683983054226639,5,((((Per(p=730)+Per(p=168))+Per(p=96))*Per(p=730))+Per(p=30)),"[np.str_('+'), np.str_('+'), np.str_('*'), np.str_('+')]"
S1,Composite,0.2739598077031764,0.9050365862116837,0.0,0.3909513411793726,0.8640052710464149,0.0,5,((((Per(p=6)*Lin(σ=1))*Per(p=365))*Per(p=48))*Per(p=730)),"[np.str_('*'), np.str_('*'), np.str_('*'), np.str_('*')]"
S1,Composite,0.9971509081742196,0.0,0.0,0.9981983325228264,0.0,0.3481950683046814,3,((Lin(σ=1)+Per(p=10))*Lin(σ=10)),"[np.str_('+'), np.str_('*')]"
S1,Composite,0.8964072487256475,0.15281577572279648,0.0,0.9473609289804408,0.6476855534281463,0.47110533492421636,5,((((Per(p=4)+Lin(σ=1))*Per(p=24))+WN(σ=1))*Const(1)),"[np.str_('+'), np.str_('*'), np.str_('+'), np.str_('*')]"
S2,Seasonal,0.16113223571167068,0.9999897296486197,0.0,0.3531444227233199,0.9999925145844291,0.27111368063248986,1,Per(p=4),['None']
S1,Composite,0.04045623753993133,0.32403557362399993,0.0,0.06641005817143553,0.5904024653015227,0.5780486739336219,5,((((Per(p=96)*Per(p=6))+Per(p=10))*Lin(σ=10))*Per(p=26)),"[np.str_('*'), np.str_('+'), np.str_('*'), np.str_('*')]"
S4,Trending,0.9999672805984611,0.16886905577881417,0.0,0.9999777763063353,0.2569892049558775,0.32066241725888345,2,(Lin(σ=0)+WN(σ=1)),[np.str_('+')]
S2,Seasonal,0.3832007944075626,0.8364819398624068,0.0,0.4337497132962237,0.8787993551132238,0.29979773016632305,5,((((Per(p=7)*Per(p=365))*Const(1))*Per(p=4))+Per(p=14)),"[np.str_('*'), np.str_('*'), np.str_('*'), np.str_('+')]"
S1,Composite,0.9999931023071459,0.22150008717585512,0.0,0.9999960285538998,0.36529169286019714,0.42430059300443146,4,(((Per(p=7)*Per(p=14))*RBF(l=1))+Lin(σ=10)),"[np.str_('*'), np.str_('*'), np.str_('+')]"
S2,Seasonal,0.055025946666410364,0.45580329208772874,0.0,0.014684498381342115,0.0,0.0,3,((Per(p=24)+RBF(l=1))+Per(p=365)),"[np.str_('+'), np.str_('+')]"
S2,Seasonal,0.3615321183931499,0.2784150057205742,0.0,0.41028031559341815,0.4134524187665146,0.4621007121945213,2,(Per(p=7)*Per(p=48)),[np.str_('*')]
S2,Seasonal,0.11328588514312832,0.279640261003092,0.0,0.18978814954471657,0.38294964882855487,0.3151537640044241,3,((WN(σ=1)*Per(p=365))*Per(p=26)),"[np.str_('*'), np.str_('*')]"
S3,Stationary,0.20943176680027853,0.1705718571613667,0.0,0.3226906702016926,0.4117350568150321,0.5625407648930723,2,(RQ(α=1)+RBF(l=1)),[np.str_('+')]
S2,Seasonal,0.15966129604838275,0.32481418859158795,0.0,0.3901718905951459,0.6716610675015017,0.6945125481089307,5,((((Per(p=6)+Per(p=26))+RBF(l=10))*RQ(α=10))*RBF(l=10)),"[np.str_('+'), np.str_('+'), np.str_('*'), np.str_('*')]"
S2,Seasonal,0.9476877237668682,0.9667526644904277,0.0,0.9507563878646159,0.971035385852455,0.13341142495590352,3,((Per(p=6)+Per(p=24))+Per(p=168)),"[np.str_('+'), np.str_('+')]"
S2,Seasonal,0.0,0.6836866824172058,0.0,0.2958031757571258,0.8875873493190414,0.7619930017083587,1,Per(p=96),['None']
S2,Seasonal,0.0,0.3701209413181257,0.0,0.05693405587124856,0.6930813267451721,0.7180947034755603,2,(Per(p=40)*Per(p=26)),[np.str_('*')]
S1,Composite,0.1691239076112797,0.2010622880384002,0.0,0.261752865307029,0.361701912814832,0.4536425936890104,3,((Per(p=48)*Lin(σ=0))*RBF(l=1)),"[np.str_('*'), np.str_('*')]"
S2,Seasonal,0.837079967191145,0.7286482960220818,0.0,0.9560629128069398,0.9458976522970803,0.840874372424204,3,((Per(p=60)+Per(p=365))+Per(p=365)),"[np.str_('+'), np.str_('+')]"
S2,Seasonal,0.07242212697780237,0.7094512565145339,0.0,0.20736935711954385,0.9209018929638849,0.6820570133994106,4,(((Per(p=52)+Per(p=12))+Const(1))*Per(p=30)),"[np.str_('+'), np.str_('+'), np.str_('*')]"
S2,Seasonal,0.011461501813357478,0.8927904539945161,0.0,0.005077862711723502,0.9005355438294479,0.34342409753302094,2,(Per(p=60)*Per(p=168)),[np.str_('*')]
S2,Seasonal,0.07891770115937158,0.37528031739535506,0.0,0.0,0.5000310151249575,0.0,3,((Per(p=336)*Per(p=4))+RBF(l=10)),"[np.str_('*'), np.str_('+')]"
S1,Composite,0.005674751324801108,0.13657966821027578,0.0,0.04119992144709228,0.4115190532982541,0.34556923358958125,4,(((RQ(α=0.1)*Lin(σ=10))*Per(p=60))*RQ(α=1)),"[np.str_('*'), np.str_('*'), np.str_('*')]"
S3,Stationary,0.28574879284015275,0.24771572158301292,0.0,0.3590678810708744,0.3580200504040151,0.5147682968738184,2,(Const(1)+RQ(α=1)),[np.str_('+')]
S2,Seasonal,0.2197273341613697,0.3291861969019312,0.0,0.3736075199559523,0.5770309445468242,0.6727008464929621,4,(((Per(p=168)*RBF(l=1))+Per(p=12))+RQ(α=1)),"[np.str_('*'), np.str_('+'), np.str_('+')]"
S2,Seasonal,0.06013287973726367,0.9999822769851281,0.0,0.22447098718648195,0.9999867522151125,0.25228269891122446,1,Per(p=7),['None']
S3,Stationary,0.1259869191843297,0.13983656140187772,0.0,0.3659959898897778,0.24888555316678485,0.33251542703366566,1,WN(σ=1),['None']
S2,Seasonal,0.6739034189126207,0.9440789513286479,0.0,0.7166560600173286,0.9846453969983822,0.7340428358266948,1,Per(p=40),['None']
S2,Seasonal,0.008824058314100047,0.7894340630882947,0.0,0.009179462300149654,0.9148045468363036,0.6575502966261855,2,(Per(p=14)+Per(p=96)),[np.str_('+')]
S3,Stationary,0.24566010764830915,0.15759938172034793,0.0,0.4683058603263798,0.19502387403141763,0.20657890679952085,1,RBF(l=0.1),['None']
S2,Seasonal,0.36411841056040795,0.33832137884880176,0.0,0.5214796748295558,0.5700346921612405,0.6425721308788342,2,(RQ(α=1)+Per(p=30)),[np.str_('+')]
S2,Seasonal,0.4566438462371436,0.34179979639212954,0.0,0.644431068421759,0.6163325271650419,0.604756735331988,4,(((RBF(l=10)*Per(p=48))+RQ(α=0.1))+Per(p=730)),"[np.str_('*'), np.str_('+'), np.str_('+')]"
S2,Seasonal,0.8565920058903164,0.6168729779048947,0.0,0.8914984414682297,0.7148722716488944,0.33189907491884485,3,((Per(p=6)*Per(p=60))+Per(p=336)),"[np.str_('*'), np.str_('+')]"
S1,Composite,0.9923940410919897,0.3690202673507247,0.0,0.9945681766645063,0.4539945168799402,0.29102631543340807,5,((((Per(p=672)+Per(p=96))+Per(p=4))+Lin(σ=0))+WN(σ=1)),"[np.str_('+'), np.str_('+'), np.str_('+'), np.str_('+')]"
S3,Stationary,0.25911936049154305,0.3016890783692153,0.0,0.2389768292830068,0.41693778596456477,0.390053726940797,2,(RBF(l=1)*Const(1)),[np.str_('*')]
S2,Seasonal,0.12600886952334323,0.24642005910341136,0.0,0.19490164428577783,0.46920703659959917,0.5143167422809085,2,(Per(p=12)*RBF(l=1)),[np.str_('*')]
S2,Seasonal,0.8163456801451034,0.8074533412661934,0.0,0.8379072079696595,0.8370385508783329,0.18602920334927642,3,((Per(p=4)+WN(σ=0.1))*RBF(l=10)),"[np.str_('+'), np.str_('*')]"
S2,Seasonal,0.03352486317222525,0.2990372243360071,0.0,0.14911556373707868,0.6271990450198385,0.7298899379304149,5,((((RBF(l=1)+Per(p=24))+Per(p=168))+Per(p=60))*Per(p=336)),"[np.str_('+'), np.str_('+'), np.str_('+'), np.str_('*')]"
S2,Seasonal,0.0,0.9955327059894091,0.0,0.04767647034553102,0.998775799707714,0.7307990868736935,1,Per(p=40),['None']
S2,Seasonal,0.025511146805673346,0.6583082730983298,0.0,0.055323189559307706,0.7388946068080882,0.3889460153444053,3,((RBF(l=0.1)+Per(p=40))+Per(p=10)),"[np.str_('+'), np.str_('+')]"
S2,Seasonal,0.15578388656899178,0.6139614199971115,0.0,0.343741571155905,0.868232558955212,0.7773647356330076,2,(Per(p=60)+Per(p=96)),[np.str_('+')]
S2,Seasonal,0.20328724967361644,0.15941642410417145,0.0,0.49920684091916334,0.2774824087960571,0.41195854074165494,5,((((Per(p=12)+Per(p=672))*WN(σ=0.1))+WN(σ=0.1))*WN(σ=0.1)),"[np.str_('+'), np.str_('*'), np.str_('+'), np.str_('*')]"
S2,Seasonal,0.43096651233435646,0.602727224612287,0.0,0.3542028679445872,0.654453761746805,0.3760860044182749,3,((Per(p=14)*Per(p=336))*Per(p=26)),"[np.str_('*'), np.str_('*')]"
S2,Seasonal,0.28829523586293315,0.25210149826507144,0.0,0.7574538217190347,0.8060487562949331,0.8889663044927807,3,((RQ(α=10)+Per(p=60))*RBF(l=10)),"[np.str_('+'), np.str_('*')]"
S2,Seasonal,0.0011482112558998114,0.6345307341998709,0.0,0.011592873718926144,0.7221949116619284,0.34588332943725,3,((WN(σ=1)+Per(p=14))*Per(p=12)),"[np.str_('+'), np.str_('*')]"
S2,Seasonal,0.30115906339700593,0.3865877590650585,0.0,0.4098664230802813,0.5120980090211313,0.38795711989399706,4,(((Per(p=24)+WN(σ=1))*Per(p=365))+RQ(α=0.1)),"[np.str_('+'), np.str_('*'), np.str_('+')]"
S1,Composite,0.9999646730410642,0.5536376988789689,0.0,0.9999797110905542,0.6704685523514162,0.425372120290053,5,((((Per(p=30)+Per(p=52))*Per(p=96))*Per(p=7))+Lin(σ=1)),"[np.str_('+'), np.str_('*'), np.str_('*'), np.str_('+')]"
S2,Seasonal,0.8517174719470728,0.9452607999810999,0.0,0.8528565006821439,0.951612991283298,0.01042184894590159,1,Per(p=365),['None']
S2,Seasonal,0.27176291731440805,0.14223066068563572,0.0,0.3817593125263353,0.23703558300795702,0.5188411769537222,5,((((Per(p=365)*Per(p=10))+Per(p=24))+RBF(l=10))*RBF(l=1)),"[np.str_('*'), np.str_('+'), np.str_('+'), np.str_('*')]"
S2,Seasonal,0.0,0.4865244011877644,0.0,0.06313941231516385,0.5402378000605148,0.12574048071654909,1,Per(p=48),['None']
S2,Seasonal,0.3589949556122103,0.3873857747901346,0.0,0.5298497503319022,0.5325663327973312,0.44228248068211484,3,((Per(p=4)+Per(p=24))*Per(p=12)),"[np.str_('+'), np.str_('*')]"
S2,Seasonal,0.08641515681357947,0.3230096669352107,0.0,0.10788861424048779,0.5063216573771101,0.4035013895154921,5,((((Per(p=168)*WN(σ=1))*Per(p=168))+Per(p=48))*Per(p=24)),"[np.str_('*'), np.str_('*'), np.str_('+'), np.str_('*')]"
S2,Seasonal,0.17626684913850055,0.25422260497469984,0.0,0.31664380391347313,0.3807636704888474,0.30982787873655626,4,(((Per(p=14)+Per(p=365))*RBF(l=1))*Per(p=730)),"[np.str_('+'), np.str_('*'), np.str_('*')]"
S2,Seasonal,0.39557621600298365,0.2693504369010168,0.0,0.47745835210698784,0.5531415644733203,0.6094938378645998,4,(((Per(p=12)+WN(σ=0.1))*Per(p=30))*Per(p=30)),"[np.str_('+'), np.str_('*'), np.str_('*')]"
S2,Seasonal,0.11253331128370803,0.4399007127516571,0.0,0.1359216953422795,0.5650611715784633,0.46581535278516906,5,((((WN(σ=0.1)+Per(p=96))+RQ(α=0.1))+RBF(l=10))+Per(p=4)),"[np.str_('+'), np.str_('+'), np.str_('+'), np.str_('+')]"
S1,Composite,0.1170006138078653,0.2952572108083904,0.0,0.22471242455522744,0.8404125534170304,0.8544285437151127,4,(((Per(p=168)*Per(p=60))*Lin(σ=0))+RBF(l=0.1)),"[np.str_('*'), np.str_('*'), np.str_('+')]"
S3,Stationary,0.13453877840281714,0.3181401856054692,0.0,0.20440836911259408,0.42780670748578953,0.4133967531246113,1,WN(σ=1),['None']
S2,Seasonal,0.7440454108251939,0.8574935838437179,0.0,0.9967537962038445,0.9992416487576185,0.9955798235972131,1,Per(p=96),['None']
S2,Seasonal,0.2150431562881231,0.31117652151793584,0.0,0.3667649289559186,0.5688199007684485,0.6019289030638635,4,(((Per(p=365)+RBF(l=1))+Const(1))*RQ(α=1)),"[np.str_('+'), np.str_('+'), np.str_('*')]"
S1,Composite,0.025495068699526446,0.47124038332359175,0.0,0.07123579600590724,0.8066747210176444,0.7251465035941105,5,((((Per(p=168)*RQ(α=10))*RQ(α=10))*Lin(σ=10))*Per(p=168)),"[np.str_('*'), np.str_('*'), np.str_('*'), np.str_('*')]"
S2,Seasonal,0.13727065222649315,0.24904829562905517,0.0,0.285091524026998,0.5290350228640537,0.6034946863082034,3,((Per(p=10)+RBF(l=10))*Per(p=10)),"[np.str_('+'), np.str_('*')]"
S1,Composite,0.19744755570575978,0.21830348772892416,0.0,0.3633957357252334,0.45668052164038797,0.39020096547646266,5,((((RBF(l=10)+Per(p=40))+WN(σ=1))*Lin(σ=0))*Per(p=7)),"[np.str_('+'), np.str_('+'), np.str_('*'), np.str_('*')]"
S2,Seasonal,0.2176414705522265,0.1395771413103315,0.0,0.4663737318730711,0.22070392540298034,0.3014054457222809,2,(Per(p=365)*WN(σ=1)),[np.str_('*')]
S1,Composite,0.9423875540977054,0.9979086933314634,0.0,0.8146604093629933,0.9911738861029329,0.0,4,(((Per(p=168)*Lin(σ=10))+Per(p=7))+Per(p=336)),"[np.str_('*'), np.str_('+'), np.str_('+')]"
S2,Seasonal,0.0,0.9983239557694651,0.0,0.20783853833843113,0.9996575182366343,0.7974096944821651,2,(Const(1)*Per(p=40)),[np.str_('*')]
S2,Seasonal,0.2386933578784921,0.5979334880687546,0.0,0.4097537604841043,0.7098519113996671,0.38900803067551215,2,(RBF(l=1)+Per(p=10)),[np.str_('+')]
S1,Composite,0.07809224541716175,0.3039708535701199,0.0,0.4880773509146037,0.9189512835791954,0.9370907281598024,3,((RBF(l=10)+Per(p=30))*Lin(σ=0)),"[np.str_('+'), np.str_('*')]"
S2,Seasonal,0.31508110549790647,0.4835972227873523,0.0,0.6087782243321197,0.7788553201479086,0.7804190844663703,3,((RQ(α=10)+Per(p=365))*Per(p=24)),"[np.str_('+'), np.str_('*')]"
S2,Seasonal,0.07180001504604061,0.1574405057534446,0.0,0.19015990727921128,0.30938828947154484,0.3727873617945564,5,((((Per(p=14)+Per(p=26))*WN(σ=1))+RQ(α=1))+RQ(α=0.1)),"[np.str_('+'), np.str_('*'), np.str_('+'), np.str_('+')]"
S2,Seasonal,0.6119949824159773,0.45520024946962123,0.0,0.34119977486451847,0.4762573995262529,0.08629279773928034,3,((Per(p=4)*Const(1))+Per(p=52)),"[np.str_('*'), np.str_('+')]"
S2,Seasonal,0.08616543814313815,0.2909613469919078,0.0,0.08555418368491075,0.5677918127619519,0.5947498999936649,5,((((Per(p=40)+Per(p=168))+Per(p=12))+Per(p=96))+WN(σ=1)),"[np.str_('+'), np.str_('+'), np.str_('+'), np.str_('+')]"
S3,Stationary,0.013708110860690126,0.2176225199459335,0.0,0.03319353549233728,0.5517650343418321,0.5643450104946219,1,RQ(α=0.1),['None']
S1,Composite,0.016140929275373028,0.0,0.0,0.03268337082743078,0.18067132618151582,0.3753832281134575,4,(((Per(p=672)+Per(p=730))*RQ(α=0.1))*Lin(σ=10)),"[np.str_('+'), np.str_('*'), np.str_('*')]"
S1,Composite,0.3009522391336905,0.06480089700140079,0.0,0.5457706259933153,0.08938066541994949,0.286239120534277,5,((((RQ(α=1)+Per(p=672))+Per(p=10))*RQ(α=0.1))*Lin(σ=0)),"[np.str_('+'), np.str_('+'), np.str_('*'), np.str_('*')]"
S2,Seasonal,0.2426233614379154,0.3547070843557619,0.0,0.39084679887818985,0.7172264681512861,0.7881296784191363,5,((((RQ(α=10)+Per(p=672))*Per(p=60))*Per(p=672))*Per(p=730)),"[np.str_('+'), np.str_('*'), np.str_('*'), np.str_('*')]"
S2,Seasonal,0.5488496218744328,0.7728033945862817,0.0,0.47057299661597696,0.8911157195939802,0.5823413487366534,1,Per(p=12),['None']
S2,Seasonal,0.20032623636437263,0.24091641129870145,0.0,0.4112995318604715,0.3056129740023653,0.2959401815590399,3,((Per(p=26)*Per(p=168))*RBF(l=0.1)),"[np.str_('*'), np.str_('*')]"
S2,Seasonal,0.5043966286017725,0.7032735992924652,0.0,0.35672070702999203,0.7243452585362703,0.0953964434063792,1,Per(p=7),['None']
S2,Seasonal,0.40549072893796567,0.9091822818783065,0.0,0.1718051623652257,0.740281818303448,0.0,1,Per(p=336),['None']
S2,Seasonal,0.0679245494619769,0.956045964145983,0.0,0.06068803558650837,0.9160899631050522,0.0,1,Per(p=96),['None']
S2,Seasonal,0.06619436409569202,0.9999602585624943,0.0,0.13385707729138852,0.9999737859018781,0.34049857283054685,1,Per(p=14),['None']
S1,Composite,0.3189595300299174,0.2952302414815914,0.0,0.5165714897699936,0.4228962836697161,0.5609503371182936,5,((((Lin(σ=0)+Per(p=14))*Per(p=336))*Per(p=7))*RQ(α=10)),"[np.str_('+'), np.str_('*'), np.str_('*'), np.str_('*')]"
S2,Seasonal,0.00974643043570933,0.22388389519925378,0.0,0.055303911715544385,0.34491101160756765,0.3348012972330724,5,((((Per(p=24)*WN(σ=0.1))*Per(p=12))+Per(p=7))*RQ(α=0.1)),"[np.str_('*'), np.str_('*'), np.str_('+'), np.str_('*')]"
S1,Composite,0.3931144871505128,0.35882563766872455,0.0,0.5435949176471013,0.5063052832956276,0.4370271935101526,5,((((Per(p=4)*Lin(σ=1))+RQ(α=10))*Per(p=672))*Per(p=26)),"[np.str_('*'), np.str_('+'), np.str_('*'), np.str_('*')]"
S2,Seasonal,0.26615386365025284,0.3381367717746818,0.0,0.3397804264918556,0.5032692715112039,0.4615412808597511,2,(Per(p=30)*RBF(l=1)),[np.str_('*')]
S2,Seasonal,0.44016795600969805,0.4852527026786737,0.0,0.669665391349144,0.6292557884493692,0.5768179205272735,3,((Per(p=672)*Per(p=30))*Per(p=26)),"[np.str_('*'), np.str_('*')]"
S2,Seasonal,0.22490769734100347,0.5841242885947013,0.0,0.37602586801943394,0.9280359251100878,0.8835457161133851,5,((((Per(p=6)+Per(p=96))+Per(p=96))+Per(p=14))+Per(p=48)),"[np.str_('+'), np.str_('+'), np.str_('+'), np.str_('+')]"
S2,Seasonal,0.012056214415610444,0.407121659155278,0.0,0.2285926309073547,0.9039567380343022,0.8539323417380325,4,(((Per(p=730)+RQ(α=0.1))+Per(p=168))+RBF(l=10)),"[np.str_('+'), np.str_('+'), np.str_('+')]"
S2,Seasonal,0.0014195445036461196,0.45655098418119666,0.0,0.006963538842592043,0.6587212733892988,0.43196754623169675,2,(RQ(α=0.1)+Per(p=96)),[np.str_('+')]
S1,Composite,0.9997110897456158,0.0,0.0,0.9999870613605178,0.8336345595418349,0.9562050013620612,3,((Lin(σ=1)*Per(p=730))+RQ(α=0.1)),"[np.str_('*'), np.str_('+')]"
S2,Seasonal,0.07753918237776236,0.3371429387436067,0.0,0.12408494365713962,0.4480737945061509,0.28157703087555697,3,((Per(p=14)+WN(σ=0.1))*WN(σ=1)),"[np.str_('+'), np.str_('*')]"
S2,Seasonal,0.1838632332016914,0.3284478565607387,0.0,0.38000310495776124,0.5058396093123001,0.4575411403535009,5,((((RBF(l=0.1)+Per(p=10))+RBF(l=1))+Const(1))*Per(p=10)),"[np.str_('+'), np.str_('+'), np.str_('+'), np.str_('*')]"
S2,Seasonal,0.27499176558470473,0.3534585364272008,0.0,0.3869089334280492,0.47758601143040136,0.4920431601059244,3,((Per(p=7)+Per(p=6))*Per(p=48)),"[np.str_('+'), np.str_('*')]"
S2,Seasonal,0.3384874740365984,0.4027024422553701,0.0,0.459416354517832,0.5786421002818514,0.5201200825549869,3,((RBF(l=1)+Per(p=7))*Const(1)),"[np.str_('+'), np.str_('*')]"
S2,Seasonal,0.26498854565097496,0.10613922987018543,0.0,0.505772880043465,0.14438614585017706,0.23979587110367961,3,((Per(p=336)*WN(σ=0.1))*Per(p=26)),"[np.str_('*'), np.str_('*')]"
S2,Seasonal,0.1260925486022655,0.42368291793229673,0.0,0.332061795658787,0.5114728574417022,0.3161970777795726,2,(RBF(l=0.1)+Per(p=4)),[np.str_('+')]
S2,Seasonal,0.06565740048013691,0.27943626009875855,0.0,0.051175862860587396,0.4843635327190491,0.43694978898704473,4,(((Const(1)*RBF(l=0.1))+Per(p=4))*RBF(l=10)),"[np.str_('*'), np.str_('+'), np.str_('*')]"
S1,Composite,0.9999939979245878,0.5027773121447905,0.0,0.9999977233825604,0.6833974905093824,0.6205387897771688,3,((Per(p=60)+Lin(σ=1))+Per(p=14)),"[np.str_('+'), np.str_('+')]"
S2,Seasonal,0.0020768297158533233,0.9991534941422624,0.0,0.0,0.9896926943265453,0.0,1,Per(p=168),['None']
S2,Seasonal,0.07261751838684927,0.5259583209466339,0.0,0.12521058255353446,0.6621027694070528,0.4526664904285632,2,(RBF(l=1)+Per(p=52)),[np.str_('+')]
S2,Seasonal,0.13472782312082787,0.6854073576693568,0.0,0.24537576153040064,0.892236935734574,0.7678593243987506,2,(Per(p=168)*Per(p=60)),[np.str_('*')]
S2,Seasonal,0.23880552660603904,0.19847945966833958,0.0,0.32116873607124397,0.24926567832773827,0.3500976518913188,4,(((RQ(α=1)+Per(p=7))*RBF(l=1))*Per(p=168)),"[np.str_('+'), np.str_('*'), np.str_('*')]"
S2,Seasonal,0.0,0.38787066547866667,0.0,0.00609240502235997,0.5170397430591464,0.3076799231232219,3,((Per(p=6)+Per(p=40))*Per(p=4)),"[np.str_('+'), np.str_('*')]"
S2,Seasonal,0.03949656459774942,0.3223862556307018,0.0,0.062047282116425406,0.4177658169484676,0.3409630330144483,5,((((WN(σ=1)*Per(p=48))+Per(p=60))*RQ(α=0.1))*Per(p=6)),"[np.str_('*'), np.str_('+'), np.str_('*'), np.str_('*')]"
S2,Seasonal,0.24442200331802544,0.21539124929305398,0.0,0.3235281675001399,0.3056116792240423,0.3867370694447788,5,((((Per(p=168)*Per(p=730))*RQ(α=0.1))*Per(p=40))+Const(1)),"[np.str_('*'), np.str_('*'), np.str_('*'), np.str_('+')]"
S1,Composite,0.14364853844645975,0.11225450729458841,0.0,0.24585352411381944,0.3409536228075153,0.3786333276125957,5,((((RBF(l=1)+WN(σ=1))*Lin(σ=0))+RQ(α=0.1))+Per(p=96)),"[np.str_('+'), np.str_('*'), np.str_('+'), np.str_('+')]"
S2,Seasonal,0.02300834899465798,0.9990139638419085,0.0,0.5775071161167504,0.9998848460779179,0.8835889907122744,1,Per(p=52),['None']
S2,Seasonal,0.08327745322951774,0.14018521011682183,0.0,0.23971098171701388,0.24077170863837005,0.30771885349848616,2,(Per(p=6)*WN(σ=0.1)),[np.str_('*')]
S1,Composite,0.9999993229747546,0.9804916085384389,0.0,0.9999995369798798,0.9865657323844523,0.3160340712916273,3,((Lin(σ=1)+Per(p=48))+Per(p=6)),"[np.str_('+'), np.str_('+')]"
S2,Seasonal,0.2199049970208723,0.3194100347830702,0.0,0.47304270661224335,0.6180577981982711,0.7667087074740258,3,((Per(p=48)*RBF(l=10))*Per(p=52)),"[np.str_('*'), np.str_('*')]"
S2,Seasonal,0.14063555386045856,0.2229710951330307,0.0,0.26094456304796343,0.33407913432900127,0.3424499809702588,4,(((RBF(l=1)*RBF(l=0.1))*Per(p=26))+RBF(l=1)),"[np.str_('*'), np.str_('*'), np.str_('+')]"
S2,Seasonal,0.16294433952999932,0.5191593811579625,0.0,0.31565305389555376,0.7837918286565305,0.6421210815619871,5,((((Per(p=10)+RQ(α=0.1))+Per(p=672))*Per(p=96))+RBF(l=1)),"[np.str_('+'), np.str_('+'), np.str_('*'), np.str_('+')]"
S3,Stationary,0.10648101124977871,0.1847931587733459,0.0,0.26319615675242425,0.2354245101778143,0.24814911784636862,1,Const(1),['None']
S2,Seasonal,0.07058744120476879,0.1869938356981281,0.0,0.17891520327779264,0.24376352479343943,0.26656919846035265,5,((((Per(p=24)*Per(p=12))+Per(p=672))+WN(σ=0.1))*WN(σ=0.1)),"[np.str_('*'), np.str_('+'), np.str_('+'), np.str_('*')]"
S2,Seasonal,0.0014519172821300108,0.3645354973998115,0.0,0.06537317760825301,0.732719409730088,0.7232425951355321,3,((Per(p=12)*Per(p=30))+WN(σ=0.1)),"[np.str_('*'), np.str_('+')]"
S2,Seasonal,0.5307979192544934,0.4839657992935654,0.0,0.5762876847032659,0.5662818581359015,0.27427630339008946,4,(((Per(p=4)+Per(p=26))+Per(p=96))+WN(σ=1)),"[np.str_('+'), np.str_('+'), np.str_('+')]"
S1,Composite,0.0760760397381578,0.09117940415874626,0.0,0.2267604651212597,0.16903631214906079,0.5506776003333868,5,((((Lin(σ=0)*Per(p=7))*Per(p=24))*Per(p=672))*Per(p=10)),"[np.str_('*'), np.str_('*'), np.str_('*'), np.str_('*')]"
S4,Trending,0.9999968795285721,0.038579678685296215,0.0,0.999996402792915,0.021667981985056817,0.0,1,Lin(σ=1),['None']
S2,Seasonal,0.2612464264770422,0.2945724983757311,0.0,0.29850351177250434,0.3694489064902726,0.3418496964209058,4,(((RBF(l=1)*Per(p=7))+WN(σ=0.1))*Per(p=26)),"[np.str_('*'), np.str_('+'), np.str_('*')]"
S1,Composite,0.9999740695433847,0.9999796995790913,0.0,0.9999950329490769,0.9999961168633154,0.8083957296135579,5,((((Lin(σ=0)+Per(p=24))*Per(p=10))+Per(p=30))+Per(p=730)),"[np.str_('+'), np.str_('*'), np.str_('+'), np.str_('+')]"
S2,Seasonal,0.10537634958725128,0.9999835016023663,0.0,0.3287788139526192,0.999988877108509,0.3258694498612653,1,Per(p=4),['None']
S3,Stationary,0.17440536087994263,0.19946860735392613,0.0,0.2790904960850028,0.3121678357215203,0.37203144890730044,1,RQ(α=0.1),['None']
S2,Seasonal,0.0815241274357209,0.2787909550385118,0.0,0.17031755803020254,0.41979588340735463,0.359070987892003,5,((((Per(p=336)+Per(p=52))*Per(p=6))*Per(p=672))*Per(p=7)),"[np.str_('+'), np.str_('*'), np.str_('*'), np.str_('*')]"
S2,Seasonal,0.13680061080536832,0.1912998647911549,0.0,0.22396198573130788,0.2968575335868978,0.42601247577496937,5,((((RQ(α=0.1)+RQ(α=1))*Per(p=14))+Per(p=30))*Per(p=6)),"[np.str_('+'), np.str_('*'), np.str_('+'), np.str_('*')]"
S2,Seasonal,0.9833571307185016,0.9978118427396085,0.0,0.999784571005776,0.999975294027614,0.9890156684597692,2,(Per(p=730)+Per(p=52)),[np.str_('+')]
S2,Seasonal,0.06905303051243272,0.9999932947317344,0.0,0.06548472595984067,0.9999952327557146,0.28925093472378793,1,Per(p=26),['None']
S2,Seasonal,0.124459162720293,0.5134180665859716,0.0,0.15317750351631798,0.6683371306854577,0.44750531184784903,5,((((WN(σ=1)+Per(p=52))+RQ(α=0.1))+Per(p=24))+WN(σ=0.1)),"[np.str_('+'), np.str_('+'), np.str_('+'), np.str_('+')]"
S1,Composite,0.4466253401945033,0.9536576451689216,0.0,0.07306607008454424,0.7890134847212562,0.0,4,(((Lin(σ=0)+Per(p=672))+RQ(α=10))*RQ(α=1)),"[np.str_('+'), np.str_('+'), np.str_('*')]"
S1,Composite,0.2740178888147884,0.6933900821321181,0.0,0.4029841877688205,0.8884643176853892,0.4048842672701495,3,((Lin(σ=1)+Per(p=336))*Per(p=336)),"[np.str_('+'), np.str_('*')]"
S2,Seasonal,0.0,0.5595842619230815,0.0,0.004614206616601613,0.6110588325349242,0.15066389426675686,4,(((Per(p=24)*Per(p=4))+Per(p=4))+Per(p=40)),"[np.str_('*'), np.str_('+'), np.str_('+')]"
S2,Seasonal,0.5761702948369647,0.7091910965371782,0.0,0.7044944539969109,0.9155968675734313,0.7862761124765852,2,(Per(p=30)*Per(p=14)),[np.str_('*')]
S2,Seasonal,0.35163315834599607,0.4403901190535989,0.0,0.5747947158324211,0.6762232996404646,0.6501807486655111,5,((((RBF(l=10)*Per(p=7))+Per(p=14))+Per(p=672))*Per(p=24)),"[np.str_('*'), np.str_('+'), np.str_('+'), np.str_('*')]"
S2,Seasonal,0.027593511777191493,0.8846818943480119,0.0,0.060028173728011724,0.9270558990177397,0.349279609280125,2,(WN(σ=0.1)+Per(p=14)),[np.str_('+')]
S2,Seasonal,0.42851938066058703,0.6415213680429451,0.0,0.5597602556813877,0.7128878456950135,0.23349354336334804,4,(((WN(σ=1)+Per(p=730))+Per(p=10))*Per(p=12)),"[np.str_('+'), np.str_('+'), np.str_('*')]"
S2,Seasonal,0.29214791332325074,0.18556068485810595,0.0,0.49514701167334696,0.3103775384937427,0.36913736186801926,3,((Per(p=52)*Per(p=6))+WN(σ=1)),"[np.str_('*'), np.str_('+')]"
S2,Seasonal,0.34642859478152577,0.6499523566814964,0.0,0.7627206506710723,0.9265754073588687,0.8359216345883417,2,(Per(p=24)*Per(p=26)),[np.str_('*')]
S2,Seasonal,0.21884573683685937,0.09461852553880934,0.0,0.4705482940932205,0.11584879659044467,0.20750340094079112,2,(WN(σ=0.1)*Per(p=48)),[np.str_('*')]
S2,Seasonal,0.3931351695502504,0.878656290704521,0.0,0.7275370768253375,0.9906784617093275,0.941073784155505,2,(Per(p=40)+Per(p=96)),[np.str_('+')]
S2,Seasonal,0.48949925901627456,0.4540483379254636,0.0,0.6302185364810691,0.6072472664219334,0.46665311436738743,4,(((RBF(l=1)+Per(p=4))+RQ(α=0.1))+Per(p=168)),"[np.str_('+'), np.str_('+'), np.str_('+')]"
S4,Trending,0.07769987700017311,0.0,0.0,0.17285450383715706,0.2609952204139555,0.4975877976064558,4,(((RQ(α=10)+Lin(σ=0))*RQ(α=1))*RQ(α=10)),"[np.str_('+'), np.str_('*'), np.str_('*')]"
S2,Seasonal,0.8647897983799652,0.5086717008996637,0.0,0.921481590282659,0.7409650951757947,0.5966370197410087,1,Per(p=672),['None']
S2,Seasonal,0.3475669185019905,0.26606008391827296,0.0,0.4454842142859615,0.3759842654945975,0.4609513771166033,5,((((Per(p=96)+Const(1))*Per(p=7))+RBF(l=1))*Per(p=40)),"[np.str_('+'), np.str_('*'), np.str_('+'), np.str_('*')]"
S2,Seasonal,0.16607769759298907,0.300486550784442,0.0,0.37123657959101086,0.7361929494515383,0.7931251754561837,3,((Per(p=26)+Const(1))*Per(p=60)),"[np.str_('+'), np.str_('*')]"
S2,Seasonal,0.028997071130649532,0.2777559315137782,0.0,0.05047579549670711,0.41766523667720235,0.45459554133179747,5,((((WN(σ=1)+Per(p=24))*Per(p=10))*Per(p=40))+Per(p=12)),"[np.str_('+'), np.str_('*'), np.str_('*'), np.str_('+')]"
S2,Seasonal,0.8768510064675277,0.7214485037948163,0.0,0.9572253053971449,0.9145484210661,0.7554837562058025,4,(((Per(p=672)*Per(p=52))*RQ(α=10))+Per(p=6)),"[np.str_('*'), np.str_('*'), np.str_('+')]"
S2,Seasonal,0.2094265588440518,0.5012964591419402,0.0,0.04080645840281938,0.0,0.0,4,(((RQ(α=1)+RQ(α=0.1))*Per(p=24))+Per(p=730)),"[np.str_('+'), np.str_('*'), np.str_('+')]"
S2,Seasonal,0.21588323240602258,0.10403783780834597,0.0,0.5142399846491983,0.14295252589808127,0.25691790532011005,5,((((RBF(l=10)+Const(1))+Per(p=48))*RBF(l=10))*WN(σ=0.1)),"[np.str_('+'), np.str_('+'), np.str_('*'), np.str_('*')]"
S2,Seasonal,0.8371310424666873,0.9009825348997166,0.0,0.9241238805157586,0.9701129938092063,0.7165782989027475,4,(((Per(p=6)*Const(1))+Per(p=52))+Per(p=12)),"[np.str_('*'), np.str_('+'), np.str_('+')]"
S2,Seasonal,0.0,0.8599131362735465,0.0,0.05536251666142178,0.959766017912777,0.7486403824421166,2,(Per(p=12)+Per(p=52)),[np.str_('+')]
S2,Seasonal,0.5522812320304338,0.9534157138314293,0.0,0.7320831550455107,0.9672471317756455,0.26508968966724744,3,((Per(p=48)+Const(1))*Per(p=6)),"[np.str_('+'), np.str_('*')]"
S2,Seasonal,0.23465773849252114,0.09017892109504522,0.0,0.512939759677867,0.11419738760848175,0.2033638045895193,3,((RBF(l=0.1)+RBF(l=0.1))*Per(p=96)),"[np.str_('+'), np.str_('*')]"
S2,Seasonal,0.12992715462205884,0.793508990842454,0.0,0.5184817370711903,0.9562278229757031,0.8556789561659042,2,(Per(p=96)+Per(p=60)),[np.str_('+')]
S2,Seasonal,0.0665916813880304,0.9999833020183393,0.0,0.17873667872904053,0.9999887777331764,0.32808346967613666,1,Per(p=14),['None']
S2,Seasonal,0.2193492619502978,0.07010983449591657,0.0,0.4956164092771901,0.09676608759576544,0.2395486936727268,4,(((Per(p=365)*RBF(l=0.1))+WN(σ=1))+RQ(α=0.1)),"[np.str_('*'), np.str_('+'), np.str_('+')]"
S1,Composite,0.070487513460612,0.13951566610917787,0.0,0.31172675037434816,0.31471404435935113,0.46060698053975957,5,((((Per(p=365)*Lin(σ=0))+Per(p=24))+RQ(α=10))*RQ(α=0.1)),"[np.str_('*'), np.str_('+'), np.str_('+'), np.str_('*')]"
S2,Seasonal,0.2701714215661559,0.35354672580598034,0.0,0.31408058923546767,0.43916956693353637,0.3553465604124525,4,(((Per(p=52)*Per(p=48))+Per(p=4))*Per(p=6)),"[np.str_('*'), np.str_('+'), np.str_('*')]"
S2,Seasonal,0.11817722515976115,0.24433112288270942,0.0,0.21557076307947054,0.46139992483912573,0.5478754674955335,5,((((Per(p=365)+Per(p=4))+Per(p=6))+Per(p=168))*RBF(l=1)),"[np.str_('+'), np.str_('+'), np.str_('+'), np.str_('*')]"
S2,Seasonal,0.2834282258126358,0.2616312893586804,0.0,0.4320077642954273,0.43136661084937733,0.559528541311247,4,(((Per(p=26)*Per(p=7))*RQ(α=10))*Per(p=24)),"[np.str_('*'), np.str_('*'), np.str_('*')]"
S4,Trending,0.9999999998705217,0.10973274044840187,0.0,0.9999999999087833,0.15397854018859658,0.29550601950334376,1,Lin(σ=1),['None']
S2,Seasonal,0.0,0.31309625336351776,0.0,0.050181046710290333,0.7093541270534802,0.7671657665121729,2,(Per(p=14)*Per(p=10)),[np.str_('*')]
S1,Composite,0.9999692539202708,0.9999980864490624,0.0,0.9999833496956115,0.9999989631245267,0.458283837607088,3,((Per(p=52)+Lin(σ=1))*Per(p=6)),"[np.str_('+'), np.str_('*')]"
S2,Seasonal,0.05065479913881665,0.7092677312273357,0.0,0.03417778243569658,0.48370826631201214,0.0,2,(Per(p=365)+Per(p=168)),[np.str_('+')]
S2,Seasonal,0.35783234210438153,0.4812517211028098,0.0,0.3674532680869057,0.549981783798426,0.30720267117101197,5,((((Per(p=10)+RBF(l=10))*Per(p=168))+Per(p=52))+Per(p=6)),"[np.str_('+'), np.str_('*'), np.str_('+'), np.str_('+')]"
S2,Seasonal,0.12436742210063956,0.9999919050237784,0.0,0.22297796994587726,0.9999941725484763,0.2800084922827304,2,(Per(p=6)+Per(p=6)),[np.str_('+')]
S2,Seasonal,0.9997578197304571,0.999991450524402,0.0,0.9999195085280069,0.999997189392165,0.6712213260747746,2,(Per(p=365)+Per(p=12)),[np.str_('+')]
S2,Seasonal,0.6964414114030231,0.6958346762963168,0.0,0.7994689958398196,0.7857224729395016,0.3629485331496627,4,(((Per(p=96)+Per(p=30))+RQ(α=0.1))+Per(p=4)),"[np.str_('+'), np.str_('+'), np.str_('+')]"
S3,Stationary,0.15953123723237805,0.24525079624737733,0.0,0.2409971310185679,0.4218239474059664,0.5338110598992905,1,RBF(l=1),['None']
S2,Seasonal,0.9996738741842662,0.9994858325802526,0.0,0.9999956869411722,0.9999933407231821,0.9870638886192752,4,(((Per(p=730)+Per(p=365))+Per(p=730))+Per(p=24)),"[np.str_('+'), np.str_('+'), np.str_('+')]"
S1,Composite,0.9998686187356474,0.9999850071482637,0.0,0.9999243306264567,0.9999913621777657,0.42388654502889167,4,(((Per(p=24)*Lin(σ=0))+Per(p=26))+RQ(α=0.1)),"[np.str_('*'), np.str_('+'), np.str_('+')]"
S3,Stationary,0.2024211589506998,0.2264906130968286,0.0,0.3603407430807378,0.35988117610111214,0.3537025088974015,1,WN(σ=0.1),['None']
S1,Composite,0.07756017580352126,0.5734219869061883,0.0,0.0,0.5781699706679293,0.0,4,(((Per(p=365)*Lin(σ=10))+WN(σ=1))*Per(p=96)),"[np.str_('*'), np.str_('+'), np.str_('*')]"
S2,Seasonal,0.15065066794513127,0.34573600503200563,0.0,0.0,0.5242877317898677,0.0,1,Per(p=365),['None']
S2,Seasonal,0.27074895745529926,0.13060128412710814,0.0,0.43770944948484314,0.2247110597265367,0.41492265083921276,4,(((Per(p=24)*RQ(α=0.1))*Per(p=30))*Per(p=365)),"[np.str_('*'), np.str_('*'), np.str_('*')]"
S4,Trending,0.9993092977347806,0.706624591715354,0.0,0.9761411681383914,0.10802283721266348,0.0,2,(Lin(σ=10)+RBF(l=10)),[np.str_('+')]
S1,Composite,0.9529599648866656,0.9999644560557944,0.0,0.9800643732101941,0.9999850351891371,0.5785297441878032,4,(((Lin(σ=0)+Per(p=672))*Per(p=30))+Per(p=48)),"[np.str_('+'), np.str_('*'), np.str_('+')]"
S2,Seasonal,0.016515052177377587,0.43658760296410204,0.0,0.23096452500564246,0.8942361929523406,0.8374392963396581,3,((Per(p=672)*RQ(α=10))+Per(p=168)),"[np.str_('*'), np.str_('+')]"
S2,Seasonal,0.35250078826091313,0.40284028658938953,0.0,0.2793104507360855,0.6218945882255071,0.4887245711513085,2,(Per(p=26)*Per(p=10)),[np.str_('*')]
S2,Seasonal,0.13305142247274082,0.35203824361679703,0.0,0.21039525053258612,0.5258802985854867,0.49283068344798164,3,((RBF(l=1)+RBF(l=0.1))+Per(p=40)),"[np.str_('+'), np.str_('+')]"
S4,Trending,0.9999999993277727,0.09620639514685392,0.0,0.9999999996197693,0.20861003133113043,0.4343732045976596,1,Lin(σ=0),['None']
S2,Seasonal,0.11880689121551014,0.3768007981630196,0.0,0.14894259892594008,0.5644119577280011,0.5572599968571497,2,(Per(p=12)*Per(p=4)),[np.str_('*')]
S2,Seasonal,0.049743039504890896,0.6086289077558218,0.0,0.10383902780082632,0.8384117461517147,0.6913067650460619,5,((((RQ(α=1)*Per(p=48))*Per(p=12))+Per(p=24))+Per(p=26)),"[np.str_('*'), np.str_('*'), np.str_('+'), np.str_('+')]"
S3,Stationary,0.2793230916631384,0.18227512183767047,0.0,0.4386131487515035,0.2525612490977436,0.27296160388019974,1,WN(σ=1),['None']
S1,Composite,0.7426850683161721,0.8499506987004865,0.0,0.9350226889800932,0.9589697802342008,0.7966455334704491,4,(((Lin(σ=10)+Per(p=96))*Per(p=365))*Per(p=40)),"[np.str_('+'), np.str_('*'), np.str_('*')]"
S1,Composite,0.822362538241258,0.36018341107980545,0.0,0.9456050524173268,0.6313823958688514,0.7489603193329957,5,((((Lin(σ=10)+WN(σ=1))*Lin(σ=0))*Lin(σ=10))*Per(p=26)),"[np.str_('+'), np.str_('*'), np.str_('*'), np.str_('*')]"
S1,Composite,0.04016996178869903,0.32796744795432153,0.0,0.17575799517379032,0.5902838278444663,0.4558542501899192,5,((((Per(p=12)*Per(p=26))+WN(σ=1))*Per(p=730))*Lin(σ=10)),"[np.str_('*'), np.str_('+'), np.str_('*'), np.str_('*')]"
S2,Seasonal,0.44101214688406476,0.18557005072100374,0.0,0.6246095295681873,0.36303763019755053,0.5800993192949602,3,((Per(p=30)+RQ(α=1))*Per(p=14)),"[np.str_('+'), np.str_('*')]"
S2,Seasonal,0.06550357850764599,0.9999812350936182,0.0,0.11237308557328307,0.9999874076445858,0.32905853922190786,1,Per(p=12),['None']
S2,Seasonal,0.05004969763497391,0.329667562935153,0.0,0.11853517605635566,0.5268105974886086,0.5281899126924545,5,((((Per(p=10)+WN(σ=1))+Per(p=60))*Per(p=10))*Per(p=48)),"[np.str_('+'), np.str_('+'), np.str_('*'), np.str_('*')]"
S2,Seasonal,0.05553026065718247,0.999993023957161,0.0,0.12573463522596384,0.9999945761880125,0.22256411069794257,1,Per(p=12),['None']
S1,Composite,0.207629581484425,0.28037601167113535,0.0,0.6514785229809037,0.776428137666975,0.803426987481896,5,((((Lin(σ=10)+Per(p=4))*Per(p=730))+Per(p=48))*RQ(α=10)),"[np.str_('+'), np.str_('*'), np.str_('+'), np.str_('*')]"
S4,Trending,0.04161121824867964,0.3311870464350767,0.0,0.9668451079993875,0.9750909850315526,0.9855546326275888,2,(RBF(l=10)*Lin(σ=1)),[np.str_('*')]
S1,Composite,0.04224398574796606,0.10469804853140308,0.0,0.057918230837406215,0.3349203225390486,0.33676683865527834,5,((((Lin(σ=0)+Per(p=40))+Per(p=48))+Per(p=7))*RQ(α=0.1)),"[np.str_('+'), np.str_('+'), np.str_('+'), np.str_('*')]"
S1,Composite,0.999998423226762,0.9980215855067971,0.0,0.9999999807139243,0.999975758980486,0.9877717370438162,3,((Lin(σ=10)+Per(p=365))+Per(p=6)),"[np.str_('+'), np.str_('+')]"
S2,Seasonal,0.38723349103505234,0.8785502621283543,0.0,0.5701287684419749,0.939153572257203,0.5543797944640098,3,((Per(p=26)*Per(p=6))*Per(p=365)),"[np.str_('*'), np.str_('*')]"
S3,Stationary,0.26092952353559484,0.34874268901583005,0.0,0.8097600212633758,0.8572927212663765,0.9067745349735432,1,RBF(l=10),['None']
S3,Stationary,0.1671001753664837,0.2781927835386838,0.0,0.29466098292271103,0.40033411874946145,0.4114163992846478,1,RQ(α=0.1),['None']
S3,Stationary,0.0,0.15911690963342084,0.0,0.021669652958883567,0.3474586912903489,0.40332063059349577,1,WN(σ=1),['None']
S2,Seasonal,0.8446441243925369,0.8236397946114997,0.0,0.9233186823427793,0.9370887070686245,0.6871512107866031,4,(((Per(p=4)*Const(1))+Per(p=30))+Per(p=24)),"[np.str_('*'), np.str_('+'), np.str_('+')]"
S2,Seasonal,0.18491613223698378,0.7766439301960184,0.0,0.9528458885749144,0.9937993869009347,0.9829766636788018,2,(Per(p=96)+Per(p=168)),[np.str_('+')]
S2,Seasonal,0.5503039547514057,0.5333019004041083,0.0,0.6523590812610484,0.7207537252097556,0.5891754556477815,4,(((Per(p=12)+Per(p=24))*Per(p=336))+RQ(α=1)),"[np.str_('+'), np.str_('*'), np.str_('+')]"
S2,Seasonal,0.4845236186933435,0.5966358867671337,0.0,0.6476581823438274,0.7009344424321993,0.37987444563405615,5,((((RQ(α=0.1)+Per(p=4))+WN(σ=0.1))+Per(p=52))*Per(p=96)),"[np.str_('+'), np.str_('+'), np.str_('+'), np.str_('*')]"
S2,Seasonal,0.9219317575297656,0.9662312012684724,0.0,0.9933988317281484,0.9973850773388756,0.934434011583291,3,((Per(p=365)*Const(1))+Per(p=60)),"[np.str_('*'), np.str_('+')]"
S2,Seasonal,0.9994476040701102,0.9992572831012507,0.0,0.9999820568315966,0.999976683882779,0.9683631862192205,2,(Per(p=730)+Per(p=30)),[np.str_('+')]
S2,Seasonal,0.01754937958352487,0.9405082299902039,0.0,0.08105922956857425,0.9911262271921386,0.852430615264582,1,Per(p=60),['None']
S1,Composite,0.08779566257456184,0.08283669113002468,0.0,0.4497424514715218,0.10363259217678866,0.24857966655549202,5,((((Per(p=7)*Per(p=12))*Lin(σ=10))*Per(p=10))*WN(σ=0.1)),"[np.str_('*'), np.str_('*'), np.str_('*'), np.str_('*')]"
S2,Seasonal,0.0018843855778211127,0.5735169897955814,0.0,0.0052674101151996,0.5654016247023441,0.0,2,(Per(p=14)+Per(p=52)),[np.str_('+')]
S1,Composite,0.9999999385651038,0.9977678029405138,0.0,0.9999999948403882,0.9998121382600024,0.9160178551256425,5,((((Per(p=6)+RBF(l=10))+Lin(σ=0))+Per(p=96))+Const(1)),"[np.str_('+'), np.str_('+'), np.str_('+'), np.str_('+')]"
S1,Composite,0.008681229657610867,0.03772107607302433,0.0,0.02212120424857822,0.49808252428043565,0.6173475510034923,5,((((Per(p=336)*Lin(σ=1))*Per(p=60))+Per(p=672))*RBF(l=1)),"[np.str_('*'), np.str_('*'), np.str_('+'), np.str_('*')]"
S1,Composite,0.3977461180879175,0.48011268899091175,0.0,0.7514352179355432,0.7086394850106612,0.6042583412937466,5,((((Per(p=10)+Per(p=6))*Lin(σ=10))+WN(σ=0.1))*Per(p=672)),"[np.str_('+'), np.str_('*'), np.str_('+'), np.str_('*')]"
S2,Seasonal,0.2775360078389465,0.4372675136980111,0.0,0.4292486171726191,0.5788925936559709,0.40444911250400206,3,((RQ(α=0.1)+Per(p=4))+Per(p=730)),"[np.str_('+'), np.str_('+')]"
S2,Seasonal,0.03170418948317244,0.41881722042937586,0.0,0.08104554683261944,0.5998341418317187,0.4776363600488954,4,(((WN(σ=1)+Per(p=672))*RBF(l=1))+Per(p=40)),"[np.str_('+'), np.str_('*'), np.str_('+')]"
S2,Seasonal,0.9074293964651561,0.576576984315438,0.0,0.9058781346543363,0.581621025774292,0.020543421982404775,3,((Per(p=14)+RBF(l=10))+Per(p=4)),"[np.str_('+'), np.str_('+')]"
S2,Seasonal,0.055935735888870464,0.2362334894974315,0.0,0.1079083623613396,0.6837932160420775,0.6551797438519815,5,((((Per(p=10)*Per(p=48))*Per(p=30))*Const(1))*RBF(l=10)),"[np.str_('*'), np.str_('*'), np.str_('*'), np.str_('*')]"
S2,Seasonal,0.031089686473897316,0.30774085581492205,0.0,0.03235365578289917,0.48023082057580324,0.3875421739920071,5,((((Per(p=4)+RBF(l=0.1))*RQ(α=10))*Per(p=24))*Per(p=672)),"[np.str_('+'), np.str_('*'), np.str_('*'), np.str_('*')]"
S2,Seasonal,0.02451141858209427,0.6805411949884879,0.0,0.003953695531814572,0.481487010063704,0.0,3,((Per(p=168)+RQ(α=0.1))*Per(p=10)),"[np.str_('+'), np.str_('*')]"
S2,Seasonal,0.38273706431174215,0.26551745818869665,0.0,0.9062767219047487,0.9388219705718723,0.9699683558293574,3,((Per(p=96)*Const(1))*Per(p=672)),"[np.str_('*'), np.str_('*')]"
S2,Seasonal,0.6158911872868091,0.5048909819635846,0.0,0.8914633696572454,0.9083955980624014,0.8407324776893406,3,((Per(p=730)*Per(p=672))*Per(p=96)),"[np.str_('*'), np.str_('*')]"
S2,Seasonal,0.050807044184646655,0.9999930299661333,0.0,0.05290652130131479,0.9999949374802334,0.2738134039854133,1,Per(p=24),['None']
S1,Composite,0.9999999844427758,0.09158104458638128,0.0,0.9999999995293369,0.8663047646463218,0.9697470957778213,2,(Per(p=365)+Lin(σ=1)),[np.str_('+')]
S2,Seasonal,0.0,0.8309580691413774,0.0,0.030720820124363835,0.9198494372030375,0.6098162439872614,2,(Per(p=60)*Per(p=40)),[np.str_('*')]
S2,Seasonal,0.14088418185720908,0.0839178989496886,0.0,0.4808793753861429,0.11059131631559638,0.2120040717881585,2,(RBF(l=0.1)+Per(p=6)),[np.str_('+')]
S2,Seasonal,0.9995360890211812,0.999659795340064,0.0,0.99995536336192,0.9999675131834228,0.904925118527497,2,(Per(p=24)+Per(p=730)),[np.str_('+')]
S2,Seasonal,0.5479865172676608,0.6526819708078292,0.0,0.6072142205418648,0.7246317392865562,0.33530411199555654,3,((Per(p=7)*Per(p=96))+Per(p=60)),"[np.str_('*'), np.str_('+')]"
S2,Seasonal,0.0480322491577202,0.4134771530075625,0.0,0.06355018297947856,0.5215173034166516,0.3458131214760797,4,(((RBF(l=0.1)+Per(p=26))+WN(σ=0.1))+RBF(l=0.1)),"[np.str_('+'), np.str_('+'), np.str_('+')]"
S2,Seasonal,0.030824375438703755,0.9992394918608114,0.0,0.8073421035621428,0.9999476229930712,0.9311672513944057,1,Per(p=52),['None']
S4,Trending,0.7803678657108759,0.8610079656100088,0.0,0.0,0.7887973847790076,0.0,3,((RQ(α=10)*Lin(σ=0))+Lin(σ=0)),"[np.str_('*'), np.str_('+')]"
S3,Stationary,0.045827423408519086,0.4850541481135827,0.0,0.1386386810255974,0.8735138920062326,0.8334794267926204,1,RQ(α=10),['None']
S2,Seasonal,0.43859017474813455,0.026905596579512303,0.0,0.6428157829612196,0.03640049861126404,0.22305935637461893,5,((((Per(p=30)*Per(p=336))*RQ(α=1))+Per(p=4))*Per(p=672)),"[np.str_('*'), np.str_('*'), np.str_('+'), np.str_('*')]"
S2,Seasonal,0.11754147197148734,0.5806646415269299,0.0,0.14338793281166407,0.7043399063158544,0.43859319514452255,3,((Per(p=336)+Per(p=96))+WN(σ=1)),"[np.str_('+'), np.str_('+')]"
S2,Seasonal,0.05805481780655275,0.5889365547598637,0.0,0.08817937542098597,0.4925506061203062,0.0,2,(RBF(l=10)*Per(p=96)),[np.str_('*')]
S2,Seasonal,0.0,0.6749415775332284,0.0,0.0,0.7411197229964015,0.2248946815676589,5,((((Per(p=168)+Per(p=60))*Const(1))*RBF(l=1))+Per(p=168)),"[np.str_('+'), np.str_('*'), np.str_('*'), np.str_('+')]"
S2,Seasonal,0.8145022749053187,0.9504946795526152,0.0,0.7883321636812434,0.9603133441689571,0.2038216428178804,2,(Per(p=10)+Per(p=40)),[np.str_('+')]
S3,Stationary,8.877728941014684e-05,0.7584040375472232,0.0,0.03404397025946271,0.6797920299942078,0.0,1,RQ(α=0.1),['None']
S2,Seasonal,0.08792258272702158,0.220755488789255,0.0,0.33150215756036816,0.29864649965516354,0.3021838912341773,5,((((RQ(α=10)*WN(σ=0.1))+Per(p=168))*WN(σ=1))+Per(p=7)),"[np.str_('*'), np.str_('+'), np.str_('*'), np.str_('+')]"
S3,Stationary,0.11224376754162046,0.20847635242759532,0.0,0.19780977582784387,0.2889799715322119,0.3143075540893394,1,RBF(l=0.1),['None']
S1,Composite,0.9999999998100721,0.9999857397710616,0.0,0.999999999871116,0.999990324216155,0.3214048454673689,2,(Per(p=24)+Lin(σ=0)),[np.str_('+')]
S2,Seasonal,0.5667910310822918,0.3326027075170255,0.0,0.6618079160718662,0.466045696131305,0.4259796003741305,4,(((Per(p=60)*Per(p=672))+WN(σ=0.1))+Per(p=7)),"[np.str_('*'), np.str_('+'), np.str_('+')]"
S2,Seasonal,0.9981600699908149,0.0,0.0,0.9997548879017065,0.8046963361406865,0.8733664209317022,1,Per(p=365),['None']
S2,Seasonal,0.01849855877686546,0.7887586509194494,0.0,0.08035758615302424,0.9513992616503788,0.8385711581465756,1,Per(p=52),['None']
S2,Seasonal,0.0055430751777630904,0.5942355669809911,0.0,0.04005156577702962,0.8329735734816806,0.6929186876700906,4,(((Per(p=96)+WN(σ=1))*Per(p=40))+Per(p=96)),"[np.str_('+'), np.str_('*'), np.str_('+')]"
S3,Stationary,0.03733482596468163,0.2920734975957775,0.0,0.10734900984365514,0.4561646664447494,0.38667459762051826,1,RBF(l=0.1),['None']
S2,Seasonal,0.1093932160296992,0.25852744530417104,0.0,0.20825086471319554,0.3752211685380592,0.29609072109559487,2,(Per(p=4)*WN(σ=1)),[np.str_('*')]
S2,Seasonal,0.1546169682572578,0.24279068217598976,0.0,0.19919918784342283,0.4417798956034392,0.39621096723323845,3,((RQ(α=10)*Per(p=4))*Per(p=14)),"[np.str_('*'), np.str_('*')]"
S2,Seasonal,0.10198441185473306,0.9828937921718275,0.0,0.1804714247296948,0.9832309259626398,0.09585352331814412,1,Per(p=60),['None']
S1,Composite,0.10249869024515401,0.14861637735234623,0.0,0.2902430728847982,0.34990961528800735,0.5999341790458415,3,((RQ(α=1)*Lin(σ=10))+Per(p=48)),"[np.str_('*'), np.str_('+')]"
S2,Seasonal,0.951705007557308,0.9779915511062606,0.0,0.9589859384306055,0.9804083361530601,0.1705284768798534,3,((Per(p=168)*Per(p=336))*Per(p=7)),"[np.str_('*'), np.str_('*')]"
S2,Seasonal,0.9290868183904097,0.9416343771218777,0.0,0.6162515130411264,0.5133705027777475,0.0,4,(((Per(p=336)+Per(p=14))*Per(p=168))+Per(p=730)),"[np.str_('+'), np.str_('*'), np.str_('+')]"
S2,Seasonal,0.9625167432669072,0.9740470682585725,0.0,0.9955587508626209,0.9970057324750949,0.8902646036913465,2,(Per(p=672)+Per(p=60)),[np.str_('+')]
S2,Seasonal,0.09324880442735872,0.6334351393444269,0.0,0.06728602023523356,0.7080447472154633,0.3936303315567148,5,((((Per(p=96)+Per(p=336))*Per(p=14))*Per(p=12))+Per(p=14)),"[np.str_('+'), np.str_('*'), np.str_('*'), np.str_('+')]"
S1,Composite,0.12359280740298018,0.6629211438130129,0.0,0.3289186215252351,0.9131357340471982,0.7927050295787667,5,((((WN(σ=0.1)+Per(p=12))*Per(p=96))+Per(p=40))*Lin(σ=0)),"[np.str_('+'), np.str_('*'), np.str_('+'), np.str_('*')]"
S2,Seasonal,0.19430156670920573,0.31452716792449764,0.0,0.20485103277157324,0.42926137750859095,0.41016792662464097,4,(((Per(p=10)*RBF(l=1))*Per(p=12))*Per(p=60)),"[np.str_('*'), np.str_('*'), np.str_('*')]"
S1,Composite,0.08625303047409816,0.09599332740111055,0.0,0.258992425799092,0.1698996546903302,0.36408346587894536,5,((((RBF(l=0.1)*Per(p=30))*Lin(σ=0))+Lin(σ=0))+Per(p=30)),"[np.str_('*'), np.str_('*'), np.str_('+'), np.str_('+')]"
S2,Seasonal,0.9996346239610374,0.0,0.0,0.9999717505805849,0.7975602559126791,0.9241895426441742,1,Per(p=672),['None']
S2,Seasonal,0.6449483574483968,0.29329656779457447,0.0,0.8175613839021134,0.5302752111485125,0.6097560179804014,3,((Per(p=4)*Per(p=10))+RBF(l=10)),"[np.str_('*'), np.str_('+')]"
S2,Seasonal,0.7496587749152346,0.2075077386659594,0.0,0.8076129286171669,0.2807153840113652,0.3309592380337568,3,((Const(1)*Per(p=4))+RQ(α=1)),"[np.str_('*'), np.str_('+')]"
S2,Seasonal,0.3953331776222424,0.45014051722240755,0.0,0.8328389696805235,0.9616141325113527,0.9310301435539875,5,((((Per(p=96)*Per(p=60))+Per(p=336))+WN(σ=0.1))+RBF(l=10)),"[np.str_('*'), np.str_('+'), np.str_('+'), np.str_('+')]"
S3,Stationary,0.4265737237594832,0.326193679320412,0.0,0.6701599170554535,0.6409773521237472,0.7361055401239387,1,RQ(α=10),['None']
S2,Seasonal,0.0011741631629466065,0.9266189871495784,0.0,0.001880614480667342,0.9370811233815024,0.16480318159555674,3,((Per(p=168)+Per(p=60))+WN(σ=0.1)),"[np.str_('+'), np.str_('+')]"
S2,Seasonal,0.6639314193116351,0.2307264052276855,0.0,0.9178316203053483,0.7896295156808999,0.8517218727103514,2,(Per(p=52)*Per(p=365)),[np.str_('*')]
S2,Seasonal,0.04461240554046553,0.4000640328156687,0.0,0.11140277149304956,0.5952355145631489,0.5012192278201493,3,((RBF(l=1)+RBF(l=0.1))+Per(p=48)),"[np.str_('+'), np.str_('+')]"
S2,Seasonal,0.053798911079170675,0.799025649968768,0.0,0.0,0.8147088645501614,0.033400158210065145,1,Per(p=48),['None']
S2,Seasonal,0.7776131381665179,0.0,0.0,0.9605186201124426,0.0,0.864135925925724,4,(((Per(p=48)+Per(p=672))+Per(p=30))+Per(p=672)),"[np.str_('+'), np.str_('+'), np.str_('+')]"
S2,Seasonal,0.1327779557666231,0.09912493908094067,0.0,0.3268175956810436,0.17579316332298445,0.29854486420717163,4,(((Per(p=14)+Per(p=4))+Per(p=168))*RBF(l=0.1)),"[np.str_('+'), np.str_('+'), np.str_('*')]"
S4,Trending,0.9999786973299868,0.22328179038174156,0.0,0.9999935127679892,0.6908391186952716,0.6956308595718459,2,(RQ(α=1)+Lin(σ=10)),[np.str_('+')]
S2,Seasonal,0.26731054824663936,0.37670974096593557,0.0,0.40413092103047954,0.5060831547646423,0.3651472945142611,2,(RQ(α=0.1)+Per(p=4)),[np.str_('+')]
S2,Seasonal,0.17525561095260578,0.4697822268203239,0.0,0.2609395346117157,0.6863864218033304,0.6499327035318462,5,((((RBF(l=10)+Per(p=7))+RBF(l=1))*Per(p=52))+Per(p=60)),"[np.str_('+'), np.str_('+'), np.str_('*'), np.str_('+')]"
S2,Seasonal,0.1550696365456029,0.6394760923337179,0.0,0.07169803783027162,0.8188754640942996,0.6555568512815007,3,((Per(p=52)*RBF(l=10))+Per(p=365)),"[np.str_('*'), np.str_('+')]"
S1,Composite,0.9996679433825478,0.9999798039712045,0.0,0.9997917956166154,0.9999873116059361,0.37163571528119954,5,((((Lin(σ=10)+RBF(l=1))*Lin(σ=10))+Per(p=40))*Per(p=7)),"[np.str_('+'), np.str_('*'), np.str_('+'), np.str_('*')]"
S1,Composite,0.11294942152824117,0.15106632025045197,0.0,0.4745382126371185,0.189962367855799,0.5971099077199205,4,(((RBF(l=1)+Per(p=672))*Lin(σ=0))+RQ(α=1)),"[np.str_('+'), np.str_('*'), np.str_('+')]"
S2,Seasonal,0.06621664439089492,0.9999944908849426,0.0,0.10834943482369219,0.9999963239673779,0.33277480216276145,3,((Per(p=12)+Per(p=6))+Per(p=12)),"[np.str_('+'), np.str_('+')]"
S1,Composite,0.7074799605132414,0.5535659175742874,0.0,0.4556975708500286,0.0,0.0,5,((((Lin(σ=1)*Per(p=365))+RBF(l=1))*Per(p=730))*Lin(σ=10)),"[np.str_('*'), np.str_('+'), np.str_('*'), np.str_('*')]"
S2,Seasonal,0.20440418195932641,0.4070067013979357,0.0,0.2669608510288093,0.5762606542824583,0.47459412655273836,5,((((Const(1)+Per(p=26))*RQ(α=0.1))+Per(p=10))+Per(p=30)),"[np.str_('+'), np.str_('*'), np.str_('+'), np.str_('+')]"
S3,Stationary,0.05282498015098969,0.30305073263101934,0.0,0.1576887714422066,0.6595768548234997,0.5818804001229458,2,(RQ(α=1)*RQ(α=10)),[np.str_('*')]
S1,Composite,0.9999852437126315,0.4970984681601658,0.0,0.9999818365741692,0.23633785950568875,0.0,5,((((Per(p=26)*Per(p=365))*Per(p=730))*Per(p=168))+Lin(σ=1)),"[np.str_('*'), np.str_('*'), np.str_('*'), np.str_('+')]"
S2,Seasonal,0.4069511521965047,0.705913214092492,0.0,0.4458044452752361,0.6848802074345126,0.10066226151165059,2,(Per(p=730)*Per(p=52)),[np.str_('*')]
S2,Seasonal,0.10952940460068183,0.2950196217078169,0.0,0.1593454378343956,0.6165887406425808,0.6899161490270755,3,((Per(p=12)*RBF(l=10))*Per(p=96)),"[np.str_('*'), np.str_('*')]"
S2,Seasonal,0.027058868701208216,0.4135630175129701,0.0,0.04591569872776058,0.5546428030628411,0.38429959939626834,5,((((RBF(l=10)*WN(σ=0.1))+WN(σ=1))+Per(p=60))+WN(σ=0.1)),"[np.str_('*'), np.str_('+'), np.str_('+'), np.str_('+')]"
S2,Seasonal,0.4012167709121557,0.6770113235180282,0.0,0.644444728995391,0.8480736082586753,0.6477212500444955,4,(((Per(p=48)+Per(p=730))+Per(p=26))*Per(p=48)),"[np.str_('+'), np.str_('+'), np.str_('*')]"
S2,Seasonal,0.6967840771528113,0.9649279076632247,0.0,0.9198927048137869,0.9970238385393232,0.9156829506677326,2,(Per(p=60)*Const(1)),[np.str_('*')]
S2,Seasonal,0.04271702201115957,0.9633740767894935,0.0,0.09561350326805473,0.9617278774032143,0.02012451584697239,1,Per(p=60),['None']
S2,Seasonal,0.0719110925682489,0.2575110569902834,0.0,0.09821826917082999,0.3867176374258148,0.3355489285073274,3,((Per(p=26)*RBF(l=0.1))*Per(p=48)),"[np.str_('*'), np.str_('*')]"
S4,Trending,0.10925919290038133,0.0,0.0,0.3974863253475025,0.018942259711505316,0.3909617344964518,2,(WN(σ=0.1)*Lin(σ=1)),[np.str_('*')]
S1,Composite,0.09385465322907527,0.9163697590521093,0.0,0.0,0.25286150740702995,0.0,5,((((Per(p=336)*RQ(α=10))*Per(p=365))*Lin(σ=10))*Per(p=12)),"[np.str_('*'), np.str_('*'), np.str_('*'), np.str_('*')]"
S2,Seasonal,0.24582870766936205,0.4655407043419417,0.0,0.3996881274124433,0.6592631543309584,0.6006080824563054,2,(Per(p=48)*Per(p=6)),[np.str_('*')]
S1,Composite,0.23720004052103105,0.4014412301330784,0.0,0.4414139085903577,0.8590443114544251,0.6984120348096918,2,(Lin(σ=10)*Per(p=24)),[np.str_('*')]
S2,Seasonal,0.06669748018396582,0.3999321418285028,0.0,0.17790024916489156,0.7140689632550172,0.753265085819805,3,((RBF(l=1)+Per(p=40))*Per(p=26)),"[np.str_('+'), np.str_('*')]"
S2,Seasonal,0.10232804567232656,0.3070379699217699,0.0,0.2626446644096443,0.7075188539321555,0.6008018076386601,5,((((WN(σ=1)*Per(p=10))+RBF(l=10))+RQ(α=0.1))+RQ(α=1)),"[np.str_('*'), np.str_('+'), np.str_('+'), np.str_('+')]"
S4,Trending,0.9999999983219882,0.16100608623086532,0.0,0.9999999988646238,0.30320390754591187,0.3233790092108729,1,Lin(σ=0),['None']
S2,Seasonal,0.06770092816514406,0.24399633147336686,0.0,0.12194929071890837,0.34539824488744564,0.3836323388439068,5,((((WN(σ=0.1)*Per(p=96))*Per(p=96))*WN(σ=0.1))*Per(p=4)),"[np.str_('*'), np.str_('*'), np.str_('*'), np.str_('*')]"
S2,Seasonal,0.035512278713670464,0.3831077669889378,0.0,0.5302310862990232,0.9000356938951412,0.9492884441904617,2,(Per(p=168)*Per(p=60)),[np.str_('*')]
S1,Composite,0.30349535581912923,0.4312141683125186,0.0,0.5862736274262534,0.7811367710643778,0.7437050420378541,4,(((Per(p=96)+Per(p=60))*Lin(σ=0))*Per(p=14)),"[np.str_('+'), np.str_('*'), np.str_('*')]"
S2,Seasonal,0.4480786494984663,0.660295452167498,0.0,0.6205587956924399,0.8108169210064016,0.5445599218752835,5,((((Per(p=40)+Per(p=52))*Per(p=12))+Per(p=730))+Per(p=336)),"[np.str_('+'), np.str_('*'), np.str_('+'), np.str_('+')]"
S1,Composite,0.32518185174012204,0.3167202685331024,0.0,0.6060875790601525,0.7706773115144363,0.832304906323563,4,(((Lin(σ=10)*Per(p=48))*Per(p=10))+Lin(σ=1)),"[np.str_('*'), np.str_('*'), np.str_('+')]"
S2,Seasonal,0.0644546807784403,0.5383141050854128,0.0,0.0765891562595099,0.6033322265989007,0.43846744333369503,4,(((Per(p=40)*Per(p=14))+Per(p=6))*Per(p=60)),"[np.str_('*'), np.str_('+'), np.str_('*')]"
S2,Seasonal,0.0,0.7379372371981817,0.0,0.09087242601209233,0.7728106045636113,0.14634295312342616,3,((RQ(α=1)+Per(p=365))+RQ(α=10)),"[np.str_('+'), np.str_('+')]"
S2,Seasonal,0.06474750315570987,0.24087751090508147,0.0,0.22173588144015388,0.6701836485093601,0.7706609319673128,4,(((RQ(α=10)+Per(p=60))+RQ(α=0.1))+Per(p=40)),"[np.str_('+'), np.str_('+'), np.str_('+')]"
S1,Composite,0.9999999632331448,0.9979303123046276,0.0,0.9999999956224078,0.9997544428029529,0.880934648430126,2,(Per(p=52)+Lin(σ=1)),[np.str_('+')]
S1,Composite,0.03474433145874367,0.07468331745071732,0.0,0.3083689756022968,0.23189701488600156,0.31971795231333366,5,((((Lin(σ=10)*RQ(α=10))*Per(p=4))*Per(p=365))*WN(σ=1)),"[np.str_('*'), np.str_('*'), np.str_('*'), np.str_('*')]"
S1,Composite,0.5593106279155536,0.5739065984818791,0.0,0.7377901133201287,0.8033966076552942,0.5382325804205348,5,((((Const(1)*Lin(σ=1))+Per(p=365))*Per(p=336))+Per(p=40)),"[np.str_('*'), np.str_('+'), np.str_('*'), np.str_('+')]"
S2,Seasonal,0.7222155347812347,0.8887600082507514,0.0,0.9945445927482113,0.9993393033464647,0.994819655786542,1,Per(p=48),['None']
S2,Seasonal,0.48547012546301826,0.6919358028263767,0.0,0.5865250049953128,0.8879660028371882,0.7335598188905464,5,((((Per(p=14)+Per(p=48))*Per(p=24))+Per(p=12))*Const(1)),"[np.str_('+'), np.str_('*'), np.str_('+'), np.str_('*')]"
S3,Stationary,0.14584444980510802,0.10251868466320635,0.0,0.46201767813325934,0.19327248119822615,0.3808421915665787,1,Const(1),['None']
S2,Seasonal,0.6176118215186591,0.31747179957941707,0.0,0.7845310769408413,0.5724690846651619,0.6564724742928303,4,(((RQ(α=10)+RQ(α=1))*Per(p=672))+Per(p=7)),"[np.str_('+'), np.str_('*'), np.str_('+')]"
S1,Composite,0.9998065952595336,0.0,0.0,0.9999831781287953,0.7673017029503345,0.9121673717571622,5,((((Lin(σ=10)*Per(p=672))+Lin(σ=10))+RQ(α=0.1))+Per(p=96)),"[np.str_('*'), np.str_('+'), np.str_('+'), np.str_('+')]"
S1,Composite,0.9984364296082536,0.6169971588870131,0.0,0.9965231715625028,0.5359264859468313,0.0,5,((((Lin(σ=0)+WN(σ=0.1))+Per(p=168))+RQ(α=0.1))+Per(p=365)),"[np.str_('+'), np.str_('+'), np.str_('+'), np.str_('+')]"
S1,Composite,0.9999980722269275,0.5283865591284216,0.0,0.9999999502773246,0.9831755226232051,0.9742210169208103,2,(Per(p=168)+Lin(σ=0)),[np.str_('+')]
S1,Composite,0.34790766057094424,0.42377010172108787,0.0,0.9289073797827171,0.9548036105726923,0.9463033523338817,4,(((WN(σ=1)+Per(p=30))+Lin(σ=10))*RBF(l=10)),"[np.str_('+'), np.str_('+'), np.str_('*')]"
S1,Composite,0.41027651501817775,0.9229445722010359,0.0,0.5824933917595978,0.9664276227706796,0.5554147046044492,3,((Lin(σ=0)+Per(p=14))*Per(p=96)),"[np.str_('+'), np.str_('*')]"
S2,Seasonal,0.005655472063125777,0.137964990484726,0.0,0.2256398946874707,0.9137497192142622,0.9065120766347442,4,(((Per(p=30)+Per(p=168))*Per(p=336))*RBF(l=10)),"[np.str_('+'), np.str_('*'), np.str_('*')]"
S2,Seasonal,0.05263185700975115,0.9999723027146142,0.0,0.12765546322809251,0.9999808448286964,0.30867422289069313,1,Per(p=10),['None']
S2,Seasonal,0.12071248803686274,0.5733207962099085,0.0,0.31762622189200795,0.8759535143699211,0.8138727973849694,5,((((Per(p=40)*Per(p=14))*RBF(l=10))+Per(p=30))+Per(p=40)),"[np.str_('*'), np.str_('*'), np.str_('+'), np.str_('+')]"
S1,Composite,0.9999999998632217,0.9999389593910203,0.0,0.9999999999316544,0.9999695118333932,0.5003184395993532,3,((Per(p=6)+Lin(σ=1))+Per(p=365)),"[np.str_('+'), np.str_('+')]"
S2,Seasonal,0.1785030053796396,0.6026122894109209,0.0,0.39417053395705137,0.9220384525638246,0.8577755482207525,5,((((Per(p=52)*Per(p=96))*Per(p=336))*Per(p=730))*Per(p=168)),"[np.str_('*'), np.str_('*'), np.str_('*'), np.str_('*')]"
S2,Seasonal,0.02009767220531966,0.5801364299724255,0.0,0.0,0.25799185169142325,0.0,3,((Per(p=48)+Per(p=168))*Per(p=48)),"[np.str_('+'), np.str_('*')]"
S2,Seasonal,0.9970343916632746,0.060471295834651384,0.0,0.9999351757110498,0.7876721689347634,0.9797161079096415,1,Per(p=365),['None']
S2,Seasonal,0.1543261631478614,0.9999923562479818,0.0,0.27648670957397137,0.9999942880550645,0.25246282789743146,1,Per(p=6),['None']
S4,Trending,0.9999814085948765,0.0,0.0,0.9999684927940219,0.0,0.0,2,(Lin(σ=0)+Lin(σ=1)),[np.str_('+')]
S2,Seasonal,0.0,0.19385608111683528,0.0,0.23076529242560329,0.27686369462089944,0.13395252689745685,3,((Per(p=30)*Per(p=4))+Per(p=7)),"[np.str_('*'), np.str_('+')]"
S2,Seasonal,0.09812180607570109,0.4281441134795638,0.0,0.20895907236246103,0.5838384263597254,0.45367684692547805,5,((((Per(p=4)+WN(σ=0.1))*Per(p=10))*RQ(α=1))+Per(p=24)),"[np.str_('+'), np.str_('*'), np.str_('*'), np.str_('+')]"
S3,Stationary,0.13289525113602763,0.16984087102549017,0.0,0.32943506154283875,0.26236787971408704,0.31761874477860375,1,Const(1),['None']
S3,Stationary,0.13195542286433015,0.1946434946546184,0.0,0.35248336166654104,0.3244772614099666,0.43170385202448336,1,RBF(l=0.1),['None']
S2,Seasonal,0.3016568645497796,0.16002603153990003,0.0,0.45435775985443705,0.2383851401958782,0.347505850105302,5,((((Per(p=336)*Per(p=48))+Per(p=168))*RBF(l=0.1))+RQ(α=0.1)),"[np.str_('*'), np.str_('+'), np.str_('*'), np.str_('+')]"
S1,Composite,0.36669407875761184,0.05660719516588719,0.0,0.4780867330136933,0.3287717992560255,0.5267827682408888,5,((((Per(p=168)+WN(σ=1))*Per(p=365))*Lin(σ=1))*RBF(l=10)),"[np.str_('+'), np.str_('*'), np.str_('*'), np.str_('*')]"
S2,Seasonal,0.10926643494689048,0.9999962453175699,0.0,0.18396382262523825,0.999997361160072,0.29707848328902686,1,Per(p=7),['None']
S2,Seasonal,0.006695403248760501,0.5524397107346769,0.0,0.0,0.0,0.0,5,((((RQ(α=0.1)*Per(p=336))+Per(p=26))+Per(p=14))*Per(p=168)),"[np.str_('*'), np.str_('+'), np.str_('+'), np.str_('*')]"
S2,Seasonal,0.0,0.9998669466835088,0.0,0.014422694764624766,0.9905710159585145,0.0,1,Per(p=168),['None']
S1,Composite,0.20091359971304223,0.1030147053921161,0.0,0.39876750773562164,0.37789481404205727,0.6741435286694202,5,((((Lin(σ=1)*Per(p=24))*Const(1))*Per(p=7))*RBF(l=10)),"[np.str_('*'), np.str_('*'), np.str_('*'), np.str_('*')]"
S2,Seasonal,0.16862755322729428,0.5173554310320914,0.0,0.30439735915615296,0.5939109366844068,0.3022440639445473,5,((((Per(p=96)*Per(p=7))+Per(p=672))*Per(p=24))+Per(p=14)),"[np.str_('*'), np.str_('+'), np.str_('*'), np.str_('+')]"
S2,Seasonal,0.0928590787607595,0.21599579323577822,0.0,0.1628342863624187,0.44209252232472995,0.5675307980767624,3,((Per(p=52)+RQ(α=1))+RQ(α=0.1)),"[np.str_('+'), np.str_('+')]"
S1,Composite,0.1687979196466025,0.3007681024619422,0.0,0.5400716624198327,0.7535971927061977,0.8237493004259612,5,((((Per(p=48)*Per(p=26))*Lin(σ=1))*Per(p=730))*Per(p=30)),"[np.str_('*'), np.str_('*'), np.str_('*'), np.str_('*')]"
S2,Seasonal,0.6694475004491758,0.35947599719525125,0.0,0.8515409366933282,0.6548334682669503,0.7338461673978228,5,((((Per(p=52)*Per(p=730))+Per(p=26))+Per(p=336))+Const(1)),"[np.str_('*'), np.str_('+'), np.str_('+'), np.str_('+')]"
S1,Composite,0.030267874616783152,0.2441467057616733,0.0,0.11224523506759654,0.3524984834156084,0.3834010289395182,3,((Lin(σ=10)*RQ(α=0.1))*Per(p=14)),"[np.str_('*'), np.str_('*')]"
S2,Seasonal,0.45399699468694554,0.5703496528887866,0.0,0.4647406279132592,0.589429902521567,0.07452864964969574,4,(((Per(p=60)+Per(p=4))*Per(p=30))*Const(1)),"[np.str_('+'), np.str_('*'), np.str_('*')]"
S2,Seasonal,0.03239499809944357,0.2773710239539967,0.0,0.047818761457335435,0.33930960405962385,0.34956793941938036,4,(((Per(p=30)*Per(p=26))+Per(p=6))*Per(p=40)),"[np.str_('*'), np.str_('+'), np.str_('*')]"
S1,Composite,0.06168562703865388,0.11118662145006097,0.0,0.18143817868011725,0.16199909538204926,0.37182807033358556,5,((((RQ(α=0.1)*Per(p=336))*Lin(σ=10))*RQ(α=0.1))*Per(p=6)),"[np.str_('*'), np.str_('*'), np.str_('*'), np.str_('*')]"
S1,Composite,0.9997061793718478,0.31827439505634436,0.0,0.9998188940223709,0.5246176531316296,0.3835830879126022,4,(((Per(p=52)+Lin(σ=10))+WN(σ=1))+RBF(l=0.1)),"[np.str_('+'), np.str_('+'), np.str_('+')]"
S2,Seasonal,0.15524746731320171,0.2654446824016665,0.0,0.20142885873797822,0.6442107336220667,0.708517371823796,4,(((Per(p=96)+Per(p=96))+WN(σ=1))*Per(p=26)),"[np.str_('+'), np.str_('+'), np.str_('*')]"
S1,Composite,0.9999912636260314,0.9615462998909404,0.0,0.9999982045295268,0.9921326014089195,0.7945891567305081,2,(Lin(σ=10)+Per(p=96)),[np.str_('+')]
S1,Composite,0.18088538899588602,0.08222045074855111,0.0,0.40735564403868474,0.1155382556204525,0.30743713288588825,4,(((Lin(σ=10)*WN(σ=0.1))*Per(p=14))+Per(p=672)),"[np.str_('*'), np.str_('*'), np.str_('+')]"
S2,Seasonal,0.5253626098988511,0.777986010803461,0.0,0.7856754174553964,0.944062250559573,0.7805755211395576,4,(((RQ(α=10)*Per(p=336))+Per(p=14))+Per(p=4)),"[np.str_('*'), np.str_('+'), np.str_('+')]"
S2,Seasonal,0.3866374013532019,0.8821753676519182,0.0,0.6183084413880005,0.9843020548020712,0.8648518672249229,2,(Per(p=48)+Per(p=96)),[np.str_('+')]
S1,Composite,0.0644787896911534,0.05278652758951741,0.0,0.47175092482411307,0.09133758994759134,0.3298672204051847,5,((((Lin(σ=0)+Lin(σ=0))*Per(p=26))*Per(p=96))*WN(σ=0.1)),"[np.str_('+'), np.str_('*'), np.str_('*'), np.str_('*')]"
S1,Composite,0.06226375541570106,0.4617137311376228,0.0,0.21453846453725223,0.7870712647406417,0.818275841092174,4,(((RBF(l=10)*Per(p=30))*Lin(σ=0))+Per(p=14)),"[np.str_('*'), np.str_('*'), np.str_('+')]"
S1,Composite,0.020802907393432934,0.23178244640218526,0.0,0.14118743595722028,0.4193327786380664,0.39948337324128247,3,((RBF(l=0.1)*Per(p=4))*Lin(σ=0)),"[np.str_('*'), np.str_('*')]"
S2,Seasonal,0.0394083968549378,0.2580139405720331,0.0,0.0772038795018627,0.40401602628610245,0.3660332823899134,2,(RQ(α=0.1)*Per(p=96)),[np.str_('*')]
S2,Seasonal,0.6340610486492466,0.17422154323763328,0.0,0.695841140779097,0.22267368696456014,0.2782996566164935,5,((((Per(p=6)*Per(p=48))+Per(p=365))+Per(p=336))*Per(p=7)),"[np.str_('*'), np.str_('+'), np.str_('+'), np.str_('*')]"
S1,Composite,0.5429877195388149,0.7764287028282939,0.0,0.6335865352620611,0.8740848497324032,0.4075793837820175,2,(Per(p=96)*Lin(σ=1)),[np.str_('*')]
S2,Seasonal,0.3797755314699215,0.5623073066236344,0.0,0.44025195610219503,0.6989814209678167,0.4768313330292844,4,(((Const(1)+RQ(α=0.1))+Per(p=365))+Per(p=60)),"[np.str_('+'), np.str_('+'), np.str_('+')]"
S1,Composite,0.13786624241528167,0.0,0.0,0.2863222925486971,0.1924334830335035,0.5072133619395004,4,(((RQ(α=1)*RQ(α=1))*Lin(σ=10))*Per(p=730)),"[np.str_('*'), np.str_('*'), np.str_('*')]"
S2,Seasonal,0.6468355843251206,0.31982475843100433,0.0,0.7128209447010992,0.398435413316665,0.27573121047774063,4,(((RBF(l=1)*RQ(α=0.1))+Per(p=672))+Per(p=12)),"[np.str_('*'), np.str_('+'), np.str_('+')]"
S1,Composite,0.9999855689758763,0.35353360750983165,0.0,0.9999983560677814,0.8667038836360249,0.8860457255159322,3,((Per(p=10)+Lin(σ=10))+RQ(α=10)),"[np.str_('+'), np.str_('+')]"
S2,Seasonal,0.040062198536181426,0.9739978281099492,0.0,0.3491818506466725,0.9961566373841599,0.8512750772474396,1,Per(p=96),['None']
S2,Seasonal,0.20843437527082798,0.15854322824597344,0.0,0.36349670886056695,0.28074858906450173,0.35044646808139557,5,((((WN(σ=1)*Per(p=52))*RBF(l=10))*Per(p=14))*Per(p=60)),"[np.str_('*'), np.str_('*'), np.str_('*'), np.str_('*')]"
S2,Seasonal,0.29169505157396136,0.3028383705140607,0.0,0.3724118434456537,0.6016591504428959,0.6863533439172324,2,(RBF(l=10)+Per(p=48)),[np.str_('+')]
S1,Composite,0.11877696045410735,0.4817590176486103,0.0,0.07726791024097357,0.6366267891874733,0.448850519694995,3,((Lin(σ=1)*Per(p=12))+Per(p=40)),"[np.str_('*'), np.str_('+')]"
S2,Seasonal,0.6086912921253413,0.895756128418179,0.0,0.7700170551006981,0.9734856898709005,0.7785086993449325,4,(((Per(p=168)*Per(p=168))+Per(p=12))+Per(p=52)),"[np.str_('*'), np.str_('+'), np.str_('+')]"
S2,Seasonal,0.07275333286549257,0.2366187230131479,0.0,0.03752384758315408,0.31515441409466205,0.27118463017473116,2,(Per(p=4)*Per(p=6)),[np.str_('*')]
S2,Seasonal,0.8278466528399704,0.7769035653416578,0.0,0.8646818726612961,0.8250851873320051,0.33215358573995646,5,((((Per(p=52)+Per(p=48))*Per(p=6))+RBF(l=10))*Per(p=336)),"[np.str_('+'), np.str_('*'), np.str_('+'), np.str_('*')]"
S4,Trending,0.999999999081928,0.21009252584838545,0.0,0.9999999993492938,0.32419593503698396,0.29122748985626,1,Lin(σ=1),['None']
S2,Seasonal,0.14420703143123015,0.99997905725677,0.0,0.1697896780539928,0.9999849068102389,0.27938604566544656,1,Per(p=10),['None']
S2,Seasonal,0.2661882546525026,0.5441453843935297,0.0,0.3807145950662191,0.6564748248660673,0.3600910424786783,3,((Per(p=52)*Per(p=6))+RBF(l=0.1)),"[np.str_('*'), np.str_('+')]"
S2,Seasonal,0.5198067809266501,0.39853986092771143,0.0,0.6193714985818696,0.5167313417907082,0.4233167966716066,5,((((RBF(l=0.1)+Per(p=6))*Per(p=672))+Per(p=168))+Per(p=26)),"[np.str_('+'), np.str_('*'), np.str_('+'), np.str_('+')]"
S2,Seasonal,0.9995648478878593,0.07728113836021444,0.0,0.999988868261446,0.8842389097786805,0.9749598083262698,1,Per(p=365),['None']
S2,Seasonal,0.05117379844117376,0.2093226063609186,0.0,0.1497021701900495,0.40806865963236827,0.5675055456241358,3,((Per(p=12)+WN(σ=1))*RQ(α=10)),"[np.str_('+'), np.str_('*')]"
S1,Composite,0.9999930149908984,0.5973119932725982,0.0,0.9976942454954427,0.0,0.0,5,((((Per(p=336)*Per(p=48))*Per(p=7))+Lin(σ=0))+Per(p=365)),"[np.str_('*'), np.str_('*'), np.str_('+'), np.str_('+')]"
S2,Seasonal,0.2189800367005721,0.1937800009194014,0.0,0.2945084799339196,0.3323805559990828,0.3708512632244839,2,(Per(p=10)*RQ(α=0.1)),[np.str_('*')]
S2,Seasonal,0.24580758411321257,0.1312436263265384,0.0,0.4970722667243389,0.16446816957709232,0.19925448837174387,2,(Per(p=96)*RBF(l=0.1)),[np.str_('*')]
S1,Composite,0.9999997909061699,0.9976632126570756,0.0,0.9999999387328489,0.9992950457290685,0.7069361549730808,3,((Per(p=40)+Per(p=672))+Lin(σ=10)),"[np.str_('+'), np.str_('+')]"
S3,Stationary,0.0698048234875297,0.2108331818054897,0.0,0.21154745803136799,0.36112397765792004,0.34570217524619296,1,WN(σ=0.1),['None']
S4,Trending,0.9999249083885344,0.1313227135596916,0.0,0.9999507386024605,0.2135218147818313,0.344130420687644,2,(Lin(σ=0)+WN(σ=1)),[np.str_('+')]
S1,Composite,0.9954194119394612,0.0,0.0,0.999375743829241,0.765192046948209,0.8712703796902291,3,((Lin(σ=10)+Const(1))*Per(p=336)),"[np.str_('+'), np.str_('*')]"
S1,Composite,0.9971617280246455,0.9999894692444998,0.0,0.9982543233001483,0.9999935614687961,0.3886071004903924,4,(((RQ(α=10)+Lin(σ=10))*Per(p=6))+RQ(α=0.1)),"[np.str_('+'), np.str_('*'), np.str_('+')]"
S2,Seasonal,0.16854921950318036,0.31906189557362774,0.0,0.25070244609205494,0.509338224670433,0.5184329753971146,3,((RQ(α=1)*Per(p=14))*Per(p=12)),"[np.str_('*'), np.str_('*')]"
S2,Seasonal,0.25854306613328626,0.6294517438013905,0.0,0.13900322486106875,0.6307685581575587,0.0,5,((((Per(p=6)*Per(p=365))*Per(p=96))*Per(p=336))+Per(p=672)),"[np.str_('*'), np.str_('*'), np.str_('*'), np.str_('+')]"
S2,Seasonal,0.08678001381224243,0.342529371097575,0.0,0.12232816304762606,0.6659514962059813,0.7013913700607703,3,((RQ(α=10)*RQ(α=1))+Per(p=40)),"[np.str_('*'), np.str_('+')]"
S3,Stationary,0.062241905317092394,0.12165439699968517,0.0,0.2815110821914827,0.21548743213404398,0.2870133296231464,1,WN(σ=1),['None']
S2,Seasonal,0.8758944220519264,0.9334351982555574,0.0,0.9351957163866775,0.9649203688982536,0.5206811486517653,3,((Per(p=96)*Per(p=6))*Per(p=336)),"[np.str_('*'), np.str_('*')]"
S2,Seasonal,0.12735985422627394,0.10763440125988522,0.0,0.48030122833768063,0.1597539371189567,0.3209566507651749,3,((Per(p=30)+Per(p=4))*WN(σ=0.1)),"[np.str_('+'), np.str_('*')]"
S2,Seasonal,0.03989361774278599,0.23405330037002758,0.0,0.042660729957266996,0.3479953053851119,0.35905096131137426,4,(((WN(σ=1)+WN(σ=1))*Per(p=4))*RQ(α=0.1)),"[np.str_('+'), np.str_('*'), np.str_('*')]"
S1,Composite,0.005942528500712085,0.10805836998908891,0.0,0.23272074575635804,0.3532369975211762,0.38507749148981485,5,((((Lin(σ=0)*RQ(α=0.1))*Per(p=14))*RQ(α=1))+Per(p=6)),"[np.str_('*'), np.str_('*'), np.str_('*'), np.str_('+')]"
S2,Seasonal,0.09429896423938777,0.11647342269035965,0.0,0.43182253973670126,0.21026566253544565,0.3552814544624915,5,((((Per(p=48)*Per(p=24))*Per(p=96))+Per(p=336))*WN(σ=0.1)),"[np.str_('*'), np.str_('*'), np.str_('+'), np.str_('*')]"
S1,Composite,0.07737087822839617,0.06903874484627714,0.0,0.22312245210560944,0.26698827041911344,0.43763397049952313,4,(((Lin(σ=0)+Per(p=12))*RBF(l=1))*RBF(l=0.1)),"[np.str_('+'), np.str_('*'), np.str_('*')]"
S2,Seasonal,0.047349183832206876,0.2837777885796722,0.0,0.10092866016860802,0.488246438843139,0.49997471741912625,4,(((WN(σ=0.1)+Per(p=7))*Per(p=6))+RBF(l=1)),"[np.str_('+'), np.str_('*'), np.str_('+')]"
S2,Seasonal,0.44409732446272676,0.1112809868627137,0.0,0.8651636412356216,0.4534695640104165,0.8597852841356816,3,((Per(p=60)*Per(p=730))*Per(p=48)),"[np.str_('*'), np.str_('*')]"
S2,Seasonal,0.9973030354176735,0.9986603720442031,0.0,0.9984381327754898,0.9992457837037053,0.4421831594591952,3,((Per(p=6)+Per(p=336))*Per(p=336)),"[np.str_('+'), np.str_('*')]"
S2,Seasonal,0.1775352983452957,0.2183917066092812,0.0,0.2412098871322763,0.3904487725176723,0.435957380601371,2,(RQ(α=0.1)*Per(p=48)),[np.str_('*')]
S2,Seasonal,0.023366080843928216,0.5674002994599276,0.0,0.05157476086521573,0.36608091253317665,0.0,2,(Per(p=168)+RQ(α=0.1)),[np.str_('+')]
S2,Seasonal,0.24126447616627023,0.5281720143550149,0.0,0.40842221947528334,0.8015114044157545,0.7042028627508743,5,((((RQ(α=1)*Per(p=365))*Per(p=730))*Per(p=730))+Per(p=26)),"[np.str_('*'), np.str_('*'), np.str_('*'), np.str_('+')]"
S2,Seasonal,0.0920881287769093,0.23833014523326201,0.0,0.2882749683050413,0.6635290987251925,0.765333828262331,3,((Per(p=672)+Const(1))*RQ(α=1)),"[np.str_('+'), np.str_('*')]"
S4,Trending,0.012892365044741672,0.1253869662483561,0.0,0.2547340324151145,0.23467683453714927,0.3955483496930765,2,(Lin(σ=0)*WN(σ=0.1)),[np.str_('*')]
S2,Seasonal,0.0,0.8933370670454581,0.0,2.2782445488922498e-05,0.954995484217394,0.6064102962782403,3,((Per(p=4)*Const(1))+Per(p=7)),"[np.str_('*'), np.str_('+')]"
S2,Seasonal,0.5441371976443723,0.8051274765620915,0.0,0.5191281256293863,0.8375154664286806,0.2058510747435468,2,(Per(p=26)*Per(p=4)),[np.str_('*')]
S1,Composite,0.0,0.36916345349890733,0.0,0.20838112209749504,0.7274969496671577,0.7622156040668014,5,((((Per(p=730)*Per(p=10))+Per(p=365))*Lin(σ=0))*Per(p=24)),"[np.str_('*'), np.str_('+'), np.str_('*'), np.str_('*')]"
S1,Composite,0.9999999991758441,0.9999999997888153,0.0,0.9999999993920475,0.9999999998442171,0.2623382834698176,2,(Lin(σ=1)*Per(p=4)),[np.str_('*')]
S2,Seasonal,0.10147538308161319,0.6220155481006138,0.0,0.16697070777012102,0.7147432294298939,0.33544579214456427,5,((((Per(p=60)+RQ(α=0.1))+RBF(l=0.1))+Per(p=14))+Per(p=7)),"[np.str_('+'), np.str_('+'), np.str_('+'), np.str_('+')]"
S2,Seasonal,0.25295424944221223,0.042675115983367595,0.0,0.5555622241328739,0.049666458927482005,0.11876221032083312,4,(((Per(p=365)*Per(p=48))+Per(p=336))*Per(p=4)),"[np.str_('*'), np.str_('+'), np.str_('*')]"
S2,Seasonal,0.5722362104644227,0.4921259495607495,0.0,0.6683974525933891,0.6645091331237891,0.5685120255816365,3,((Per(p=6)+RQ(α=1))*Per(p=96)),"[np.str_('+'), np.str_('*')]"
S2,Seasonal,0.9767942391580025,0.9926888830412417,0.0,0.9917976296026776,0.9973278908977999,0.6524855377206984,3,((Per(p=365)*Per(p=12))+Const(1)),"[np.str_('*'), np.str_('+')]"
S2,Seasonal,0.025869328973495143,0.5599921249457183,0.0,0.15620027381507373,0.7104257773020838,0.4401570325856421,4,(((Per(p=672)+WN(σ=1))*Per(p=7))+Per(p=10)),"[np.str_('+'), np.str_('*'), np.str_('+')]"
S2,Seasonal,0.5076255428884838,0.5798568664533532,0.0,0.8144776041481581,0.9103486988541448,0.8604531040459448,5,((((Per(p=48)+Per(p=48))+Per(p=48))*Per(p=60))+Per(p=4)),"[np.str_('+'), np.str_('+'), np.str_('*'), np.str_('+')]"
S2,Seasonal,0.3035618661055288,0.20566121083982802,0.0,0.3726757521843522,0.29254427102471725,0.4100574598221447,3,((RBF(l=1)+Const(1))+Per(p=730)),"[np.str_('+'), np.str_('+')]"
S2,Seasonal,0.16805022398483793,0.5171351506649522,0.0,0.0,0.17618547089175807,0.0,3,((Per(p=730)+Per(p=168))*Per(p=672)),"[np.str_('+'), np.str_('*')]"
S2,Seasonal,0.0005495868755340805,0.010812368569328323,0.0,0.0026308826955090403,0.5432363853171731,0.6814748047806951,5,((((Per(p=30)*WN(σ=1))+RQ(α=10))+Per(p=24))+Per(p=6)),"[np.str_('*'), np.str_('+'), np.str_('+'), np.str_('+')]"
S2,Seasonal,0.23574635023342705,0.9999900701635801,0.0,0.33568058953968927,0.9999928152092946,0.27653234439575514,1,Per(p=4),['None']
S2,Seasonal,0.22075717322479804,0.10433058536257633,0.0,0.42521592592480706,0.1654133228823662,0.26735410325042497,5,((((RQ(α=1)+RQ(α=1))*Per(p=4))+Per(p=12))*WN(σ=1)),"[np.str_('+'), np.str_('*'), np.str_('+'), np.str_('*')]"
S3,Stationary,0.24584472501860521,0.08922226345949502,0.0,0.48882390176150137,0.11438885625061457,0.21573788599297306,1,WN(σ=1),['None']
S2,Seasonal,0.027914147380534438,0.4049857489716461,0.0,0.18859520740806446,0.9106298434249497,0.8574014813243356,1,Per(p=60),['None']
S2,Seasonal,0.20057461375489472,0.13532033718523906,0.0,0.4616145195980449,0.18178732718356472,0.2677378120316525,2,(Per(p=730)*WN(σ=1)),[np.str_('*')]
S2,Seasonal,0.012548116701109335,0.2573273696545616,0.0,0.12693895282151046,0.7794698954240876,0.7217630310626018,3,((WN(σ=1)+RBF(l=10))*Per(p=48)),"[np.str_('+'), np.str_('*')]"
S2,Seasonal,0.3237637068668048,0.46240993938698516,0.0,0.5285755229021973,0.6968301569586487,0.6542514787913587,5,((((Per(p=7)+RQ(α=0.1))+Per(p=336))+Per(p=24))*RQ(α=10)),"[np.str_('+'), np.str_('+'), np.str_('+'), np.str_('*')]"
S3,Stationary,0.0869915339711157,0.20704265500308616,0.0,0.286427670438296,0.32055388675152696,0.3639683634093036,3,((RQ(α=1)*Const(1))*WN(σ=1)),"[np.str_('*'), np.str_('*')]"
S2,Seasonal,0.9999915225710617,0.9999911270104911,0.0,0.9999954246424427,0.9999952206180207,0.46127407336697557,3,((Per(p=365)+Per(p=672))+Per(p=4)),"[np.str_('+'), np.str_('+')]"
S2,Seasonal,0.12457987396860459,0.9999583887735408,0.0,0.18455801482916678,0.9999707959872012,0.2982293482741979,1,Per(p=7),['None']
S2,Seasonal,0.029724150753371315,0.9999860236171161,0.0,0.045397832058375664,0.9999909594762552,0.35291853914653337,1,Per(p=26),['None']
S3,Stationary,0.14505561394159183,0.15730928536334232,0.0,0.3202820681741829,0.42095480156648035,0.6480800085915692,1,RQ(α=1),['None']
S2,Seasonal,0.7923564734316398,0.9301549144443022,0.0,0.7896315498783988,0.9428749077247758,0.16851174808052582,5,((((Const(1)+Per(p=672))+Per(p=10))*Per(p=12))+Per(p=96)),"[np.str_('+'), np.str_('+'), np.str_('*'), np.str_('+')]"
S2,Seasonal,0.28415621621786,0.25646942001117656,0.0,0.7324692701996559,0.7320878813763172,0.8410524738993428,3,((Per(p=730)*Per(p=40))*RQ(α=10)),"[np.str_('*'), np.str_('*')]"
S2,Seasonal,0.24797188374484902,0.21750787470750754,0.0,0.4501760222346828,0.4137339989662041,0.5667525530046291,3,((Per(p=730)*RQ(α=1))*Per(p=10)),"[np.str_('*'), np.str_('*')]"
S2,Seasonal,0.19353252352447448,0.09161520920990562,0.0,0.5007145008080331,0.11748821300891965,0.21200696794341167,3,((Per(p=96)+Per(p=26))*WN(σ=0.1)),"[np.str_('+'), np.str_('*')]"
S2,Seasonal,0.7616832161727634,0.9686259097353953,0.0,0.21525381670769084,0.8930302164198807,0.0,1,Per(p=336),['None']
S2,Seasonal,0.31562236877780436,0.5576733477217504,0.0,0.395729524469994,0.759012433093997,0.6652913008003591,3,((Per(p=14)+Per(p=48))*Per(p=26)),"[np.str_('+'), np.str_('*')]"
S1,Composite,0.034819613491824386,0.09480069077506648,0.0,0.1945221251024013,0.2933563160160795,0.4144888271694015,5,((((Per(p=14)+Per(p=730))+Lin(σ=0))*RBF(l=0.1))+Per(p=6)),"[np.str_('+'), np.str_('+'), np.str_('*'), np.str_('+')]"
S1,Composite,0.9933215531647298,0.9837677278376549,0.0,0.9971786252069871,0.9928343730261793,0.5703269106983828,3,((Lin(σ=10)*Per(p=52))+Per(p=26)),"[np.str_('*'), np.str_('+')]"
S2,Seasonal,0.14146913559258978,0.31582531509347567,0.0,0.14097556182844484,0.5146747934094991,0.5757511815599222,4,(((Per(p=12)*Per(p=365))*RQ(α=1))*Per(p=168)),"[np.str_('*'), np.str_('*'), np.str_('*')]"
S3,Stationary,0.0,0.2566229806109882,0.0,0.06991309171774673,0.4574748645589177,0.528943518185609,1,RBF(l=1),['None']
S1,Composite,0.0068612934656056,0.0,0.0,0.42098466694244996,0.0,0.22487965701460866,5,((((RBF(l=10)+Per(p=7))+Lin(σ=0))+Per(p=24))*RBF(l=0.1)),"[np.str_('+'), np.str_('+'), np.str_('+'), np.str_('*')]"
S3,Stationary,0.3820777207812739,0.44407757601518727,0.0,0.8329554342110244,0.9184575621312493,0.909518618136682,1,RBF(l=10),['None']
S4,Trending,0.9999804506885648,0.2762288192247163,0.0,0.9999861028385079,0.3781122997348737,0.2893081296617174,2,(Lin(σ=1)+WN(σ=1)),[np.str_('+')]
S2,Seasonal,0.06774751592255113,0.4944906405513515,0.0,0.10625045673973776,0.5390554029393264,0.0,3,((Per(p=168)+RQ(α=0.1))+Per(p=672)),"[np.str_('+'), np.str_('+')]"
S1,Composite,0.9999055679804137,0.56120762664765,0.0,0.9999730396971218,0.8549992337190377,0.714450523067466,5,((((Per(p=52)+Per(p=7))+Per(p=365))*RQ(α=10))+Lin(σ=1)),"[np.str_('+'), np.str_('+'), np.str_('*'), np.str_('+')]"
S2,Seasonal,0.0,0.9127355895896718,0.0,0.05214192197649026,0.9650577639253246,0.6154809707733142,4,(((Const(1)+Const(1))*Per(p=52))+Per(p=40)),"[np.str_('+'), np.str_('*'), np.str_('+')]"
S4,Trending,0.9999779520337507,0.0,0.0,0.9999598238539882,0.0,0.0,1,Lin(σ=1),['None']
S2,Seasonal,0.727420791924225,0.9549835353699272,0.0,0.1258205331421326,0.6491410142371844,0.0,5,((((Per(p=48)+Per(p=672))*Per(p=60))*Per(p=672))*Per(p=14)),"[np.str_('+'), np.str_('*'), np.str_('*'), np.str_('*')]"
S1,Composite,0.3114083485633652,0.073703674680905,0.0,0.6540942478811704,0.5639179431006739,0.8149744499642281,4,(((Per(p=14)*Per(p=365))+RQ(α=10))*Lin(σ=0)),"[np.str_('*'), np.str_('+'), np.str_('*')]"
S1,Composite,0.9375586022595288,0.8968041276974639,0.0,0.9552760584502626,0.9338372622299201,0.3923277366332488,4,(((Per(p=4)*Per(p=365))+Per(p=365))*Lin(σ=0)),"[np.str_('*'), np.str_('+'), np.str_('*')]"
S2,Seasonal,0.1327094839459807,0.1023911996103598,0.0,0.32246798822393075,0.25468740423201097,0.30458313311404883,5,((((WN(σ=1)*Per(p=730))*Per(p=4))*RQ(α=0.1))*Per(p=52)),"[np.str_('*'), np.str_('*'), np.str_('*'), np.str_('*')]"
S2,Seasonal,0.23748598013984756,0.5512823664772686,0.0,0.256949635144586,0.8830615966075861,0.8545785423886323,2,(Per(p=40)*Per(p=52)),[np.str_('*')]
S1,Composite,0.7900003072022584,0.8656962095972489,0.0,0.9431137705291398,0.9659510354744141,0.7828948338832928,5,((((Per(p=24)+Lin(σ=10))*Per(p=336))*Per(p=30))+Per(p=336)),"[np.str_('+'), np.str_('*'), np.str_('*'), np.str_('+')]"
S1,Composite,0.2512941853768377,0.8125641857512482,0.0,0.19419034941062074,0.202368281848757,0.0,5,((((RBF(l=10)*Per(p=26))*Lin(σ=0))+Lin(σ=1))*Per(p=168)),"[np.str_('*'), np.str_('*'), np.str_('+'), np.str_('*')]"
S3,Stationary,0.3113050895698005,0.34188076620634666,0.0,0.8552563876366823,0.865327800206315,0.9229281215991563,1,RBF(l=10),['None']
S2,Seasonal,0.08393284767562159,0.3285832913342053,0.0,0.45781048083590226,0.8439634206413998,0.8709315914317568,4,(((Per(p=14)*Per(p=336))+Per(p=96))*RQ(α=10)),"[np.str_('*'), np.str_('+'), np.str_('*')]"
S1,Composite,0.0,0.054696805018772054,0.0,0.0779234520349017,0.3476844721480995,0.4824504767516249,5,((((Lin(σ=10)*Per(p=24))+Per(p=10))+WN(σ=0.1))*RQ(α=0.1)),"[np.str_('*'), np.str_('+'), np.str_('+'), np.str_('*')]"
S2,Seasonal,0.4677562095707649,0.7191154652108125,0.0,0.5480359676393118,0.8289612069475002,0.4733955464167916,3,((Per(p=365)+Per(p=30))*Per(p=10)),"[np.str_('+'), np.str_('*')]"
S2,Seasonal,0.06796743365649816,0.999993569827507,0.0,0.11553863231864636,0.9999956712405803,0.3268022120742301,1,Per(p=12),['None']
S3,Stationary,0.01860206046536439,0.2625781308722883,0.0,0.05946492233260314,0.4228405541046196,0.3145496112739038,1,WN(σ=1),['None']
S3,Stationary,0.06211887201669131,0.25811171831870405,0.0,0.08254067853817204,0.3795329616649562,0.28534045877547287,1,Const(1),['None']
S2,Seasonal,0.6306633360394265,0.7464800443804814,0.0,0.7797106378731916,0.9148039582945934,0.6761675914516608,4,(((Per(p=60)*Per(p=60))*Const(1))*Per(p=52)),"[np.str_('*'), np.str_('*'), np.str_('*')]"
S2,Seasonal,0.212043957046134,0.8649861011970995,0.0,0.5006750851128355,0.9217236265141993,0.49031253172688316,1,Per(p=336),['None']
S2,Seasonal,0.31070480210044116,0.3657003612365646,0.0,0.6572896217285912,0.7592357638619732,0.7827893338100056,5,((((RQ(α=10)+Per(p=336))+Per(p=730))+RQ(α=1))+Per(p=40)),"[np.str_('+'), np.str_('+'), np.str_('+'), np.str_('+')]"
S1,Composite,0.2820467682989084,0.9954185337699413,0.0,0.7956635434244859,0.9995589903404443,0.9035759373491807,5,((((Per(p=48)*Lin(σ=0))+Per(p=40))+Per(p=30))+RBF(l=1)),"[np.str_('*'), np.str_('+'), np.str_('+'), np.str_('+')]"
S1,Composite,0.9999688860513083,0.3482963581963634,0.0,0.9999927180316057,0.7740437255712482,0.7657431476912048,3,((RQ(α=10)*Per(p=52))+Lin(σ=1)),"[np.str_('*'), np.str_('+')]"
S2,Seasonal,0.24394906922577309,0.15926416671749188,0.0,0.4550930802302703,0.1787836944895691,0.13499756411930808,2,(WN(σ=1)*Per(p=10)),[np.str_('*')]
S2,Seasonal,0.02743330836295066,0.9999639284369416,0.0,0.09597131519716573,0.9999776955199119,0.3809961275546586,1,Per(p=30),['None']
S2,Seasonal,0.021608841978543625,0.7073814179819183,0.0,0.08698568296961384,0.8110948701387217,0.449756233762147,3,((RBF(l=1)*RBF(l=1))+Per(p=40)),"[np.str_('*'), np.str_('+')]"
S2,Seasonal,0.025750025511613317,0.4160084672905132,0.0,0.0,0.22250990019852834,0.0,2,(Per(p=48)*Per(p=168)),[np.str_('*')]
S2,Seasonal,0.9569902195058569,0.0,0.0,0.9869123462410676,0.4495115280888313,0.7456137647309709,2,(Per(p=168)*Per(p=336)),[np.str_('*')]
S1,Composite,0.34675134881817204,0.28543941392126804,0.0,0.5777082746657944,0.6503491373126642,0.6320483319813557,3,((Per(p=14)*Lin(σ=0))+Per(p=10)),"[np.str_('*'), np.str_('+')]"
S2,Seasonal,0.026995414148008545,0.25515088593914603,0.0,0.05177522637168863,0.5192540070773068,0.5883884049665935,5,((((Per(p=30)*Per(p=96))+Per(p=7))*Per(p=12))+WN(σ=1)),"[np.str_('*'), np.str_('+'), np.str_('*'), np.str_('+')]"
S4,Trending,0.9999999998327153,0.25824954949301127,0.0,0.999999999886686,0.3885949675177721,0.322625985057018,1,Lin(σ=0),['None']
S1,Composite,0.1818366869138709,0.28275606172464185,0.0,0.43642215993790234,0.6016782745096589,0.6113524109710597,4,(((Lin(σ=10)+Per(p=48))*RQ(α=1))+RBF(l=0.1)),"[np.str_('+'), np.str_('*'), np.str_('+')]"
S2,Seasonal,0.28325813589114945,0.13523530075715218,0.0,0.4134029142691795,0.34263604645185386,0.6099381412830338,4,(((Per(p=365)+Per(p=48))+RBF(l=1))*Per(p=14)),"[np.str_('+'), np.str_('+'), np.str_('*')]"
S2,Seasonal,0.1957409219876437,0.5011674616160096,0.0,0.23554639237743102,0.8973413254513871,0.744783773909353,5,((((Const(1)*Per(p=4))+Per(p=24))*Per(p=336))+Per(p=52)),"[np.str_('*'), np.str_('+'), np.str_('*'), np.str_('+')]"
S2,Seasonal,0.20073690974425973,0.19650827142504523,0.0,0.3099978830590374,0.3119883288469052,0.3244113769113711,3,((WN(σ=1)*Per(p=12))*RBF(l=0.1)),"[np.str_('*'), np.str_('*')]"
S2,Seasonal,0.9901127761838519,0.8936690360496568,0.0,0.8546679724672579,0.5546050336146912,0.0,1,Per(p=730),['None']
S2,Seasonal,0.6159590242199691,0.46437467455776726,0.0,0.7431920087085213,0.615954246276962,0.5020858920328124,5,((((Per(p=14)+Per(p=730))+RQ(α=10))+WN(σ=1))+Per(p=7)),"[np.str_('+'), np.str_('+'), np.str_('+'), np.str_('+')]"
S2,Seasonal,0.738606729914743,0.8731908812668157,0.0,0.860854777166455,0.9608970335608106,0.7877587446386781,1,Per(p=730),['None']
S1,Composite,0.27677433976595545,0.1383783092220131,0.0,0.4458730525467599,0.17088721395008633,0.40971326529692975,5,((((Per(p=14)*Lin(σ=1))+Per(p=6))*Per(p=4))*Per(p=730)),"[np.str_('*'), np.str_('+'), np.str_('*'), np.str_('*')]"
S3,Stationary,0.2572011173949158,0.2422597491136541,0.0,0.4570490235250153,0.3138471659915226,0.2627487671371531,1,RBF(l=0.1),['None']
S1,Composite,0.15248267432154228,0.24979178475258235,0.0,0.753630924537747,0.8649196820963995,0.9508187699575191,5,((((RBF(l=10)*Lin(σ=0))+Const(1))+Per(p=336))+Per(p=7)),"[np.str_('*'), np.str_('+'), np.str_('+'), np.str_('+')]"
S2,Seasonal,0.16147814550608408,0.19796427763242563,0.0,0.31881420604274,0.29603632567183713,0.27409817071772724,2,(Per(p=96)*WN(σ=1)),[np.str_('*')]
S3,Stationary,0.19678692164881995,0.23079935115674322,0.0,0.26093082795038325,0.31253674460314573,0.3142623809277876,3,((RBF(l=0.1)+RBF(l=10))*RQ(α=0.1)),"[np.str_('+'), np.str_('*')]"
S2,Seasonal,0.0,0.9385122883105571,0.0,0.034504353011967415,0.9794889227723089,0.6557393103140741,1,Per(p=96),['None']
S3,Stationary,0.18137169434779776,0.3127174701026535,0.0,0.2624474391575189,0.4994039793718812,0.4855175391330485,1,RBF(l=1),['None']
S2,Seasonal,0.40948084262605944,0.5799311297325868,0.0,0.608711772840368,0.8103982413944011,0.719567387593557,4,(((Const(1)+Per(p=52))*Per(p=14))*Per(p=168)),"[np.str_('+'), np.str_('*'), np.str_('*')]"
S2,Seasonal,0.6917304348009657,0.9409233133373146,0.0,0.6834728668633938,0.9815865252056382,0.7005064535742433,1,Per(p=26),['None']
S1,Composite,0.03952009647203769,0.16740807563583948,0.0,0.05710603021716609,0.31838711870721825,0.4454013254880529,4,(((Per(p=40)+Lin(σ=1))+Per(p=96))*RQ(α=0.1)),"[np.str_('+'), np.str_('+'), np.str_('*')]"
S1,Composite,0.9999760451742412,0.9999847017475494,0.0,0.9999908697531446,0.9999941634373447,0.6185341480403876,5,((((Per(p=96)+Lin(σ=1))*Per(p=12))*Const(1))+Per(p=60)),"[np.str_('+'), np.str_('*'), np.str_('*'), np.str_('+')]"
S2,Seasonal,0.08638674171928218,0.0811314889629926,0.0,0.3609876994322526,0.1268108665652683,0.2860057405006644,4,(((RBF(l=0.1)+Per(p=14))*WN(σ=0.1))*RQ(α=1)),"[np.str_('+'), np.str_('*'), np.str_('*')]"
S1,Composite,0.05654811233166346,0.193630326476952,0.0,0.3015580584394728,0.29349539677612035,0.30238082099946495,4,(((Lin(σ=10)*Per(p=6))+Per(p=30))*RQ(α=0.1)),"[np.str_('*'), np.str_('+'), np.str_('*')]"
S1,Composite,0.999990238814472,0.44215405369228455,0.0,0.9999978463538799,0.8717005494722101,0.7794571684089684,3,((Lin(σ=1)+Per(p=365))+Per(p=730)),"[np.str_('+'), np.str_('+')]"
S2,Seasonal,0.016342557837277005,0.43841005047659865,0.0,0.16849091839200447,0.756740313643381,0.7598376505965208,2,(Per(p=26)*Per(p=96)),[np.str_('*')]
S2,Seasonal,0.11074175010845555,0.263067634205566,0.0,0.2954222544274271,0.8898570329210722,0.8948936670407446,3,((Per(p=365)*RBF(l=10))+WN(σ=0.1)),"[np.str_('*'), np.str_('+')]"
S2,Seasonal,0.8279002093285689,0.7856659896701033,0.0,0.8966036182906847,0.8871809320496291,0.5417190690106977,4,(((Per(p=40)+Per(p=26))*Per(p=7))+RBF(l=10)),"[np.str_('+'), np.str_('*'), np.str_('+')]"
S1,Composite,0.012203917653245355,0.6006771385711664,0.0,0.027750562011229052,0.7304786050702504,0.1428616697247722,5,((((Per(p=336)+Lin(σ=1))*RQ(α=10))+WN(σ=1))+WN(σ=0.1)),"[np.str_('+'), np.str_('*'), np.str_('+'), np.str_('+')]"
S1,Composite,0.9999929005469149,0.31532235833153477,0.0,0.9999949105547546,0.4061442949831445,0.2829359804110586,5,((((RBF(l=0.1)*Per(p=672))*Per(p=40))+Lin(σ=0))+Per(p=14)),"[np.str_('*'), np.str_('*'), np.str_('+'), np.str_('+')]"
S2,Seasonal,0.04218563138122544,0.967761982548124,0.0,0.25870892934275214,0.978507328952132,0.3957842854581364,1,Per(p=60),['None']
S3,Stationary,0.13015096791987657,0.2558079649265441,0.0,0.288359591981442,0.6222067138740308,0.7321030745136536,4,(((RQ(α=10)+RQ(α=1))+WN(σ=0.1))+RQ(α=10)),"[np.str_('+'), np.str_('+'), np.str_('+')]"
S2,Seasonal,0.0,0.9209043326050717,0.0,0.09870385206956722,0.9564283778780959,0.45365766264251484,1,Per(p=60),['None']
S2,Seasonal,0.9994264258769548,0.11152108072075284,0.0,0.9999549136038904,0.6593333589246113,0.9236139430866214,1,Per(p=672),['None']
S1,Composite,0.036184883443077576,0.07562065894122116,0.0,0.41127172998804296,0.10948435422094893,0.3045184848258803,5,((((Lin(σ=0)*WN(σ=0.1))+Per(p=30))*Per(p=365))+Per(p=30)),"[np.str_('*'), np.str_('+'), np.str_('*'), np.str_('+')]"
S2,Seasonal,0.16568627740245323,0.9239048767044964,0.0,0.24299903132069667,0.9432372132416015,0.27456445532573703,2,(WN(σ=0.1)+Per(p=6)),[np.str_('+')]
S2,Seasonal,0.7428463367433169,0.8064877914510533,0.0,0.8140241809298587,0.8988169795226653,0.528706062375058,4,(((Per(p=40)+Per(p=12))*Per(p=336))+Per(p=4)),"[np.str_('+'), np.str_('*'), np.str_('+')]"
S2,Seasonal,0.3895069682844391,0.28781822978811833,0.0,0.6360217095498284,0.5121812950937039,0.5675295162212399,5,((((Per(p=365)*RBF(l=10))+Per(p=168))*Per(p=10))+Per(p=6)),"[np.str_('*'), np.str_('+'), np.str_('*'), np.str_('+')]"
S2,Seasonal,0.3932836085484941,0.7468176791636416,0.0,0.8371718790002133,0.9457913122668101,0.8578187644884353,2,(Per(p=336)*Per(p=40)),[np.str_('*')]
S2,Seasonal,0.3507341037415168,0.24009789527070524,0.0,0.46152093404906136,0.38697592636842804,0.2959287196606737,2,(Per(p=730)+WN(σ=1)),[np.str_('+')]
S2,Seasonal,0.47632214625201974,0.6103339918694446,0.0,0.8365543849656973,0.8998440939806898,0.8529825549310124,3,((Per(p=365)+Per(p=48))+RQ(α=10)),"[np.str_('+'), np.str_('+')]"
S3,Stationary,0.292241898593923,0.2074226779048256,0.0,0.3219785193301381,0.263530585924176,0.17451222377760123,1,Const(1),['None']
S1,Composite,0.9999904600874684,0.9999953235275398,0.0,0.9999980502119317,0.9999990453136989,0.7955831511664649,3,((Lin(σ=10)*Per(p=12))*Lin(σ=0)),"[np.str_('*'), np.str_('*')]"
S2,Seasonal,0.8166096219294922,0.23618154805269853,0.0,0.9259577016617978,0.5253148646274661,0.6589025612829719,4,(((Per(p=14)*Per(p=12))*Per(p=730))+Per(p=365)),"[np.str_('*'), np.str_('*'), np.str_('+')]"
S2,Seasonal,0.2089431254194647,0.21569067651836804,0.0,0.3017425759452863,0.2903291910908641,0.3383303012378005,5,((((RBF(l=1)+RBF(l=10))*Per(p=12))+Per(p=168))*RBF(l=1)),"[np.str_('+'), np.str_('*'), np.str_('+'), np.str_('*')]"
S4,Trending,0.9999655517173746,0.012419837446386084,0.0,0.9999698901580457,0.019286874065334247,0.12603959075964744,2,(Lin(σ=0)+WN(σ=1)),[np.str_('+')]
S3,Stationary,0.05144637230192772,0.7669964578559407,0.0,0.11217977666223777,0.8461960847107561,0.34545222137602505,1,RQ(α=1),['None']
S2,Seasonal,0.9991664160584043,0.9997127560098862,0.0,0.9993492435956165,0.9997757821535007,0.22094715040208124,2,(Per(p=336)*Per(p=4)),[np.str_('*')]
S2,Seasonal,0.11879950383269589,0.851828343165077,0.0,0.2457829787062482,0.8960206201076282,0.28840880654332113,3,((Per(p=48)*RBF(l=10))+RBF(l=10)),"[np.str_('*'), np.str_('+')]"
S2,Seasonal,0.03706638544220853,0.6679742204776461,0.0,0.0,0.062072884271545004,0.0,1,Per(p=336),['None']
S1,Composite,0.08048719244239544,0.020499207510445094,0.0,0.3242001207266235,0.05815078523307149,0.3719133886384367,4,(((Lin(σ=1)*Per(p=14))*WN(σ=0.1))*Lin(σ=0)),"[np.str_('*'), np.str_('*'), np.str_('*')]"
S1,Composite,0.9998530460587854,0.5257648396779759,0.0,0.999979097680324,0.8936729549632763,0.8578115419016199,5,((((Per(p=26)*Per(p=14))+Lin(σ=10))+Per(p=26))+Per(p=10)),"[np.str_('*'), np.str_('+'), np.str_('+'), np.str_('+')]"
S2,Seasonal,0.0016790610859680477,0.5234593862580235,0.0,0.09613661964575082,0.7153646127987475,0.5754285325613181,4,(((WN(σ=0.1)+Per(p=10))+Per(p=12))+RBF(l=0.1)),"[np.str_('+'), np.str_('+'), np.str_('+')]"
S1,Composite,0.5583641053075019,0.5458081606062553,0.0,0.9220069129772493,0.9140543996253246,0.8550145912335316,5,((((Lin(σ=0)+Per(p=30))*Per(p=96))+RQ(α=1))*Per(p=336)),"[np.str_('+'), np.str_('*'), np.str_('+'), np.str_('*')]"
S2,Seasonal,0.7873239045008064,0.8713293058645191,0.0,0.9975325565489526,0.9991869483503822,0.9946338224716199,3,((Per(p=26)*Per(p=672))+Per(p=96)),"[np.str_('*'), np.str_('+')]"
S1,Composite,0.9999178702641217,0.9999324460341908,0.0,0.999973940283328,0.9999785782535545,0.6827748968741547,5,((((RBF(l=0.1)+Lin(σ=0))+RQ(α=0.1))+Per(p=40))*Per(p=24)),"[np.str_('+'), np.str_('+'), np.str_('+'), np.str_('*')]"
S2,Seasonal,0.25042157101036555,0.3503645439618982,0.0,0.3583742978978858,0.46646134391817506,0.4717050213561266,5,((((WN(σ=1)+RQ(α=1))+Per(p=12))*Per(p=26))*Per(p=336)),"[np.str_('+'), np.str_('+'), np.str_('*'), np.str_('*')]"
S2,Seasonal,0.020816863930582463,0.995369493168747,0.0,0.14948618788706736,0.9988571554661976,0.7522309317327717,1,Per(p=40),['None']
S2,Seasonal,0.10821737377814111,0.3843595694616627,0.0,0.2132172631630228,0.5035015761651048,0.3863063624307438,3,((RQ(α=0.1)*Per(p=6))+Per(p=10)),"[np.str_('*'), np.str_('+')]"
S2,Seasonal,0.07065899292307798,0.27115576073771763,0.0,0.1556478634224554,0.6123559967569616,0.6766826221501476,5,((((Per(p=40)*RBF(l=1))+Per(p=60))*RQ(α=10))+Per(p=24)),"[np.str_('*'), np.str_('+'), np.str_('*'), np.str_('+')]"
S2,Seasonal,0.6255901301169602,0.6810246093639754,0.0,0.718049034996435,0.8353341620324253,0.5570914832121787,4,(((Per(p=52)*RQ(α=1))+Per(p=7))+Per(p=40)),"[np.str_('*'), np.str_('+'), np.str_('+')]"
S2,Seasonal,0.1764915343421588,0.42555242183685627,0.0,0.247507481004967,0.5138057916408482,0.23816906409219607,3,((RBF(l=0.1)*Per(p=48))+Per(p=6)),"[np.str_('*'), np.str_('+')]"
S2,Seasonal,0.0086719166517919,0.0,0.0,0.07410512473671238,0.0,0.7440272081451018,2,(Per(p=40)*Per(p=60)),[np.str_('*')]
S2,Seasonal,0.9883676985288012,0.9956334216933375,0.0,0.99974935357701,0.9999156192399493,0.9808772535196542,4,(((Per(p=10)*Per(p=730))*Const(1))+Per(p=96)),"[np.str_('*'), np.str_('*'), np.str_('+')]"
S3,Stationary,0.07386365137047879,0.4469972350453907,0.0,0.26899630896491555,0.7709979434932702,0.6542974863284968,1,RQ(α=1),['None']
S2,Seasonal,0.08242471065465706,0.8694157463515826,0.0,0.0,0.2351837323954733,0.0,5,((((Per(p=24)*Per(p=48))+RQ(α=1))*RQ(α=0.1))*RQ(α=0.1)),"[np.str_('*'), np.str_('+'), np.str_('*'), np.str_('*')]"
S3,Stationary,0.17002203995707665,0.23035088291775996,0.0,0.351657052441092,0.29754301050969456,0.25400133924511714,1,Const(1),['None']
S2,Seasonal,0.05218914224292781,0.6567943641311591,0.0,0.12250239683673048,0.7285974883173927,0.2720720838715963,4,(((WN(σ=1)*Per(p=14))+RBF(l=0.1))+Per(p=14)),"[np.str_('*'), np.str_('+'), np.str_('+')]"
S2,Seasonal,0.7177313658641911,0.6941363028421206,0.0,0.8505387526215441,0.8366283192626092,0.60789723982523,5,((((Per(p=168)*RBF(l=10))+Per(p=24))+Per(p=730))*Per(p=12)),"[np.str_('*'), np.str_('+'), np.str_('+'), np.str_('*')]"
S1,Composite,0.999890163150612,0.9999903268674527,0.0,0.9999354731210106,0.9999943195502762,0.4127112869824665,5,((((Per(p=6)+Per(p=365))+Lin(σ=0))+RQ(α=10))*Per(p=6)),"[np.str_('+'), np.str_('+'), np.str_('+'), np.str_('*')]"
S1,Composite,0.004481527750854308,0.558575283999396,0.0,0.0,0.34551030213017453,0.0,5,((((Per(p=365)+RBF(l=0.1))*Lin(σ=10))*Per(p=4))+RQ(α=0.1)),"[np.str_('+'), np.str_('*'), np.str_('*'), np.str_('+')]"
S2,Seasonal,0.5650048246894877,0.20774607219206787,0.0,0.9414338057072794,0.6915758125159528,0.9256499334883008,3,((Per(p=96)*Per(p=24))+Per(p=730)),"[np.str_('*'), np.str_('+')]"
S3,Stationary,0.21643549876727264,0.22981208527564945,0.0,0.3559805450271881,0.3375477896182263,0.32348107740850796,1,WN(σ=1),['None']
S2,Seasonal,0.013039636603010996,0.8493322554234253,0.0,0.10751102360270093,0.890709246702071,0.23898231475904286,4,(((WN(σ=0.1)*Per(p=672))+Per(p=24))+Const(1)),"[np.str_('*'), np.str_('+'), np.str_('+')]"
S2,Seasonal,0.9608910031180775,0.2989762891705008,0.0,0.9734505391399703,0.42577741506168476,0.3556870385226222,4,(((WN(σ=0.1)*Const(1))+Per(p=336))+Per(p=365)),"[np.str_('*'), np.str_('+'), np.str_('+')]"
S2,Seasonal,0.09031263631117914,0.9999902665398248,0.0,0.18442562602433987,0.9999939997611931,0.3834759478426878,2,(Const(1)*Per(p=26)),[np.str_('*')]
S2,Seasonal,0.046164712288852994,0.19856564220440864,0.0,0.06667201215122776,0.320872481872159,0.33057962584831735,4,(((WN(σ=0.1)+RBF(l=0.1))*Per(p=672))*Const(1)),"[np.str_('+'), np.str_('*'), np.str_('*')]"
S2,Seasonal,0.697711532728787,0.6188421484462743,0.0,0.8685626237808904,0.915613216938761,0.8340830102928872,2,(Per(p=730)*Per(p=96)),[np.str_('*')]
S2,Seasonal,0.9999722114523932,0.9999836952719563,0.0,0.9999818367719701,0.9999893855853949,0.34898511313729186,3,((Per(p=4)+Const(1))+Per(p=336)),"[np.str_('+'), np.str_('+')]"
S2,Seasonal,0.22512108913688156,0.3572156281118025,0.0,0.09189644875546676,0.3995943317348374,0.11437202092041732,1,Per(p=52),['None']
S2,Seasonal,0.06921253970376173,0.20092911227110877,0.0,0.9104396112436488,0.9856286374314118,0.9883439265057848,2,(RBF(l=10)*Per(p=365)),[np.str_('*')]
S2,Seasonal,0.9970413243212571,0.002377860350060601,0.0,0.9996420364751408,0.8139462706519356,0.8855605523045457,1,Per(p=336),['None']
S2,Seasonal,0.3094835809887374,0.3755215730633178,0.0,0.42910718294521555,0.5650050963354782,0.5813131846487571,4,(((Per(p=40)+RBF(l=0.1))*RBF(l=10))*Per(p=40)),"[np.str_('+'), np.str_('*'), np.str_('*')]"
S2,Seasonal,0.41437191107690363,0.2767439722555243,0.0,0.449149299808942,0.37904934657043987,0.41174605563954014,5,((((Per(p=60)*RQ(α=10))+Per(p=26))+WN(σ=1))+RBF(l=1)),"[np.str_('*'), np.str_('+'), np.str_('+'), np.str_('+')]"
S1,Composite,0.9999953486281496,0.9093090986160266,0.0,0.9999967793901173,0.9350629647338518,0.30749393902888333,4,(((RQ(α=1)*WN(σ=0.1))+Lin(σ=10))+Per(p=10)),"[np.str_('*'), np.str_('+'), np.str_('+')]"
S2,Seasonal,0.01564939159979639,0.7118353986352578,0.0,0.02062736907013729,0.8214240784479434,0.5180019148336321,2,(WN(σ=0.1)+Per(p=96)),[np.str_('+')]
S2,Seasonal,0.0,0.997974933748439,0.0,0.5315446202372276,0.9997347897035529,0.8697775662682908,1,Per(p=48),['None']
S2,Seasonal,0.30237930978579586,0.26444010286761643,0.0,0.411445597308826,0.4052427408431415,0.4407903359781925,3,((Per(p=10)*Per(p=10))*RBF(l=1)),"[np.str_('*'), np.str_('*')]"
S2,Seasonal,0.0,0.9994577382866182,0.0,0.6507562262476599,0.999946259233449,0.9010365946093397,1,Per(p=52),['None']
S3,Stationary,0.11966899538542741,0.20529747158765688,0.0,0.2291918683001809,0.5461981989366949,0.6568545308629445,2,(RQ(α=10)+RQ(α=0.1)),[np.str_('+')]
S1,Composite,0.053144871359312895,0.06365254105810281,0.0,0.36880055281716373,0.12244637427452609,0.36278205550797094,4,(((Per(p=60)*WN(σ=1))*Lin(σ=10))+RQ(α=10)),"[np.str_('*'), np.str_('*'), np.str_('+')]"
S4,Trending,0.0,0.09244833576304556,0.0,0.02207378146092187,0.4444517364151027,0.46269057438484096,2,(Lin(σ=1)*RBF(l=0.1)),[np.str_('*')]
S2,Seasonal,0.013267960575189197,0.24141314619199727,0.0,0.13224544703456187,0.39510902701196593,0.34836902771306244,3,((WN(σ=1)*Per(p=4))*Per(p=365)),"[np.str_('*'), np.str_('*')]"
S3,Stationary,0.09833796168812958,0.13145286686647562,0.0,0.3132500733382424,0.2549865812598241,0.31056396049606616,1,WN(σ=0.1),['None']
S2,Seasonal,0.0,0.65155751713877,0.0,0.3232901571898581,0.9181393751053019,0.8594707750760687,2,(Per(p=14)+Per(p=30)),[np.str_('+')]
S2,Seasonal,0.33657349191262464,0.37069320372440273,0.0,0.4773627980532257,0.5367888336985567,0.4664660533355762,3,((RBF(l=1)+Per(p=336))*Per(p=14)),"[np.str_('+'), np.str_('*')]"
S2,Seasonal,0.17821127467030762,0.18202152372785219,0.0,0.34795265613540705,0.2688180892081412,0.3533773175249688,4,(((Per(p=48)*Per(p=365))+RQ(α=0.1))*RQ(α=0.1)),"[np.str_('*'), np.str_('+'), np.str_('*')]"
S2,Seasonal,0.0,0.9961409310820198,0.0,0.4260670125212356,0.9994733173018946,0.8630304207147225,1,Per(p=52),['None']
S2,Seasonal,0.017907562748774475,0.4337148580011273,0.0,0.058056233869294704,0.6225995039357421,0.5416605338511393,5,((((RBF(l=1)+Per(p=24))+Const(1))+Per(p=52))+Per(p=48)),"[np.str_('+'), np.str_('+'), np.str_('+'), np.str_('+')]"
S2,Seasonal,0.9984036801176163,0.9994968253003702,0.0,0.9992538412730924,0.9997644834981634,0.5349676384456447,3,((Per(p=336)*Per(p=7))+Per(p=672)),"[np.str_('*'), np.str_('+')]"
S2,Seasonal,0.9810520916461364,0.9990400285626108,0.0,0.9841344599616759,0.9991986231834986,0.17770153086921647,2,(Per(p=14)*Per(p=730)),[np.str_('*')]
S2,Seasonal,0.01770586140210506,0.6669981671797012,0.0,0.039360143237907486,0.12428665797789784,0.0,5,((((Per(p=30)*Per(p=12))*Per(p=336))*Per(p=365))*Per(p=10)),"[np.str_('*'), np.str_('*'), np.str_('*'), np.str_('*')]"
S2,Seasonal,0.0671044021408499,0.30648691207390877,0.0,0.06631672438385938,0.4205417840860719,0.29843428974713604,3,((Per(p=96)+Per(p=60))*WN(σ=0.1)),"[np.str_('+'), np.str_('*')]"
S2,Seasonal,0.034400388083057454,0.36687160708629074,0.0,0.14416199792472095,0.7275957107361452,0.7353619182904058,3,((RQ(α=10)*Per(p=14))*Const(1)),"[np.str_('*'), np.str_('*')]"
S3,Stationary,0.17255176531502459,0.14833378091067395,0.0,0.45968606234622955,0.2586797786123207,0.4089482600030806,1,WN(σ=1),['None']
S1,Composite,0.09194637608306488,0.26067372289669033,0.0,0.1282927025030307,0.3950659332363876,0.3389325324440774,5,((((Per(p=60)*Lin(σ=1))*Per(p=672))*Per(p=26))*Per(p=4)),"[np.str_('*'), np.str_('*'), np.str_('*'), np.str_('*')]"
S2,Seasonal,0.20034223296720766,0.22893935652256203,0.0,0.3207180979267156,0.37892353715535243,0.41661147199964776,5,((((Per(p=40)*RBF(l=1))+RBF(l=0.1))*Per(p=30))+RBF(l=1)),"[np.str_('*'), np.str_('+'), np.str_('*'), np.str_('+')]"
S2,Seasonal,0.16466610756991074,0.3160834639507102,0.0,0.2964933482706922,0.5364261520206652,0.5335542654261318,5,((((Per(p=52)*Per(p=365))+WN(σ=1))*Per(p=12))*Per(p=24)),"[np.str_('*'), np.str_('+'), np.str_('*'), np.str_('*')]"
S1,Composite,0.9999966910320445,0.630622469706289,0.0,0.9999966116395347,0.6249202155607192,0.0,3,((Lin(σ=0)+Per(p=4))+WN(σ=0.1)),"[np.str_('+'), np.str_('+')]"
S2,Seasonal,0.5778416796352357,0.7150632630019516,0.0,0.8116055860884916,0.9188160929633701,0.7443963311563522,2,(Per(p=730)*Per(p=60)),[np.str_('*')]
S2,Seasonal,0.4428783050224243,0.5650604420043246,0.0,0.515854114422682,0.7675548163682014,0.577132544490929,5,((((Per(p=60)+Per(p=60))*Per(p=60))*Per(p=30))*Per(p=14)),"[np.str_('+'), np.str_('*'), np.str_('*'), np.str_('*')]"
S2,Seasonal,0.07740634209039887,0.4280328108546543,0.0,0.3496999033229603,0.80395902704591,0.8208897202527883,3,((Per(p=168)*Per(p=52))*Per(p=40)),"[np.str_('*'), np.str_('*')]"
S2,Seasonal,0.06046291754209843,0.9999606796642126,0.0,0.21892600896283843,0.9999747267485101,0.35726028398670795,1,Per(p=14),['None']
S3,Stationary,0.22879228897223491,0.1331374781956799,0.0,0.49246882985376217,0.16401379339300437,0.1886780899207744,1,RBF(l=0.1),['None']
S2,Seasonal,0.999800346647583,0.07653943337293956,0.0,0.9999978089642085,0.8600053984135773,0.9893068388971786,1,Per(p=336),['None']
S2,Seasonal,0.14129333446858405,0.9999899300428436,0.0,0.23793238756981272,0.9999925370115602,0.25900088835201207,2,(Const(1)*Per(p=6)),[np.str_('*')]
S1,Composite,0.9999587558673478,0.9999900742331166,0.0,0.9999745743268099,0.9999938802266469,0.38374677361099496,5,((((Per(p=730)*Per(p=60))+Per(p=24))+Lin(σ=10))*Per(p=6)),"[np.str_('*'), np.str_('+'), np.str_('+'), np.str_('*')]"
S3,Stationary,0.23913075916236148,0.241609147897354,0.0,0.41803983374836906,0.44030811880704335,0.5983930008448208,1,RBF(l=1),['None']
S1,Composite,0.9999992534540582,0.999999999800948,0.0,0.9999994268784042,0.9999999998472148,0.2324351492165433,3,((Per(p=6)*Lin(σ=10))+Lin(σ=1)),"[np.str_('*'), np.str_('+')]"
S3,Stationary,0.027422739328360146,0.24681553212304008,0.0,0.05131733181731113,0.5832286567989573,0.5880173794306298,1,RBF(l=1),['None']
S2,Seasonal,0.9998938160877787,0.9999818694334484,0.0,0.9999792720674955,0.999996506514799,0.8073330490091306,2,(Per(p=365)+Per(p=7)),[np.str_('+')]
S2,Seasonal,0.4794005060889728,0.23336758815382508,0.0,0.5974966889763365,0.3830358141045206,0.4401587665462604,2,(RQ(α=0.1)+Per(p=672)),[np.str_('+')]
S2,Seasonal,0.99984547108878,0.09473156449024722,0.0,0.9999864976685822,0.7376017848009709,0.9140724569900283,1,Per(p=672),['None']
S2,Seasonal,0.33633004548912704,0.3395445605958809,0.0,0.8332235152106009,0.9066058482149291,0.9318694309860246,5,((((Per(p=96)+Const(1))*Per(p=730))*Per(p=60))*Per(p=52)),"[np.str_('+'), np.str_('*'), np.str_('*'), np.str_('*')]"
S2,Seasonal,0.276207939950355,0.8908310414232435,0.0,0.6150099383956841,0.9361452004318274,0.4598177352137919,2,(Per(p=48)*Per(p=730)),[np.str_('*')]
S4,Trending,0.022483788881958455,0.35349734146286593,0.0,0.13161504241974897,0.8508751421650974,0.7854394675630053,3,((RBF(l=10)+RQ(α=1))*Lin(σ=1)),"[np.str_('+'), np.str_('*')]"
S2,Seasonal,0.16731662048629525,0.2741737612743481,0.0,0.1828351555153438,0.45088444334318956,0.5290534660358641,4,(((Per(p=24)+Per(p=168))*RQ(α=1))*Per(p=365)),"[np.str_('+'), np.str_('*'), np.str_('*')]"
S2,Seasonal,0.856912814475532,0.49426383237805604,0.0,0.8524568933531194,0.4957944353913252,0.00652140503174381,3,((Per(p=4)+RBF(l=1))+RQ(α=10)),"[np.str_('+'), np.str_('+')]"
S2,Seasonal,0.08538215264456184,0.563673560356063,0.0,0.01987483040479443,0.620555310285931,0.34543148696589665,2,(Per(p=7)+Per(p=40)),[np.str_('+')]
S2,Seasonal,0.00027608903935960605,0.5339865992573407,0.0,0.0003835582869402554,0.5235650258306265,0.0005700344421724068,2,(Per(p=52)+Per(p=6)),[np.str_('+')]
S3,Stationary,0.10104074283598108,0.09934229571498654,0.0,0.37928493585144796,0.19200300749531807,0.3590654500728666,1,WN(σ=1),['None']
S2,Seasonal,0.11638646877816783,0.6075756814560449,0.0,0.2033326937799249,0.7841022168000987,0.5984538533086288,3,((Per(p=24)+Per(p=48))+RBF(l=1)),"[np.str_('+'), np.str_('+')]"
S2,Seasonal,0.1844823001343069,0.2583178390164711,0.0,0.21107706921954916,0.33997046844608536,0.321793082490466,5,((((RBF(l=10)*Per(p=26))*Per(p=52))*RQ(α=0.1))+WN(σ=1)),"[np.str_('*'), np.str_('*'), np.str_('*'), np.str_('+')]"
S2,Seasonal,0.2553569465048239,0.08887257856216013,0.0,0.4612572747023499,0.2700455011393138,0.5596371503653577,5,((((Per(p=14)+Per(p=672))+Per(p=30))+Per(p=730))*RBF(l=1)),"[np.str_('+'), np.str_('+'), np.str_('+'), np.str_('*')]"
S2,Seasonal,0.7385524870560485,0.45581221251477855,0.0,0.8362816533162851,0.6419890993762967,0.4801446137038984,3,((Per(p=40)*Per(p=30))+Per(p=730)),"[np.str_('*'), np.str_('+')]"
S1,Composite,0.06197170652674555,0.3925702587594072,0.0,0.2751588819237586,0.9051387039081672,0.8798676180030193,3,((Lin(σ=10)*RQ(α=10))+Per(p=30)),"[np.str_('*'), np.str_('+')]"
S2,Seasonal,0.06663970303651279,0.7979661546064439,0.0,0.1491871436228609,0.7675226034553729,0.0,4,(((RQ(α=1)+Per(p=10))*Per(p=40))+Per(p=336)),"[np.str_('+'), np.str_('*'), np.str_('+')]"
S2,Seasonal,0.14637820847698368,0.4325943788992973,0.0,0.35588201072477876,0.7988620385660766,0.7681937471818818,5,((((Per(p=10)+RQ(α=10))+RQ(α=10))*Per(p=26))+Per(p=40)),"[np.str_('+'), np.str_('+'), np.str_('*'), np.str_('+')]"
S2,Seasonal,0.1465712808325914,0.5344820483294568,0.0,0.2692304586343347,0.6692474912920265,0.5361148882462095,5,((((Per(p=24)+Per(p=26))*Per(p=365))+Per(p=40))+Per(p=30)),"[np.str_('+'), np.str_('*'), np.str_('+'), np.str_('+')]"
S2,Seasonal,0.3939090977227001,0.4274467408464967,0.0,0.6028440762372365,0.7422198473743595,0.7032060182547422,4,(((Per(p=52)*Per(p=336))+RQ(α=1))+Per(p=48)),"[np.str_('*'), np.str_('+'), np.str_('+')]"
S2,Seasonal,0.7693216982688182,0.8704200577139398,0.0,0.8466136333113132,0.9126368810516206,0.3474199584551989,5,((((Per(p=730)+Per(p=730))+Const(1))+WN(σ=0.1))*Per(p=4)),"[np.str_('+'), np.str_('+'), np.str_('+'), np.str_('*')]"
S3,Stationary,0.03404446917894133,0.5200898094976123,0.0,0.0,0.1531937321938135,0.0,2,(RBF(l=1)+RBF(l=10)),[np.str_('+')]
S2,Seasonal,0.02976502460987185,0.2920738881650068,0.0,0.05819390654168766,0.4055086155409303,0.36298439418238826,3,((RQ(α=0.1)*Per(p=7))*Per(p=12)),"[np.str_('*'), np.str_('*')]"
S2,Seasonal,0.19254981397931115,0.9999892788322422,0.0,0.22153720600105908,0.9999928899029761,0.3365857432013153,1,Per(p=7),['None']
S2,Seasonal,0.1471887195606545,0.9998926264932414,0.0,0.3306544075378415,0.9999347576179943,0.39229075717122563,1,Per(p=4),['None']
S1,Composite,0.053367107558718874,0.37474423273219526,0.0,0.18778186570809818,0.7108190279771902,0.7894830355814086,5,((((RBF(l=10)*Lin(σ=0))*Per(p=24))+Per(p=7))+Per(p=26)),"[np.str_('*'), np.str_('*'), np.str_('+'), np.str_('+')]"
S2,Seasonal,0.27762352572600413,0.14200896212161063,0.0,0.44631955746523666,0.20312664164159644,0.2664964201710215,5,((((WN(σ=0.1)*RBF(l=10))*Per(p=60))*Per(p=30))*Per(p=672)),"[np.str_('*'), np.str_('*'), np.str_('*'), np.str_('*')]"
S2,Seasonal,0.492666973084977,0.1717878979587002,0.0,0.6301908218971581,0.43775260472348587,0.5892550775187813,4,(((RBF(l=0.1)+Per(p=14))+RBF(l=10))+RQ(α=10)),"[np.str_('+'), np.str_('+'), np.str_('+')]"
S1,Composite,0.0,0.0006382549210812716,0.0,0.5328572119955233,0.0006273114618047249,0.30731907613916043,5,((((Per(p=96)*Lin(σ=10))+Per(p=336))*RBF(l=0.1))+Per(p=6)),"[np.str_('*'), np.str_('+'), np.str_('*'), np.str_('+')]"
S2,Seasonal,0.6802965489966446,0.9517739520764997,0.0,0.26873109478904034,0.5975126399664634,0.0,1,Per(p=730),['None']
S2,Seasonal,0.04400478582197953,0.7790707642458186,0.0,0.0,0.7131308014325409,0.0,3,((WN(σ=1)*Per(p=24))+Per(p=336)),"[np.str_('*'), np.str_('+')]"
S2,Seasonal,0.0,0.9793278848933412,0.0,0.4322899058347581,0.9859566121287674,0.34394761515342986,1,Per(p=60),['None']
S2,Seasonal,0.2482589679480507,0.2737985664407141,0.0,0.4987376225348684,0.5649174424661607,0.6910579390303963,5,((((RQ(α=1)*Per(p=52))+Per(p=30))*Per(p=48))+Per(p=168)),"[np.str_('*'), np.str_('+'), np.str_('*'), np.str_('+')]"
S2,Seasonal,0.092868523200892,0.24508026333369115,0.0,0.15276055126736254,0.4234861471703345,0.427723435867414,2,(RQ(α=0.1)*Per(p=7)),[np.str_('*')]
S2,Seasonal,0.3285650822014442,0.3150988420607457,0.0,0.5511398576422684,0.5698033437475435,0.6210718161120825,3,((Per(p=60)+Per(p=30))*Per(p=96)),"[np.str_('+'), np.str_('*')]"
S2,Seasonal,0.002430696850043268,0.5913784380951395,0.0,0.0,0.5225194376542124,0.0,5,((((RBF(l=0.1)*WN(σ=0.1))+RQ(α=1))*Per(p=14))*Per(p=168)),"[np.str_('*'), np.str_('+'), np.str_('*'), np.str_('*')]"
S1,Composite,0.020379304697600742,0.2945069486767229,0.0,0.11404848897230757,0.5088969626104689,0.5244534903956237,5,((((Per(p=10)*Per(p=60))*Lin(σ=1))*Per(p=14))*Lin(σ=0)),"[np.str_('*'), np.str_('*'), np.str_('*'), np.str_('*')]"
S2,Seasonal,0.08822034013403501,0.33584268695221675,0.0,0.1802410928726722,0.6428887744366157,0.6324671906422188,5,((((Per(p=12)+Per(p=4))*RQ(α=10))*Per(p=672))*Per(p=336)),"[np.str_('+'), np.str_('*'), np.str_('*'), np.str_('*')]"
S1,Composite,0.28110083782624695,0.9069529620578963,0.0,0.44183377015330005,0.9629630453068021,0.5911910179114506,2,(Lin(σ=1)*Per(p=60)),[np.str_('*')]
S2,Seasonal,0.06375431010898291,0.2394124400967541,0.0,0.1594082316148282,0.37123838076807925,0.34537830268784164,5,((((Per(p=7)*Const(1))*Per(p=60))+RBF(l=0.1))*WN(σ=1)),"[np.str_('*'), np.str_('*'), np.str_('+'), np.str_('*')]"
S2,Seasonal,0.5722953484829003,0.517023428111049,0.0,0.8230725737614972,0.8864235308342988,0.8301131300019202,3,((RQ(α=10)+Const(1))+Per(p=14)),"[np.str_('+'), np.str_('+')]"
S2,Seasonal,0.2365324572478148,0.17456680999180285,0.0,0.4401904115540445,0.24987971987794266,0.31034106640905035,5,((((Per(p=30)+RQ(α=10))+Per(p=26))*RBF(l=0.1))*Per(p=10)),"[np.str_('+'), np.str_('+'), np.str_('*'), np.str_('*')]"
S2,Seasonal,0.5783589947189336,0.47615622907621513,0.0,0.7020206176149806,0.6610195008492297,0.506781269406817,5,((((RBF(l=10)+Per(p=7))+Per(p=672))+Per(p=10))+RQ(α=0.1)),"[np.str_('+'), np.str_('+'), np.str_('+'), np.str_('+')]"
S1,Composite,0.9996242446014629,0.9999070837791487,0.0,0.9997430081685744,0.9999366661994852,0.3192255940226669,4,(((Lin(σ=10)+Per(p=48))*Per(p=7))*Per(p=730)),"[np.str_('+'), np.str_('*'), np.str_('*')]"
S1,Composite,0.005922982598706272,0.7364919645987538,0.0,0.0017582316393396358,0.798110571805955,0.2543040589388522,4,(((Lin(σ=0)*Per(p=168))*Per(p=40))+Per(p=730)),"[np.str_('*'), np.str_('*'), np.str_('+')]"
S2,Seasonal,0.4005592401168675,0.21583769249303608,0.0,0.5205514698825756,0.32016536648324356,0.24836486205735886,2,(RBF(l=10)*Per(p=4)),[np.str_('*')]
S3,Stationary,0.09461648850989912,0.08071617958552746,0.0,0.2962359313923921,0.20795365861751924,0.3404702566807112,1,WN(σ=1),['None']
S2,Seasonal,0.7345680010455247,0.12284284030500725,0.0,0.8766965045268313,0.5039559239451781,0.6779989021475599,3,((Per(p=12)*Per(p=48))+Per(p=672)),"[np.str_('*'), np.str_('+')]"
S2,Seasonal,0.02824013362794464,0.8716959725932998,0.0,0.03940150557516575,0.9027447410630054,0.30962943240336327,3,((Per(p=30)*WN(σ=0.1))+Per(p=40)),"[np.str_('*'), np.str_('+')]"
S2,Seasonal,0.0,0.9515395951266862,0.0,0.6486196712159031,0.9975428006551155,0.9483682822550512,1,Per(p=60),['None']
S1,Composite,0.9998974733404855,0.9520103905694671,0.0,0.9999982045386223,0.9990879181013483,0.9824864899258169,3,((Per(p=672)+Lin(σ=0))+Per(p=96)),"[np.str_('+'), np.str_('+')]"
S2,Seasonal,0.1466925182506582,0.3005633892558781,0.0,0.173192652418812,0.37876399029878816,0.35813977065895874,4,(((Per(p=4)*WN(σ=0.1))*Per(p=24))*Per(p=96)),"[np.str_('*'), np.str_('*'), np.str_('*')]"
S1,Composite,0.06204972270826925,0.13204319693871325,0.0,0.1832306865411799,0.3571985045190551,0.4095100926780363,3,((RBF(l=0.1)*Lin(σ=10))*Per(p=26)),"[np.str_('*'), np.str_('*')]"
S2,Seasonal,0.06778369782170657,0.9999843129163236,0.0,0.2632603986492128,0.9999886490966285,0.27647464468062166,1,Per(p=6),['None']
S2,Seasonal,0.3978623174835899,0.48889055240065404,0.0,0.5000144256392423,0.5187106999963315,0.4351145699489355,3,((Per(p=24)*Per(p=26))+Per(p=14)),"[np.str_('*'), np.str_('+')]"
S2,Seasonal,0.8758992787530449,0.8752139348384138,0.0,0.9213040122429232,0.9162897556270646,0.42439035453584073,3,((Per(p=14)+Per(p=12))+Per(p=672)),"[np.str_('+'), np.str_('+')]"
S1,Composite,0.032970809282216296,0.1627710659023236,0.0,0.026349948586305683,0.41030838149957405,0.5947542621880042,4,(((Lin(σ=1)*Per(p=365))*Per(p=52))*RQ(α=1)),"[np.str_('*'), np.str_('*'), np.str_('*')]"
S1,Composite,0.878313986116878,0.9803225981759289,0.0,0.954070363673476,0.9929727000954249,0.6431917790477673,4,(((Per(p=672)*Per(p=168))+Lin(σ=0))*Per(p=40)),"[np.str_('*'), np.str_('+'), np.str_('*')]"
S2,Seasonal,0.6843651609790158,0.2799940759710835,0.0,0.8352479997452763,0.5485861869772876,0.7007030597238607,5,((((RBF(l=10)+Per(p=14))+Per(p=168))*Per(p=48))*Per(p=26)),"[np.str_('+'), np.str_('+'), np.str_('*'), np.str_('*')]"
S2,Seasonal,0.0049671691955492925,0.6098758671573732,0.0,0.008040601354313948,0.7209046626131965,0.47680669435216405,3,((Per(p=7)+Per(p=48))*Per(p=52)),"[np.str_('+'), np.str_('*')]"
S2,Seasonal,0.032085222749976605,0.4532588866768499,0.0,0.01180183906815413,0.0,0.0,2,(Per(p=336)+WN(σ=1)),[np.str_('+')]
S2,Seasonal,0.06480906882647341,0.9999710819217239,0.0,0.07083944585111235,0.9999776120554305,0.22669748179987248,1,Per(p=14),['None']
S2,Seasonal,0.06032162168825661,0.19080171327003137,0.0,0.11666487624200672,0.2415425485448336,0.3118318442751489,3,((Per(p=12)*Per(p=7))*Per(p=365)),"[np.str_('*'), np.str_('*')]"
S2,Seasonal,0.0,0.35235510026407146,0.0,0.04891245422889501,0.585107394332095,0.49692639002523986,3,((Per(p=26)+Per(p=60))+WN(σ=1)),"[np.str_('+'), np.str_('+')]"
S2,Seasonal,0.18566468465170938,0.6396744200199163,0.0,0.4845343619585847,0.875819383645519,0.7684055663827535,3,((Per(p=336)*Per(p=60))+Per(p=52)),"[np.str_('*'), np.str_('+')]"
S2,Seasonal,0.15988503292958567,0.2989347691024681,0.0,0.29049138934675234,0.46624739636305834,0.3248084176315197,5,((((RQ(α=1)*RBF(l=0.1))*Per(p=96))*Per(p=48))+Per(p=6)),"[np.str_('*'), np.str_('*'), np.str_('*'), np.str_('+')]"
S2,Seasonal,0.14582329954973283,0.1422029235488912,0.0,0.42590382626248846,0.21340381574847267,0.26550160573264436,5,((((Per(p=6)+Per(p=52))*RBF(l=1))+Per(p=96))*WN(σ=0.1)),"[np.str_('+'), np.str_('*'), np.str_('+'), np.str_('*')]"
S2,Seasonal,0.005995252324272005,0.3383930249593441,0.0,0.09988388305201323,0.5507304783068306,0.23435595840816137,3,((WN(σ=0.1)+RQ(α=10))+Per(p=6)),"[np.str_('+'), np.str_('+')]"
S2,Seasonal,0.07382315840166331,0.31590957296813404,0.0,0.1306309950470841,0.3810048842658914,0.2654309326791956,2,(Per(p=10)+RBF(l=0.1)),[np.str_('+')]
S2,Seasonal,0.7370924111635136,0.8231525665637671,0.0,0.9319877997304118,0.9863513119919726,0.9317815357490674,1,Per(p=30),['None']
S2,Seasonal,0.9997757753104668,0.12224873811375969,0.0,0.9999710243453687,0.4333100203733167,0.8726971580960022,1,Per(p=730),['None']
S2,Seasonal,0.22404060116589275,0.23819001746314217,0.0,0.2690533625185394,0.34296871490604175,0.2703392115672446,3,((WN(σ=1)*Per(p=60))+Per(p=730)),"[np.str_('*'), np.str_('+')]"
S2,Seasonal,0.18333424272653964,0.21508005397434582,0.0,0.28126779013536707,0.31541274137488406,0.2834760519525633,5,((((WN(σ=1)*Per(p=6))+Per(p=168))*RBF(l=0.1))*Per(p=26)),"[np.str_('*'), np.str_('+'), np.str_('*'), np.str_('*')]"
S2,Seasonal,0.6911013007982698,0.9227243994480756,0.0,0.7063336135013387,0.9679187984836222,0.6014027268530744,3,((Per(p=4)+Per(p=12))+Per(p=4)),"[np.str_('+'), np.str_('+')]"
S2,Seasonal,0.7965339101901441,0.8395911798246185,0.0,0.09848574738435645,0.0,0.0,5,((((Per(p=10)*Per(p=672))+Per(p=52))*Per(p=672))+Per(p=365)),"[np.str_('*'), np.str_('+'), np.str_('*'), np.str_('+')]"
S4,Trending,0.004190778866590361,0.3639195011320444,0.0,0.00030523169784613113,0.764347058843822,0.6439950891048589,3,((Lin(σ=0)*RQ(α=10))+Const(1)),"[np.str_('*'), np.str_('+')]"
S2,Seasonal,0.008085990851408487,0.9178991765271458,0.0,0.02241757234688946,0.9467461614849074,0.3924648799774396,3,((WN(σ=0.1)+Per(p=48))*Per(p=24)),"[np.str_('+'), np.str_('*')]"
S2,Seasonal,0.8672357197938521,0.849784053786493,0.0,0.9777024271560837,0.9782637859514499,0.8724253482231316,4,(((Per(p=30)+Per(p=336))+Per(p=52))+Per(p=672)),"[np.str_('+'), np.str_('+'), np.str_('+')]"
S2,Seasonal,0.9983601438363501,0.9848848019623765,0.0,0.9924481031537978,0.9427921797434478,0.0,1,Per(p=730),['None']
S1,Composite,0.9999941147452784,0.8977319239985816,0.0,0.9999863811291703,0.7961977248994768,0.0,4,(((Per(p=672)*Per(p=24))*Per(p=26))+Lin(σ=0)),"[np.str_('*'), np.str_('*'), np.str_('+')]"
S2,Seasonal,0.9735704873477152,0.996612056614624,0.0,0.9987481741494898,0.9998603664721201,0.9592056725122855,4,(((Per(p=30)*Const(1))+Per(p=365))+Per(p=10)),"[np.str_('*'), np.str_('+'), np.str_('+')]"
S2,Seasonal,0.017913979525843726,0.19223953989154308,0.0,0.09058131067256647,0.2904692150568253,0.30562784901943174,4,(((Per(p=26)*RQ(α=0.1))*RBF(l=10))*WN(σ=1)),"[np.str_('*'), np.str_('*'), np.str_('*')]"
S1,Composite,0.6874611899365717,0.844269983842755,0.0,0.8864075206152255,0.9508197090588356,0.7025892341222886,5,((((Per(p=96)+Per(p=4))+Per(p=40))*Lin(σ=10))+WN(σ=0.1)),"[np.str_('+'), np.str_('+'), np.str_('*'), np.str_('+')]"
S2,Seasonal,0.11094430497266783,0.22013995100978467,0.0,0.231877378701292,0.32093809899243286,0.34407003494128574,2,(RBF(l=0.1)*Per(p=40)),[np.str_('*')]
S1,Composite,0.9863346527148146,0.9950239343314087,0.0,0.9962977138661873,0.9986309338785954,0.7248368634831687,5,((((WN(σ=1)*Per(p=730))*Per(p=96))+Lin(σ=1))*Per(p=48)),"[np.str_('*'), np.str_('*'), np.str_('+'), np.str_('*')]"
S1,Composite,0.19682693400281803,0.0520757944193696,0.0,0.38347609385857173,0.07721576496378779,0.24251640593943935,5,((((Per(p=14)*Per(p=365))*Lin(σ=1))*Per(p=10))*RBF(l=0.1)),"[np.str_('*'), np.str_('*'), np.str_('*'), np.str_('*')]"
S2,Seasonal,0.07897643960063483,0.9999919316216421,0.0,0.14489871863072956,0.9999950314060067,0.3843143800733033,1,Per(p=14),['None']
S2,Seasonal,0.06131063916745305,0.27999985225026547,0.0,0.2296700004475163,0.7483632177804549,0.8097807491019585,5,((((RQ(α=10)+Per(p=14))*RBF(l=10))+Per(p=48))+RBF(l=1)),"[np.str_('+'), np.str_('*'), np.str_('+'), np.str_('+')]"
S2,Seasonal,0.3599605888377926,0.48804134300302526,0.0,0.6505463059745002,0.690542663016207,0.5826981363635684,2,(Per(p=12)*Per(p=52)),[np.str_('*')]
S1,Composite,0.30186506802783986,0.6981510964321316,0.0,0.5420133001216711,0.8661914979678386,0.553183819211587,4,(((Lin(σ=0)*Per(p=24))*Per(p=52))*Per(p=48)),"[np.str_('*'), np.str_('*'), np.str_('*')]"
S1,Composite,0.007665400279085022,0.18204259499777564,0.0,0.008501988190671939,0.3939039283739406,0.40095344403804456,4,(((Per(p=6)+Lin(σ=10))*WN(σ=0.1))+Lin(σ=1)),"[np.str_('+'), np.str_('*'), np.str_('+')]"
S2,Seasonal,0.3036418726384337,0.2961856731957967,0.0,0.42977574929166384,0.4796898265358809,0.46055973500226777,4,(((Per(p=7)+Per(p=12))*Per(p=730))*Per(p=52)),"[np.str_('+'), np.str_('*'), np.str_('*')]"
S2,Seasonal,0.3421118087371614,0.31832700439880324,0.0,0.4784862054089398,0.46423641451407605,0.4294657894554498,5,((((Const(1)+WN(σ=1))*RBF(l=1))+Per(p=10))+Per(p=4)),"[np.str_('+'), np.str_('*'), np.str_('+'), np.str_('+')]"
S2,Seasonal,0.04877683290548451,0.5536575112100466,0.0,0.0,0.33801848396453604,0.0,4,(((RBF(l=0.1)+Per(p=336))*Per(p=336))*Per(p=365)),"[np.str_('+'), np.str_('*'), np.str_('*')]"
S2,Seasonal,0.10226455251390798,0.20188474854508343,0.0,0.1849344241233869,0.3436602570734324,0.4309014737948391,3,((RQ(α=0.1)+Per(p=7))*RQ(α=1)),"[np.str_('+'), np.str_('*')]"
S2,Seasonal,0.06852640898201823,0.14208426530548368,0.0,0.29170367216638193,0.5544228166483367,0.7338205290669555,2,(RBF(l=10)*Per(p=30)),[np.str_('*')]
S2,Seasonal,0.37733413265851756,0.7684872375194922,0.0,0.1381194553924645,0.8707951203532504,0.45957019178559977,1,Per(p=30),['None']
S1,Composite,0.9999726967645043,0.07794204296624285,0.0,0.9999954304187015,0.32813425440224075,0.8336720915642853,4,(((Lin(σ=10)+Lin(σ=1))+Per(p=730))*Per(p=672)),"[np.str_('+'), np.str_('+'), np.str_('*')]"
S2,Seasonal,0.0057844012810840395,0.9948604514515126,0.0,0.003587557388440743,0.9555867734759852,0.0,1,Per(p=168),['None']
S2,Seasonal,0.9998760732510866,0.11209745586390985,0.0,0.999992464898478,0.6276419250936026,0.9402402052503546,1,Per(p=730),['None']
S2,Seasonal,0.00725731350246106,0.6290954196061831,0.0,0.0,0.8106181261259631,0.5106755736705586,4,(((Per(p=96)+Const(1))+RBF(l=1))+Per(p=168)),"[np.str_('+'), np.str_('+'), np.str_('+')]"
S2,Seasonal,0.005010602107519246,0.6490298366572433,0.0,0.004324943260773262,0.6773677048170451,0.20174460159926566,2,(Per(p=10)+Per(p=96)),[np.str_('+')]
S2,Seasonal,0.03349644031347354,0.24850500584942947,0.0,0.022660434068455415,0.7303722066950709,0.7816591314990414,5,((((Per(p=336)+RBF(l=1))*RQ(α=10))+Per(p=336))*Per(p=168)),"[np.str_('+'), np.str_('*'), np.str_('+'), np.str_('*')]"
S1,Composite,0.08148883725391243,0.057068085694514825,0.0,0.29480584195561044,0.16182421405415248,0.33333404884010154,5,((((Lin(σ=10)*RBF(l=1))*Per(p=52))*WN(σ=0.1))*Lin(σ=0)),"[np.str_('*'), np.str_('*'), np.str_('*'), np.str_('*')]"
S2,Seasonal,0.012482764265278612,0.9999854115516639,0.0,0.07909905904845793,0.9999907070035559,0.3628361945413714,2,(Per(p=26)*Const(1)),[np.str_('*')]
S1,Composite,0.35677872668503263,0.8803364955128379,0.0,0.24649413011943677,0.5447268330074301,0.0,3,((Lin(σ=10)*Per(p=24))*Per(p=168)),"[np.str_('*'), np.str_('*')]"
S1,Composite,0.9999917808375351,0.30816442286382917,0.0,0.9999949027215519,0.45521327367675535,0.37996114606084497,4,(((Lin(σ=10)+Lin(σ=0))+Per(p=365))+RQ(α=0.1)),"[np.str_('+'), np.str_('+'), np.str_('+')]"
S2,Seasonal,0.059562322893013,0.9999847806461468,0.0,0.05284800295245817,0.9999898468526243,0.33297978245700477,1,Per(p=26),['None']
S2,Seasonal,0.7300212803078996,0.8941117161876466,0.0,0.947182233906207,0.980565116893526,0.8319362741799836,2,(Per(p=24)*Per(p=365)),[np.str_('*')]
S2,Seasonal,0.010417284931088178,0.34157135494812463,0.0,0.02016314814589948,0.6519478069550149,0.564198120419972,3,((Per(p=40)+Per(p=52))+WN(σ=1)),"[np.str_('+'), np.str_('+')]"
S3,Stationary,0.01925781352807321,0.33088537550113817,0.0,0.037509333560923785,0.7434930494447017,0.6884029549600403,1,RQ(α=1),['None']
S2,Seasonal,0.08223170572741323,0.8397151780662567,0.0,0.0,0.7035663430460011,0.0,2,(RQ(α=10)+Per(p=336)),[np.str_('+')]
S2,Seasonal,0.119104094430184,0.36551956184314793,0.0,0.43672192764880147,0.7542647118365873,0.8263683967775677,4,(((RQ(α=1)+Per(p=365))*Per(p=40))+Per(p=24)),"[np.str_('+'), np.str_('*'), np.str_('+')]"
S2,Seasonal,0.5812302027957932,0.5840759621128488,0.0,0.6860593945775247,0.6671196095920164,0.3138971930861296,2,(RQ(α=10)*Per(p=4)),[np.str_('*')]
S1,Composite,0.9994841341659708,0.9998958941469885,0.0,0.9998718463418728,0.9999741192214048,0.7510818528559966,3,((Lin(σ=10)*Per(p=24))*Lin(σ=10)),"[np.str_('*'), np.str_('*')]"
S3,Stationary,0.08686793274559546,0.202319190600745,0.0,0.1877239786100039,0.30634466584226194,0.33354910643714486,1,RBF(l=0.1),['None']
S3,Stationary,0.12916605912004409,0.1375422916541028,0.0,0.3190615585833755,0.2436459577959722,0.2946217229633775,2,(WN(σ=1)*RQ(α=1)),[np.str_('*')]
S2,Seasonal,0.507931806796637,0.5626660925953884,0.0,0.6025467657174876,0.7161468191638378,0.4865381825709535,2,(Per(p=6)*Per(p=7)),[np.str_('*')]
S2,Seasonal,0.304581531312202,0.4538515889161002,0.0,0.0,0.0,0.0,4,(((WN(σ=0.1)*RBF(l=1))*Per(p=7))+RBF(l=10)),"[np.str_('*'), np.str_('*'), np.str_('+')]"
S2,Seasonal,0.030206230265617418,0.34148275261345884,0.0,0.028302292052967082,0.5216723727444984,0.4183711177991709,4,(((WN(σ=1)+RBF(l=0.1))+Per(p=52))*Per(p=168)),"[np.str_('+'), np.str_('+'), np.str_('*')]"
S1,Composite,0.4742143464669717,0.7514779465316446,0.0,0.8582585845801234,0.9374449346625742,0.7843745938052156,3,((Lin(σ=10)*Per(p=7))*Per(p=52)),"[np.str_('*'), np.str_('*')]"
S3,Stationary,0.20754026366691314,0.13467567226505806,0.0,0.5236947489965031,0.19257589477512638,0.3099702697145045,1,Const(1),['None']
S1,Composite,0.15010127354076286,0.12471247852658363,0.0,0.4288578892434005,0.15298414414985573,0.2127456626512797,5,((((Lin(σ=10)+Per(p=365))*WN(σ=0.1))*Const(1))*RBF(l=1)),"[np.str_('+'), np.str_('*'), np.str_('*'), np.str_('*')]"
S2,Seasonal,0.151160365277472,0.31200969905008424,0.0,0.7215945188980684,0.8677784762638818,0.9015815494388687,4,(((Per(p=40)*Per(p=336))+Per(p=26))*Per(p=96)),"[np.str_('*'), np.str_('+'), np.str_('*')]"
S3,Stationary,0.08810331907794855,0.16553372211217654,0.0,0.2921271451170008,0.31499107566245266,0.32032352472849734,2,(RBF(l=0.1)+Const(1)),[np.str_('+')]
S2,Seasonal,0.17202302391523128,0.48381342496361013,0.0,0.18356320885103594,0.5674751150078473,0.35021600382127727,3,((Per(p=365)+WN(σ=1))*Per(p=40)),"[np.str_('+'), np.str_('*')]"
S2,Seasonal,0.1198119733871531,0.7297818304627806,0.0,0.21416145442080503,0.8794084079311141,0.6370188679190987,3,((RQ(α=1)*RBF(l=10))+Per(p=24)),"[np.str_('*'), np.str_('+')]"
S2,Seasonal,0.010133566583752862,0.9974361174248484,0.0,0.053043138391972944,0.9989340291408738,0.5864165590252384,1,Per(p=40),['None']
S1,Composite,0.7492452062214301,0.1847075525275117,0.0,0.983094772409191,0.9671873138867766,0.9405370048348949,5,((((RQ(α=0.1)+Per(p=26))+Lin(σ=0))+Per(p=4))*Per(p=60)),"[np.str_('+'), np.str_('+'), np.str_('+'), np.str_('*')]"
S2,Seasonal,0.7639886781262296,0.9462659025319125,0.0,0.9266262015367419,0.984490985007814,0.7668251520674051,2,(Per(p=12)*Per(p=168)),[np.str_('*')]
S2,Seasonal,0.04841628502512407,0.47575090501636275,0.0,0.006653332882760488,0.16409815562996777,0.0,5,((((Per(p=168)*Per(p=30))*Per(p=365))*Per(p=365))*Per(p=48)),"[np.str_('*'), np.str_('*'), np.str_('*'), np.str_('*')]"
S2,Seasonal,0.09609564267365289,0.2537149202706587,0.0,0.22252847387296426,0.326035928699172,0.3009057954463019,4,(((Per(p=6)*RBF(l=0.1))*Per(p=14))*Per(p=48)),"[np.str_('*'), np.str_('*'), np.str_('*')]"
S2,Seasonal,0.6610515607580716,0.8178183963640704,0.0,0.6610355781073264,0.8177694429045357,0.0,1,Per(p=4),['None']
S2,Seasonal,0.504732503548988,0.43662192249178056,0.0,0.5793211662708567,0.721687185956693,0.5354547279406185,3,((Per(p=24)*Per(p=40))+Per(p=730)),"[np.str_('*'), np.str_('+')]"
S2,Seasonal,0.44095042746671387,0.4977718792129263,0.0,0.5491310986721889,0.7200678586455225,0.6070523958800722,3,((Per(p=48)*Per(p=12))+Per(p=10)),"[np.str_('*'), np.str_('+')]"
S2,Seasonal,0.088177427994239,0.23802027295710193,0.0,0.3722767456480853,0.6091923355994663,0.6258194941070305,2,(Per(p=26)*Per(p=7)),[np.str_('*')]
S2,Seasonal,0.06023698816259615,0.18018608976453243,0.0,0.2606059890061947,0.6524233831707508,0.8635958801210529,1,Per(p=48),['None']
S2,Seasonal,0.5059854181386243,0.4831905718071713,0.0,0.7548892788838429,0.816068609130831,0.7241317031661256,2,(Per(p=52)*RBF(l=10)),[np.str_('*')]
S2,Seasonal,0.3650080277670462,0.9607168458702134,0.0,0.20398136215533003,0.5733659471082697,0.0,3,((Per(p=24)*Per(p=336))+RQ(α=0.1)),"[np.str_('*'), np.str_('+')]"
S2,Seasonal,0.1282217983217906,0.21183731182630505,0.0,0.3157527095535768,0.26493909561547957,0.44713356980628993,4,(((Per(p=12)*Per(p=6))*RQ(α=10))+Const(1)),"[np.str_('*'), np.str_('*'), np.str_('+')]"
S2,Seasonal,0.0,0.9968408329959816,0.0,0.2986757081699075,0.9988766520241559,0.6455036602216894,1,Per(p=48),['None']
S2,Seasonal,0.05158249055396058,0.9986489818532539,0.0,0.3011079307467952,0.9997750492113258,0.8348882016260621,1,Per(p=52),['None']
S1,Composite,0.3804894791540021,0.5668385175135988,0.0,0.8235071682749286,0.9651114081683607,0.9408044015748209,4,(((Per(p=52)+Per(p=14))+Per(p=30))*Lin(σ=1)),"[np.str_('+'), np.str_('+'), np.str_('*')]"
S2,Seasonal,0.0,0.9940583679011756,0.0,0.0649408635850326,0.9988543562127464,0.8098999507979233,1,Per(p=40),['None']
S1,Composite,0.9999825167060732,0.0,0.0,0.9999847936380515,0.0,0.1298256572296861,5,((((Per(p=26)*Per(p=672))+Per(p=14))*Per(p=4))+Lin(σ=1)),"[np.str_('*'), np.str_('+'), np.str_('*'), np.str_('+')]"
S2,Seasonal,0.42042234042790694,0.4269538565345159,0.0,0.483337678121567,0.5328313251005871,0.3693398020576515,3,((RBF(l=1)+Per(p=7))*Per(p=336)),"[np.str_('+'), np.str_('*')]"
S1,Composite,0.8684528192330387,0.3217042634766054,0.0,0.922886323427804,0.7757364452718627,0.4804874829207212,3,((Lin(σ=0)*Per(p=30))+Per(p=730)),"[np.str_('*'), np.str_('+')]"
S1,Composite,0.9999975068375184,0.11071704377752434,0.0,0.9999984519503149,0.18033862544492807,0.37903688209165864,3,((WN(σ=0.1)*Per(p=730))+Lin(σ=10)),"[np.str_('*'), np.str_('+')]"
S1,Composite,0.07526970244559916,0.0,0.0,0.24235091116309848,0.43006486163367075,0.681496559095693,5,((((Per(p=40)+RQ(α=1))*Per(p=10))*Lin(σ=1))+Per(p=24)),"[np.str_('+'), np.str_('*'), np.str_('*'), np.str_('+')]"
S2,Seasonal,0.7495453634349889,0.03139900193416767,0.0,0.9430931240757972,0.4992734410700893,0.8183539116142801,3,((Per(p=365)+Per(p=365))*Per(p=40)),"[np.str_('+'), np.str_('*')]"
S4,Trending,0.0049418577538578035,0.02387224209857619,0.0,0.447459675919716,0.0320243439239003,0.25874047211855267,2,(Lin(σ=0)*RBF(l=0.1)),[np.str_('*')]
S2,Seasonal,0.6331040738381211,0.5304336176620141,0.0,0.7842559692212026,0.7588645616481241,0.608469314579196,3,((RQ(α=1)+Per(p=7))+Per(p=96)),"[np.str_('+'), np.str_('+')]"
S2,Seasonal,0.04533078193170581,0.9935630486906609,0.0,0.2564450398830801,0.9989259045797464,0.8355292381567756,1,Per(p=40),['None']
S2,Seasonal,0.054809456619715036,0.158611629169655,0.0,0.3327966259900109,0.29000424935293356,0.38577815774493784,4,(((Per(p=96)*WN(σ=1))*Per(p=365))*RBF(l=1)),"[np.str_('*'), np.str_('*'), np.str_('*')]"
S2,Seasonal,0.17384737337458356,0.25925694792584697,0.0,0.3280114913754556,0.36098792932232593,0.3059844006669117,5,((((WN(σ=0.1)*RBF(l=0.1))*Per(p=24))*RBF(l=0.1))*Per(p=672)),"[np.str_('*'), np.str_('*'), np.str_('*'), np.str_('*')]"
S1,Composite,0.0,0.042460570651771334,0.0,0.39401091489739626,0.0810036559783669,0.38704755856198336,3,((Per(p=14)+Lin(σ=0))*WN(σ=0.1)),"[np.str_('+'), np.str_('*')]"
S2,Seasonal,0.2570728922026153,0.43736497246536954,0.0,0.25944262770741333,0.6449845331415377,0.5155558292965532,3,((Per(p=24)*Per(p=26))*Per(p=7)),"[np.str_('*'), np.str_('*')]"
S2,Seasonal,0.18087564854544214,0.2219352043705325,0.0,0.34154530818364937,0.19430129561579146,0.48344512835579134,2,(Per(p=60)*Per(p=12)),[np.str_('*')]
S4,Trending,0.01878000081223352,0.11072821383533438,0.0,0.0883618137992569,0.4042917522068282,0.4335317310340625,3,((RBF(l=1)+RQ(α=0.1))*Lin(σ=0)),"[np.str_('+'), np.str_('*')]"
S2,Seasonal,0.7043658470300478,0.5488663695514322,0.0,0.8518642458376502,0.8272192272571874,0.6017222433794116,2,(Per(p=26)+Per(p=672)),[np.str_('+')]
S2,Seasonal,0.6956970815437338,0.11239683769897202,0.0,0.9085703999065962,0.5227973584016897,0.79352501905945,5,((((Per(p=10)*Per(p=40))+Const(1))+Per(p=365))*Per(p=365)),"[np.str_('*'), np.str_('+'), np.str_('+'), np.str_('*')]"
S1,Composite,0.9999332012143417,0.10269120635327977,0.0,0.9999884962497735,0.5637280713292068,0.8278916777620003,5,((((RBF(l=10)*RQ(α=10))+Lin(σ=10))+Per(p=672))+Lin(σ=0)),"[np.str_('*'), np.str_('+'), np.str_('+'), np.str_('+')]"
S2,Seasonal,0.09723531990601852,0.9264012407330162,0.0,0.25132390750858613,0.9425811999151212,0.2234904695199369,2,(Per(p=6)+WN(σ=0.1)),[np.str_('+')]
S3,Stationary,0.15294280735926413,0.1267177634166321,0.0,0.3366034534456468,0.2432474555410865,0.31389864658984534,1,Const(1),['None']
S1,Composite,0.9591726516503694,0.9556141663204916,0.0,0.9821061940800657,0.9825756882765255,0.6250094927154055,3,((Per(p=168)*Lin(σ=0))*Lin(σ=10)),"[np.str_('*'), np.str_('*')]"
S3,Stationary,0.0685902556117749,0.22360836278501572,0.0,0.1860803299094813,0.38486616775488314,0.34746945108775595,3,((WN(σ=0.1)+RQ(α=0.1))*RBF(l=1)),"[np.str_('+'), np.str_('*')]"
S2,Seasonal,0.20983949833959792,0.2959828998133933,0.0,0.3026799268146829,0.59894105141741,0.6956406017499503,5,((((Per(p=14)+Per(p=336))*RBF(l=10))*Per(p=12))+RQ(α=10)),"[np.str_('+'), np.str_('*'), np.str_('*'), np.str_('+')]"
S2,Seasonal,0.0,0.9983130596887007,0.0,0.29763405097755613,0.9993030556380348,0.5878528839771772,1,Per(p=48),['None']
S2,Seasonal,0.6189610748772514,0.2509135094155346,0.0,0.6765458764606656,0.39584601301412115,0.3147689113389296,2,(WN(σ=1)+Per(p=365)),[np.str_('+')]
S2,Seasonal,0.6741330628510227,0.14813286337609033,0.0,0.8601430788527276,0.5062118114930789,0.7283779042371659,4,(((RBF(l=10)*Per(p=12))+Per(p=48))+Per(p=365)),"[np.str_('*'), np.str_('+'), np.str_('+')]"
S1,Composite,0.11156445467634246,0.06577465065340182,0.0,0.2728072360018585,0.13750438740444937,0.250313277333692,4,(((Lin(σ=10)*Per(p=4))*RQ(α=0.1))+Per(p=4)),"[np.str_('*'), np.str_('*'), np.str_('+')]"
S2,Seasonal,0.0,0.9955244317647558,0.0,0.21927393243700133,0.9979036643079486,0.5404816021349367,1,Per(p=40),['None']
S1,Composite,0.04762211534970229,0.05765687404303488,0.0,0.33847208240346904,0.09177991310219669,0.2562238906557198,5,((((Per(p=60)+Lin(σ=0))+Per(p=672))+Const(1))*WN(σ=0.1)),"[np.str_('+'), np.str_('+'), np.str_('+'), np.str_('*')]"
S2,Seasonal,0.291432967623365,0.3420531237697162,0.0,0.4808059625666731,0.47928825675154185,0.4993289333608739,4,(((Per(p=26)*Per(p=30))*RBF(l=1))+Per(p=7)),"[np.str_('*'), np.str_('*'), np.str_('+')]"
S2,Seasonal,0.04268658713299733,0.6022390193730051,0.0,0.07585257806587198,0.7736246106612084,0.5552830490601677,5,((((Per(p=12)+Per(p=96))+Per(p=26))+Per(p=336))+WN(σ=1)),"[np.str_('+'), np.str_('+'), np.str_('+'), np.str_('+')]"
S2,Seasonal,0.2555886682165941,0.5209573973850923,0.0,0.28710903277189903,0.5894288382202528,0.32271487442971036,2,(Per(p=24)*Per(p=14)),[np.str_('*')]
S2,Seasonal,0.07025026409835378,0.6168144676219983,0.0,0.03690510337131159,0.3536055666881037,0.0,2,(RQ(α=10)+Per(p=336)),[np.str_('+')]
S1,Composite,0.3699930856309862,0.892602283017093,0.0,0.7531661954744989,0.97177930261039,0.7627271713799928,4,(((RQ(α=0.1)+Per(p=24))+Lin(σ=0))*Per(p=60)),"[np.str_('+'), np.str_('+'), np.str_('*')]"
S2,Seasonal,0.4133946413587656,0.8936830801314615,0.0,0.2825584431216446,0.9283536753346787,0.34749412518905487,3,((Per(p=30)+Per(p=6))+Per(p=7)),"[np.str_('+'), np.str_('+')]"
S3,Stationary,0.04391633802612305,0.32027846270347093,0.0,0.09112932384713834,0.6603274889622819,0.7144971395621093,2,(RQ(α=1)*Const(1)),[np.str_('*')]
S2,Seasonal,0.5252612805855099,0.5757530933614501,0.0,0.5906131817114257,0.6883624371111916,0.32923009965802186,2,(Per(p=30)*Per(p=14)),[np.str_('*')]
S2,Seasonal,0.0,0.4056453320632599,0.0,0.36244086639300266,0.9291501067470872,0.9311208066072264,4,(((Per(p=12)+Per(p=24))*Per(p=96))+WN(σ=0.1)),"[np.str_('+'), np.str_('*'), np.str_('+')]"
S2,Seasonal,0.06549314829658226,0.20795059794001902,0.0,0.1390585745136126,0.3634937792258759,0.2853665406957213,5,((((RQ(α=0.1)*Per(p=60))*Per(p=4))+WN(σ=1))*WN(σ=1)),"[np.str_('*'), np.str_('*'), np.str_('+'), np.str_('*')]"
S2,Seasonal,0.6698133648696427,0.9231926020141332,0.0,0.8319257521538735,0.9895673701958453,0.8805627697021884,1,Per(p=24),['None']
S1,Composite,0.10289068775079424,0.8748498137893505,0.0,0.5052244835289074,0.9553645740624587,0.6378731779890205,3,((Per(p=96)*Lin(σ=0))+Per(p=365)),"[np.str_('*'), np.str_('+')]"
S3,Stationary,0.17672809736863815,0.3652552850518337,0.0,0.24783094640857106,0.6274483789369008,0.6530214288342202,1,RQ(α=1),['None']
S2,Seasonal,0.28059403221717727,0.8677611550921273,0.0,0.1535738416456378,0.7192668659539287,0.0,1,Per(p=336),['None']
S3,Stationary,0.047463779133275374,0.596451121475749,0.0,0.05708568719589924,0.8168306308656698,0.596886984320837,1,RQ(α=1),['None']
S2,Seasonal,0.340848258269171,0.4378340941918949,0.0,0.8260751072560966,0.9268501319589714,0.9186038363782769,2,(Per(p=40)+RBF(l=10)),[np.str_('+')]
S3,Stationary,0.05307027181527413,0.9154105743965519,0.0,0.2132100009329495,0.9449362887153819,0.36926776334723077,2,(Const(1)*RQ(α=10)),[np.str_('*')]
S2,Seasonal,0.9999336905027226,0.10052425900335182,0.0,0.9999944136767211,0.4992901377494646,0.9169022299182851,1,Per(p=730),['None']
S1,Composite,0.9999944681157585,0.45152410087310835,0.0,0.9999976753560582,0.6640017292835296,0.5799199228845604,3,((Per(p=672)*Per(p=6))+Lin(σ=10)),"[np.str_('*'), np.str_('+')]"
S2,Seasonal,0.1095940021697609,0.9999959082746429,0.0,0.23179337016638313,0.9999972538476596,0.3286524281172566,2,(Per(p=12)+Per(p=12)),[np.str_('+')]
S1,Composite,0.8322449723802647,0.8765596931689912,0.0,0.8680502827522307,0.8761545218186448,0.2681982045115745,3,((Lin(σ=1)*Lin(σ=0))*Per(p=96)),"[np.str_('*'), np.str_('*')]"
S2,Seasonal,0.08499793554939927,0.2363136404112185,0.0,0.3160478282954595,0.3934502459766662,0.46496446139455605,2,(WN(σ=0.1)+Per(p=14)),[np.str_('+')]
S2,Seasonal,0.0,0.9945935968059983,0.0,0.4265801727443762,0.9982123471676185,0.6747571021182934,1,Per(p=40),['None']
S2,Seasonal,0.11867656007310912,0.6113378991558203,0.0,0.1575345099879668,0.7389963264950847,0.6355754861607419,2,(Per(p=96)+Per(p=96)),[np.str_('+')]
S2,Seasonal,0.6117001134043251,0.7961347701135735,0.0,0.6813552490614438,0.938621302686281,0.7430923388738311,1,Per(p=14),['None']
S2,Seasonal,0.22800999459795657,0.34943785383791093,0.0,0.3296337665664858,0.4784764276030553,0.5152988942523785,5,((((RBF(l=1)*Per(p=96))*Per(p=336))*Per(p=12))*Per(p=40)),"[np.str_('*'), np.str_('*'), np.str_('*'), np.str_('*')]"
S1,Composite,0.9999999999256386,0.9999888689995746,0.0,0.9999999999507811,0.9999926350593792,0.3381132117690627,2,(Lin(σ=10)+Per(p=10)),[np.str_('+')]
S2,Seasonal,0.24311626775453754,0.2587791490987339,0.0,0.38860033074433553,0.3296924779500052,0.24113921190110577,2,(RBF(l=0.1)*Per(p=14)),[np.str_('*')]
S2,Seasonal,0.13912133980620478,0.2463562059775979,0.0,0.16291222940444527,0.39272509761296304,0.33090738605169645,4,(((RBF(l=10)*Per(p=7))*RQ(α=0.1))*RBF(l=1)),"[np.str_('*'), np.str_('*'), np.str_('*')]"
S1,Composite,0.9998483402154908,0.7839620600512986,0.0,0.999853449235518,0.7839900659222774,0.034861739619516,4,(((Per(p=26)+Per(p=4))+Per(p=730))+Lin(σ=0)),"[np.str_('+'), np.str_('+'), np.str_('+')]"
S2,Seasonal,0.11640919020859142,0.44573808289471906,0.0,0.3306860704265805,0.857414261912979,0.8615659944960146,4,(((Per(p=30)+Per(p=672))*RQ(α=10))+Per(p=52)),"[np.str_('+'), np.str_('*'), np.str_('+')]"
S2,Seasonal,0.09625844702112152,0.9999817127142272,0.0,0.1254975567838571,0.9999873338981955,0.30733309050061774,1,Per(p=10),['None']
S1,Composite,0.9996953566244015,0.13693861756378845,0.0,0.9999309052958556,0.5535495738532816,0.7732655307024738,4,(((RBF(l=10)*Per(p=24))+Lin(σ=0))+RBF(l=1)),"[np.str_('*'), np.str_('+'), np.str_('+')]"
S2,Seasonal,0.109624413875962,0.5733246200997324,0.0,0.17797444314928001,0.7408776428119007,0.5722607326835717,4,(((Per(p=60)+WN(σ=1))+Per(p=40))*Per(p=60)),"[np.str_('+'), np.str_('+'), np.str_('*')]"
S2,Seasonal,0.027962123652901516,0.26597351815759507,0.0,0.11938506158552642,0.42183577625845503,0.48551779762681546,3,((Per(p=672)*Per(p=336))*RQ(α=0.1)),"[np.str_('*'), np.str_('*')]"
S2,Seasonal,0.9989800916438816,0.0,0.0,0.9999745840044544,0.8977115070575792,0.976036947809322,1,Per(p=365),['None']
S2,Seasonal,0.24768385113164992,0.15126824862996135,0.0,0.5246650620917326,0.2150758094143006,0.32324421421398786,4,(((Const(1)+Per(p=48))+Per(p=52))*RBF(l=0.1)),"[np.str_('+'), np.str_('+'), np.str_('*')]"
S2,Seasonal,0.005037470168971048,0.9866539197453593,0.0,0.04937917362231925,0.9957972300783107,0.6851475658675268,1,Per(p=40),['None']
S1,Composite,0.9999978055070979,0.9984688118923505,0.0,0.999999816533619,0.9998704013709921,0.9163720890868993,4,(((Lin(σ=0)+Per(p=24))+Lin(σ=1))+Per(p=336)),"[np.str_('+'), np.str_('+'), np.str_('+')]"
S2,Seasonal,0.6353170769223171,0.23952455817504537,0.0,0.7847004851895363,0.37973328675064577,0.4692092948060633,4,(((RQ(α=0.1)+Per(p=730))*Per(p=10))+Per(p=730)),"[np.str_('+'), np.str_('*'), np.str_('+')]"
S3,Stationary,0.06312815252268555,0.32855401531292483,0.0,0.1217792861214233,0.48862765736485203,0.4189279141111709,1,WN(σ=1),['None']
S2,Seasonal,0.6353464327249502,0.899998448332706,0.0,0.6843039187942318,0.9199679713603169,0.2242268738185691,4,(((Per(p=730)+Per(p=52))+Per(p=30))+Per(p=6)),"[np.str_('+'), np.str_('+'), np.str_('+')]"
S4,Trending,0.7480495815116293,0.0,0.0,0.9857617053371124,0.8609892932412384,0.9647488156252366,2,(Lin(σ=1)*RBF(l=10)),[np.str_('*')]
S2,Seasonal,0.10620591872003449,0.2181580213773492,0.0,0.24990775140291188,0.2903324024725369,0.3022565862371911,5,((((Per(p=60)+RBF(l=1))+Per(p=14))+RBF(l=0.1))*WN(σ=1)),"[np.str_('+'), np.str_('+'), np.str_('+'), np.str_('*')]"
S2,Seasonal,0.045613971103288686,0.49639680228643035,0.0,0.05404745324382543,0.6120463999779742,0.36126109028115005,3,((WN(σ=1)+Const(1))+Per(p=26)),"[np.str_('+'), np.str_('+')]"
S2,Seasonal,0.9917722010859574,0.9948394611038396,0.0,0.9982172446246266,0.9990403838042292,0.8089272438599786,2,(Per(p=26)+Per(p=336)),[np.str_('+')]
S2,Seasonal,0.8070660843945179,0.0,0.0,0.9275454704350987,0.06847606863612088,0.6668075787338201,4,(((Per(p=168)+Per(p=10))+Per(p=365))*Per(p=672)),"[np.str_('+'), np.str_('+'), np.str_('*')]"
S2,Seasonal,0.2905704219318259,0.48993960325758745,0.0,0.4328537036104857,0.7464663569479039,0.6461334733049151,4,(((Per(p=730)*Per(p=30))*Per(p=6))+Per(p=10)),"[np.str_('*'), np.str_('*'), np.str_('+')]"
S1,Composite,0.9997799166598451,0.3177685936723127,0.0,0.9998627062068002,0.4421537031779539,0.376336776240798,3,((Per(p=365)+Lin(σ=10))+RBF(l=0.1)),"[np.str_('+'), np.str_('+')]"
S2,Seasonal,0.15309381367597508,0.15663452928116206,0.0,0.46674242118439324,0.2561254806608524,0.365700520063325,4,(((Per(p=30)*Per(p=60))*Per(p=730))*WN(σ=0.1)),"[np.str_('*'), np.str_('*'), np.str_('*')]"
S2,Seasonal,0.027764060644010713,0.6246472193536712,0.0,0.0603773829782398,0.721040932330773,0.27235185824733976,2,(Per(p=24)+RBF(l=0.1)),[np.str_('+')]
S3,Stationary,0.2780971231143654,0.11129130008275212,0.0,0.540286491362892,0.150929002739704,0.25405439208194935,1,Const(1),['None']
S2,Seasonal,0.08184809869691356,0.5974442183328568,0.0,0.09608548098752401,0.7258027326966181,0.3625173431243366,2,(WN(σ=1)+Per(p=30)),[np.str_('+')]
S2,Seasonal,0.025504534922347055,0.9999883589741573,0.0,0.04327478464413759,0.9999927465183034,0.3768131694768635,1,Per(p=24),['None']
S2,Seasonal,0.0,0.4812607288677345,0.0,0.0036651497924078402,0.6213741249638305,0.31959370385218366,2,(Per(p=7)*Per(p=52)),[np.str_('*')]
S2,Seasonal,0.03717892736263706,0.4969122480796908,0.0,0.18490443621018482,0.8281252274104047,0.7844944538936813,5,((((Const(1)*WN(σ=0.1))*Per(p=336))+Per(p=30))*Per(p=26)),"[np.str_('*'), np.str_('*'), np.str_('+'), np.str_('*')]"
S2,Seasonal,0.28337781389443406,0.4970155475612682,0.0,0.47245733604157325,0.7310720068713854,0.6581925423496096,5,((((RQ(α=1)*Per(p=168))+Per(p=672))*Per(p=52))+Per(p=7)),"[np.str_('*'), np.str_('+'), np.str_('*'), np.str_('+')]"
S2,Seasonal,0.0,0.5033548356123901,0.0,0.0253745532216767,0.685651456409304,0.466139335818771,2,(Per(p=26)*Per(p=7)),[np.str_('*')]
S1,Composite,0.545544630104446,0.5439740188444822,0.0,0.6763305016528935,0.6753543208811246,0.383565361392771,3,((Lin(σ=1)+RBF(l=0.1))+Per(p=30)),"[np.str_('+'), np.str_('+')]"
S2,Seasonal,0.1800652528812886,0.999986147706677,0.0,0.2910901506391351,0.9999911914443769,0.3641057446319784,1,Per(p=6),['None']
S3,Stationary,0.06853114746715128,0.26318882389860576,0.0,0.06169644821227127,0.4307208404230659,0.4850783090746891,1,RBF(l=1),['None']
S1,Composite,0.9999778557163816,0.1707554464675911,0.0,0.9999865087845172,0.2752064064328432,0.3904580757673983,4,(((Lin(σ=0)+Per(p=10))+RQ(α=1))+WN(σ=1)),"[np.str_('+'), np.str_('+'), np.str_('+')]"
S3,Stationary,0.14090537066727016,0.06955656481465866,0.0,0.4077106614163871,0.13530867067750307,0.34432784475441824,2,(RBF(l=0.1)+RBF(l=0.1)),[np.str_('+')]
S2,Seasonal,0.1043095202654486,0.3268990380772322,0.0,0.22434297327305108,0.41859908681840574,0.32658297214697607,5,((((Per(p=730)+WN(σ=0.1))+Per(p=52))*Per(p=6))*Per(p=10)),"[np.str_('+'), np.str_('+'), np.str_('*'), np.str_('*')]"
S2,Seasonal,0.0,0.9967858603609755,0.0,0.1711041252430262,0.9997359215951203,0.9179484093704116,1,Per(p=52),['None']
S2,Seasonal,0.005900596126383606,0.366412440131602,0.0,0.02873234380753875,0.5237927750890368,0.30589549999007726,5,((((Per(p=365)*WN(σ=1))*WN(σ=1))+Per(p=48))+RBF(l=0.1)),"[np.str_('*'), np.str_('*'), np.str_('+'), np.str_('+')]"
S2,Seasonal,0.0,0.9922841758265318,0.0,0.10082748454189328,0.9988676003486411,0.8536062995489563,1,Per(p=52),['None']
S4,Trending,0.9999999996447707,0.2120755463888958,0.0,0.9999999997534861,0.33598033857585674,0.3060427844833912,1,Lin(σ=10),['None']
S2,Seasonal,0.9871522695323434,0.0,0.0,0.9995433855528513,0.9134236118796129,0.9671798201487124,1,Per(p=336),['None']
S2,Seasonal,0.059640205423221904,0.9999845559324361,0.0,0.11909506946929282,0.999989741372778,0.3357764777390273,1,Per(p=12),['None']
S2,Seasonal,0.316205744867734,0.4491091691925667,0.0,0.4957951191657378,0.7646857434265424,0.7280039135298806,3,((RQ(α=1)+Per(p=60))+Per(p=24)),"[np.str_('+'), np.str_('+')]"
S2,Seasonal,0.0,0.6217029524821898,0.0,0.1481160077473257,0.7310530174901307,0.5423929030012085,2,(Per(p=24)*Per(p=40)),[np.str_('*')]
S1,Composite,0.0018626206807165202,0.8924069024213014,0.0,0.04921302564997265,0.9394271173474953,0.4573403139029355,4,(((WN(σ=0.1)+Per(p=26))*Lin(σ=0))*Lin(σ=1)),"[np.str_('+'), np.str_('*'), np.str_('*')]"
S1,Composite,0.03409258119371539,0.17931739351464715,0.0,0.1420098907420786,0.2885944304663036,0.36181394754981255,5,((((Per(p=48)+Per(p=26))*Lin(σ=10))+RBF(l=10))*RQ(α=0.1)),"[np.str_('+'), np.str_('*'), np.str_('+'), np.str_('*')]"
S2,Seasonal,0.821859373016244,0.8592259252129192,0.0,0.9709387447617903,0.9778393185956337,0.8760518352076906,2,(Per(p=30)*Per(p=365)),[np.str_('*')]
S2,Seasonal,0.13468351319173144,0.12921636889721755,0.0,0.4682327785803254,0.19626663314370496,0.3493301354773716,2,(Per(p=168)*WN(σ=1)),[np.str_('*')]
S2,Seasonal,0.10910578902029777,0.18462294146424907,0.0,0.24070401582805923,0.44210849620503634,0.6484427057370934,3,((RQ(α=1)*Per(p=168))*Per(p=26)),"[np.str_('*'), np.str_('*')]"
S3,Stationary,0.1794446065841132,0.2115374210854427,0.0,0.2337854908853897,0.3127430475466273,0.3815529738992516,2,(RBF(l=0.1)+RBF(l=1)),[np.str_('+')]
S2,Seasonal,0.1302832896776267,0.2533593559216637,0.0,0.23024922216467059,0.425777085030721,0.42202626054656533,5,((((WN(σ=1)*Per(p=672))*Per(p=336))+Per(p=48))*Per(p=12)),"[np.str_('*'), np.str_('*'), np.str_('+'), np.str_('*')]"
S2,Seasonal,0.1840022086041907,0.9999887853944955,0.0,0.3378718063631797,0.9999922653937553,0.31041614836141984,1,Per(p=4),['None']
S3,Stationary,0.04908255645476456,0.24120383057331574,0.0,0.07692144403355472,0.414938238825278,0.32385901896071345,1,RBF(l=0.1),['None']
S2,Seasonal,0.13268082564736383,0.315024840529437,0.0,0.22483935117488785,0.504976328803977,0.49656503745012903,4,(((Per(p=24)*Per(p=24))*Per(p=7))*RQ(α=1)),"[np.str_('*'), np.str_('*'), np.str_('*')]"
S1,Composite,0.9999380513230345,0.08277830008703058,0.0,0.9999728838331361,0.1870123828883049,0.5633137120431897,4,(((RBF(l=10)*Per(p=60))+Lin(σ=1))+Per(p=365)),"[np.str_('*'), np.str_('+'), np.str_('+')]"
S3,Stationary,0.20859979260817574,0.2323373747884554,0.0,0.3337865545849482,0.37436132137555467,0.3512260233813438,1,RQ(α=0.1),['None']
S1,Composite,0.9999570264493951,0.9410703021651174,0.0,0.9999947445664689,0.9927863611546367,0.8777241971348241,2,(Lin(σ=0)+Per(p=60)),[np.str_('+')]
S1,Composite,0.9999767161140592,0.2125877371102981,0.0,0.9999847072907788,0.3118999341434797,0.34272277414107655,3,((Per(p=6)*RQ(α=0.1))+Lin(σ=1)),"[np.str_('*'), np.str_('+')]"
S2,Seasonal,0.056272691118849694,0.9999749835682318,0.0,0.14198199140948375,0.9999835336953758,0.34195362126685735,1,Per(p=12),['None']
S2,Seasonal,0.035773554267313545,0.24004641265811366,0.0,0.1284746077232246,0.37674412459693474,0.449781276655821,5,((((WN(σ=1)*WN(σ=1))*RQ(α=1))+Per(p=4))*RBF(l=1)),"[np.str_('*'), np.str_('*'), np.str_('+'), np.str_('*')]"
S2,Seasonal,0.49828387336379454,0.9092185771168381,0.0,0.5542090815926324,0.9787967112840138,0.7812416620675737,1,Per(p=10),['None']
S2,Seasonal,0.467113947569301,0.27387943594826514,0.0,0.6710329983363259,0.4905924580323434,0.6035299350406681,3,((Per(p=30)+RQ(α=0.1))+Per(p=365)),"[np.str_('+'), np.str_('+')]"
S2,Seasonal,0.08127046726574605,0.1978438869229302,0.0,0.23796799850546801,0.3457194600916699,0.35432071063745063,5,((((RQ(α=0.1)*WN(σ=1))*Const(1))+Per(p=10))*RQ(α=0.1)),"[np.str_('*'), np.str_('*'), np.str_('+'), np.str_('*')]"
S4,Trending,0.99999999993989,0.23553718126338996,0.0,0.9999999999549638,0.30390426711832075,0.250770394749123,1,Lin(σ=10),['None']
S1,Composite,0.04794610959447865,0.1606029627008947,0.0,0.07466986385051944,0.3439565776053478,0.5984533690070402,4,(((Per(p=6)*Per(p=96))+Lin(σ=1))*RBF(l=1)),"[np.str_('*'), np.str_('+'), np.str_('*')]"
S3,Stationary,0.02532633670933515,0.29121811399724784,0.0,0.047966619797894516,0.4352891136452679,0.37182425988567747,2,(RBF(l=0.1)*RBF(l=0.1)),[np.str_('*')]
S2,Seasonal,0.11994189538857492,0.2994490145117329,0.0,0.010529521649084606,0.13220314820747148,0.0,1,Per(p=365),['None']
S2,Seasonal,0.9998410990038183,0.9999763405650476,0.0,0.9999126451851952,0.9999869674384725,0.45030989136967325,3,((Per(p=6)*Per(p=672))*Per(p=6)),"[np.str_('*'), np.str_('*')]"
S2,Seasonal,0.008075452810118011,0.28173591199635717,0.0,0.04461845205578496,0.44989046425557144,0.3556192883275706,4,(((Per(p=26)+RQ(α=0.1))+Per(p=6))+RBF(l=0.1)),"[np.str_('+'), np.str_('+'), np.str_('+')]"
S2,Seasonal,0.0,0.9973449590346329,0.0,0.24871288792476154,0.9993442070649177,0.7529892180121108,1,Per(p=48),['None']
S2,Seasonal,0.3520318324466739,0.6524576062421166,0.0,0.0,0.0020210340906724467,0.0,1,Per(p=365),['None']
S2,Seasonal,0.31863496330646246,0.2737451314383874,0.0,0.5334755594234621,0.5180286614906635,0.7237351228769737,2,(RBF(l=10)*Per(p=14)),[np.str_('*')]
S2,Seasonal,0.0,0.8141688339393747,0.0,0.024360009123572723,0.9644839358694524,0.8560915193147982,2,(Per(p=24)+Per(p=40)),[np.str_('+')]
S2,Seasonal,0.1536364441545206,0.20057674769533396,0.0,0.4374080877459421,0.27552415990132884,0.2836488851811749,2,(RBF(l=0.1)*Per(p=672)),[np.str_('*')]
S2,Seasonal,0.5799667006563942,0.7389227733647562,0.0,0.7813772474705832,0.9145623236921211,0.7274711394446443,3,((Per(p=12)+Per(p=7))*Per(p=672)),"[np.str_('+'), np.str_('*')]"
S2,Seasonal,0.32501185590413884,0.34800246285696557,0.0,0.6191382693244518,0.6704963777886865,0.7594166241507168,3,((Per(p=52)*RBF(l=10))+RQ(α=1)),"[np.str_('*'), np.str_('+')]"
S2,Seasonal,0.11956510215700666,0.3068341284610373,0.0,0.14253275074119054,0.43194447735678687,0.4749088322592647,5,((((Per(p=96)+Const(1))*Per(p=7))*Per(p=336))*Per(p=40)),"[np.str_('+'), np.str_('*'), np.str_('*'), np.str_('*')]"
S3,Stationary,0.026014336868987797,0.5195681907831033,0.0,0.02335318103272166,0.0,0.0,1,RQ(α=1),['None']
S1,Composite,0.9999772192316249,0.9999971004430239,0.0,0.9999962743018955,0.9999995257599181,0.8364451296368263,3,((Per(p=6)*Lin(σ=10))+Per(p=12)),"[np.str_('*'), np.str_('+')]"
S1,Composite,0.046097121849458356,0.3872678963111744,0.0,0.1011933959088227,0.7157328126041187,0.6554221929968799,5,((((Per(p=30)*Per(p=52))*Per(p=40))*Per(p=60))*Lin(σ=0)),"[np.str_('*'), np.str_('*'), np.str_('*'), np.str_('*')]"
S2,Seasonal,0.7465454162769533,0.8800706374645091,0.0,0.9345116114699998,0.9897925761528067,0.9237261695882527,1,Per(p=24),['None']
S2,Seasonal,0.004305293679679356,0.9988662608872929,0.0,0.16265572049791766,0.9998245668315144,0.8436596309414391,1,Per(p=168),['None']
S2,Seasonal,0.13106922891446193,0.9999928291275448,0.0,0.2676747733090218,0.9999950281932608,0.30662619115341583,1,Per(p=6),['None']
S2,Seasonal,0.6296641369930681,0.4291430418550972,0.0,0.7687117076551475,0.7396080972179175,0.5651189178340325,3,((Per(p=30)*Per(p=7))+Per(p=730)),"[np.str_('*'), np.str_('+')]"
S1,Composite,0.9999994938958513,0.985153988371039,0.0,0.9999998207341823,0.9946906189607949,0.6458052694576286,5,((((Per(p=52)+Const(1))+Per(p=10))+Lin(σ=1))+Lin(σ=10)),"[np.str_('+'), np.str_('+'), np.str_('+'), np.str_('+')]"
S1,Composite,0.9996391695647827,0.5427569544023239,0.0,0.9998699513663921,0.7330420910964782,0.6393322335014461,5,((((Per(p=14)*RBF(l=10))+Per(p=730))*Per(p=48))+Lin(σ=0)),"[np.str_('*'), np.str_('+'), np.str_('*'), np.str_('+')]"
S1,Composite,0.9998503443438517,0.10837742090716707,0.0,0.9999895319354638,0.7694400596494355,0.9307427756771904,4,(((Per(p=336)+Lin(σ=0))+Per(p=4))*Per(p=672)),"[np.str_('+'), np.str_('+'), np.str_('*')]"
S1,Composite,0.9999999990531708,0.999999999685085,0.0,0.9999999992978867,0.9999999997664766,0.258454897958626,2,(Lin(σ=10)*Per(p=26)),[np.str_('*')]
S2,Seasonal,0.2408821311138465,0.6024707948059014,0.0,0.3183274044450536,0.9306050045741661,0.8403460114492318,2,(Per(p=96)*Per(p=48)),[np.str_('*')]
S2,Seasonal,0.08547895488163337,0.31143334575092174,0.0,0.1366153548073008,0.4397342913297083,0.4254835359097867,2,(Per(p=52)*RQ(α=0.1)),[np.str_('*')]
S3,Stationary,0.19749653326982253,0.04275950317624144,0.0,0.4591492038594289,0.09356142479918506,0.35472509060904955,1,WN(σ=1),['None']
S2,Seasonal,0.0020913153187647193,0.8987031142428884,0.0,0.023160111471685063,0.8032696161461513,0.0,3,((Per(p=365)*WN(σ=0.1))+Per(p=168)),"[np.str_('*'), np.str_('+')]"
S1,Composite,0.11190897983952319,0.7800663367390384,0.0,0.19080861184824371,0.9459311075447938,0.7376948443649707,3,((Per(p=52)*Lin(σ=0))*Per(p=168)),"[np.str_('*'), np.str_('*')]"
S2,Seasonal,0.6184923571104267,0.5700199712681236,0.0,0.8045180541282304,0.825633727793725,0.7787266569216238,3,((Per(p=26)+Per(p=24))*Per(p=24)),"[np.str_('+'), np.str_('*')]"
S2,Seasonal,0.45526384207535975,0.19733824467195038,0.0,0.5762678342386748,0.34034777678478934,0.49725684136619286,4,(((Per(p=24)*RBF(l=1))+Per(p=730))+WN(σ=1)),"[np.str_('*'), np.str_('+'), np.str_('+')]"
S3,Stationary,0.000835522181095838,0.07690727951824416,0.0,0.04866556906228814,0.2398289274387836,0.3214655094714072,1,Const(1),['None']
S2,Seasonal,0.03631588042400091,0.9999921686618943,0.0,0.24918402332519263,0.9999946252064457,0.3140724037042596,1,Per(p=6),['None']
S2,Seasonal,0.47154464921939165,0.3872838906814031,0.0,0.5714724920810301,0.5205801112972783,0.5727018088737972,4,(((RQ(α=1)*Per(p=48))+Per(p=24))+Per(p=52)),"[np.str_('*'), np.str_('+'), np.str_('+')]"
S1,Composite,0.9999999916186201,0.05101409349334041,0.0,0.9999999999091025,0.5803511109695554,0.9891546580309616,3,((Lin(σ=10)+Per(p=365))+Const(1)),"[np.str_('+'), np.str_('+')]"
S2,Seasonal,0.06764750965165733,0.2903128050283036,0.0,0.16686222277170726,0.5577401777691446,0.5951414363168366,5,((((Per(p=52)*Per(p=168))+Per(p=48))*Per(p=14))*RQ(α=1)),"[np.str_('*'), np.str_('+'), np.str_('*'), np.str_('*')]"
S2,Seasonal,0.5479134142363148,0.20182784731944148,0.0,0.7655155521373752,0.5505466717992616,0.7384776388484866,5,((((Const(1)*RQ(α=10))*Per(p=7))*Per(p=52))+RBF(l=10)),"[np.str_('*'), np.str_('*'), np.str_('*'), np.str_('+')]"
S2,Seasonal,0.7055827831279711,0.6502880497335745,0.0,0.9532216094764525,0.9713521839588857,0.9396102427315846,1,Per(p=96),['None']
S2,Seasonal,0.7700206810023091,0.8917295393941023,0.0,0.7524489945197841,0.8869257960766661,0.0,2,(Per(p=48)+Per(p=12)),[np.str_('+')]
S2,Seasonal,0.6409125416692947,0.7454470380331384,0.0,0.605824793023236,0.8707052642241354,0.5619047978440083,1,Per(p=26),['None']
S2,Seasonal,0.04428115253340548,0.996777006689828,0.0,0.3760880115361289,0.9995545723834004,0.860830849040617,1,Per(p=48),['None']
S2,Seasonal,0.7748178293312169,0.9622975781273184,0.0,0.6358238473256929,0.9288981665847479,0.0,1,Per(p=730),['None']
S2,Seasonal,0.9622138881915928,0.948738444894687,0.0,0.9490659532066315,0.9373921186925365,0.0,1,Per(p=672),['None']
S2,Seasonal,0.1712937057183871,0.25913475156269594,0.0,0.2467766751237226,0.4780834162949109,0.6100794184226116,3,((Per(p=10)*Per(p=730))*RQ(α=1)),"[np.str_('*'), np.str_('*')]"
S2,Seasonal,0.9999639267316204,0.13483753655215236,0.0,0.9999943820392353,0.44865438036836824,0.8454633361097665,1,Per(p=672),['None']
S2,Seasonal,0.3580152923446862,0.7632253914953766,0.0,0.308392115569736,0.8562808314933696,0.4033517736186315,5,((((Per(p=14)+Per(p=52))+Per(p=672))*Per(p=365))+RBF(l=10)),"[np.str_('+'), np.str_('+'), np.str_('*'), np.str_('+')]"
S2,Seasonal,0.06984974280852474,0.5854571692500997,0.0,0.0,0.12161539039859415,0.0,4,(((Per(p=96)*Per(p=168))+WN(σ=1))+RBF(l=1)),"[np.str_('*'), np.str_('+'), np.str_('+')]"
S4,Trending,0.9999988374467482,0.06668571365577869,0.0,0.9999985973171651,0.05770972994111068,0.0,1,Lin(σ=0),['None']
S2,Seasonal,0.9991490064727595,0.06458024669495366,0.0,0.9999938719774009,0.818549353545099,0.9930936384429121,1,Per(p=365),['None']
S2,Seasonal,0.3864109856789938,0.39878280759706797,0.0,0.4378627422214326,0.5815662663080499,0.5434492907238597,3,((Per(p=672)*Per(p=10))*Per(p=40)),"[np.str_('*'), np.str_('*')]"
S2,Seasonal,0.19002146515827856,0.5537565087283979,0.0,0.2563802016464306,0.735785652147703,0.5749952158084867,3,((Const(1)+Per(p=26))+RQ(α=1)),"[np.str_('+'), np.str_('+')]"
S3,Stationary,0.15567311120887584,0.16142544332363895,0.0,0.39710637154151307,0.23606458631654115,0.31797575003700784,1,RBF(l=0.1),['None']
S2,Seasonal,0.7880614207744071,0.8632829590942347,0.0,0.9230092854235115,0.9637197057331963,0.7590363020816371,5,((((Per(p=168)*Per(p=168))*Per(p=730))*RQ(α=10))+Per(p=7)),"[np.str_('*'), np.str_('*'), np.str_('*'), np.str_('+')]"
S1,Composite,0.999821338521692,0.9999263081527486,0.0,0.9998529875743689,0.999939621788965,0.1807436461813735,4,(((Lin(σ=10)*Per(p=4))+RQ(α=0.1))*Per(p=365)),"[np.str_('*'), np.str_('+'), np.str_('*')]"
S1,Composite,0.037430755508700675,0.04874547956259967,0.0,0.1542224186053356,0.18024835650350624,0.3351000223255932,4,(((Per(p=672)+Lin(σ=1))*WN(σ=0.1))+RQ(α=1)),"[np.str_('+'), np.str_('*'), np.str_('+')]"
S3,Stationary,0.14894809884494986,0.2051797184560532,0.0,0.22330862323772982,0.384093907743259,0.5746545926610018,1,RBF(l=1),['None']
S2,Seasonal,0.015718901414042197,0.5165444730070294,0.0,0.0,0.0,0.0,2,(WN(σ=1)+Per(p=365)),[np.str_('+')]
S2,Seasonal,0.036261672171987946,0.9509328669987602,0.0,0.3478737322816351,0.9958245170264268,0.9204705810860732,2,(Per(p=96)*Const(1)),[np.str_('*')]
S2,Seasonal,0.0,0.9088012143809159,0.0,0.008307587528844973,0.4847043944654894,0.0,4,(((Per(p=24)*Per(p=24))*Per(p=24))+Per(p=168)),"[np.str_('*'), np.str_('*'), np.str_('+')]"
S2,Seasonal,0.2135760349231387,0.6611918599097657,0.0,0.08606357631672568,0.6877173005937445,0.10906307934049542,1,Per(p=24),['None']
S2,Seasonal,0.0,0.9992981182532482,0.0,0.315462745672047,0.9998992463269852,0.856785672461025,1,Per(p=52),['None']
S2,Seasonal,0.24311261681608176,0.43532987923975563,0.0,0.5645599888000029,0.6742008301070219,0.6634618373780956,4,(((Per(p=48)+Per(p=96))+Per(p=24))*Per(p=12)),"[np.str_('+'), np.str_('+'), np.str_('*')]"
S2,Seasonal,0.008401412656026008,0.6581357586683882,0.0,0.010730890132106263,0.7324842653179129,0.27768179210299504,3,((Per(p=7)+Per(p=52))+WN(σ=0.1)),"[np.str_('+'), np.str_('+')]"
S2,Seasonal,0.0,0.8825503973494322,0.0,0.16387280279074767,0.9621771471581688,0.6852411160749543,1,Per(p=96),['None']
S3,Stationary,0.04000423905300177,0.26142525646846504,0.0,0.05023597242629274,0.4131042365927592,0.5541080329754433,1,RBF(l=1),['None']
S2,Seasonal,0.3019945124732002,0.3037091542159821,0.0,0.38983145359056415,0.43195550315389575,0.373796570181151,3,((RBF(l=0.1)*Per(p=14))+Per(p=730)),"[np.str_('*'), np.str_('+')]"
S1,Composite,0.9999988255582477,0.9999984529722571,0.0,0.9999997828284021,0.9999997142574341,0.8150724061129928,3,((Per(p=10)*Lin(σ=1))*Lin(σ=1)),"[np.str_('*'), np.str_('*')]"
S1,Composite,0.0,0.21410640779850165,0.0,0.08512663568342216,0.39468444350804877,0.3513333180145044,4,(((Per(p=6)*Per(p=52))*RBF(l=0.1))*Lin(σ=0)),"[np.str_('*'), np.str_('*'), np.str_('*')]"
S2,Seasonal,0.3263807992200236,0.21641765412254876,0.0,0.6324549044228098,0.5812155641745888,0.764192198254516,5,((((Per(p=52)+RBF(l=1))*Per(p=96))*RBF(l=10))*Per(p=26)),"[np.str_('+'), np.str_('*'), np.str_('*'), np.str_('*')]"
S2,Seasonal,0.14343793606313604,0.23238720143175717,0.0,0.3004341563158459,0.3335532327397618,0.2885926332464962,5,((((Per(p=12)*Per(p=48))*Per(p=10))+RQ(α=10))*RBF(l=0.1)),"[np.str_('*'), np.str_('*'), np.str_('+'), np.str_('*')]"
S1,Composite,0.998365593890472,0.0,0.0,0.9999748043300755,0.9216389167881694,0.9852508181985097,5,((((RQ(α=1)*Per(p=7))+Lin(σ=10))*Per(p=730))*Per(p=336)),"[np.str_('*'), np.str_('+'), np.str_('*'), np.str_('*')]"
S4,Trending,0.9999999999072909,0.19792697499314327,0.0,0.9999999999382745,0.2900953094418436,0.33420217689542053,1,Lin(σ=10),['None']
S2,Seasonal,0.5361479089872644,0.3404100207907672,0.0,0.648835671816376,0.5003299093986835,0.45771065810135847,3,((Per(p=7)+WN(σ=0.1))*Per(p=336)),"[np.str_('+'), np.str_('*')]"
S4,Trending,0.9999999998320483,0.20074248257477667,0.0,0.9999999998781652,0.26576582222681,0.2745842789974381,1,Lin(σ=1),['None']
S2,Seasonal,0.23457936300892945,0.1263004122415715,0.0,0.3778530391141194,0.22737461253059876,0.34059276349719014,2,(RBF(l=0.1)+Per(p=24)),[np.str_('+')]
S2,Seasonal,0.030492612976029898,0.38436968944900674,0.0,0.07410806506316703,0.509859761996225,0.3689350491491935,4,(((Per(p=7)+WN(σ=1))+Per(p=52))*Per(p=6)),"[np.str_('+'), np.str_('+'), np.str_('*')]"
S2,Seasonal,0.2746224848663509,0.359886428889614,0.0,0.3731293101550339,0.4719130890887737,0.30167944445294703,3,((RBF(l=0.1)+Per(p=365))*Per(p=4)),"[np.str_('+'), np.str_('*')]"
S3,Stationary,0.1600918309176751,0.1024467001414111,0.0,0.40808862814278224,0.1710819615260295,0.2883889909571492,1,WN(σ=1),['None']
S2,Seasonal,0.019265053607266602,0.5764526739749205,0.0,0.0,0.014391684696814067,0.0,4,(((RQ(α=1)*Per(p=60))+Per(p=168))+Per(p=14)),"[np.str_('*'), np.str_('+'), np.str_('+')]"
S2,Seasonal,0.17877117295664335,0.999983634178387,0.0,0.3597355411813734,0.9999888552109181,0.3191189977079918,1,Per(p=4),['None']
S2,Seasonal,0.04147816819083616,0.6537676831160242,0.0,0.07421605322571168,0.7401613666362996,0.30155716527062826,4,(((Per(p=672)*RBF(l=1))*RBF(l=0.1))+Per(p=30)),"[np.str_('*'), np.str_('*'), np.str_('+')]"
S2,Seasonal,0.31977965395257313,0.3546317373055866,0.0,0.4897251519568676,0.6079945644233813,0.6714317724901036,3,((Per(p=14)*RBF(l=1))+RBF(l=10)),"[np.str_('*'), np.str_('+')]"
S1,Composite,0.050479259092628403,0.1572890479851824,0.0,0.17084134255480776,0.3070487896477784,0.5820186051431977,5,((((Per(p=730)+Per(p=365))*RBF(l=1))*Lin(σ=10))*Per(p=168)),"[np.str_('+'), np.str_('*'), np.str_('*'), np.str_('*')]"
S2,Seasonal,0.3421165058196338,0.534860854918154,0.0,0.49328550378994107,0.7007124210983212,0.5065561451576301,4,(((Per(p=24)+RBF(l=1))+Per(p=336))+Per(p=60)),"[np.str_('+'), np.str_('+'), np.str_('+')]"
S1,Composite,0.052520126791483435,0.13047091354570128,0.0,0.29995674969084585,0.1998137689826054,0.34983483677791205,4,(((Per(p=52)*Lin(σ=1))*Per(p=48))*RBF(l=0.1)),"[np.str_('*'), np.str_('*'), np.str_('*')]"
S2,Seasonal,0.6226176059364241,0.9279661502972332,0.0,0.668043346958082,0.9350459683902794,0.12316880374704642,3,((Per(p=672)+Per(p=14))+Per(p=12)),"[np.str_('+'), np.str_('+')]"
S3,Stationary,0.07700667012923024,0.29463270253437346,0.0,0.6474121215546347,0.9078319905694324,0.9000022851311886,1,RQ(α=10),['None']
S1,Composite,0.08688676379219196,0.2254984410309736,0.0,0.20123136630710292,0.4348801871668705,0.4814424006131013,5,((((Lin(σ=0)*RBF(l=0.1))*Lin(σ=10))+Per(p=40))*Per(p=336)),"[np.str_('*'), np.str_('*'), np.str_('+'), np.str_('*')]"
S2,Seasonal,0.043772191100703295,0.2500081989230568,0.0,0.19306045488796142,0.39238854899189446,0.4062872189056499,3,((WN(σ=1)*Per(p=4))*Per(p=40)),"[np.str_('*'), np.str_('*')]"
S2,Seasonal,0.026910690439889473,0.6195063193106527,0.0,0.03299222747592567,0.6893880973561338,0.34281840468042757,3,((Per(p=730)*WN(σ=1))+Per(p=60)),"[np.str_('*'), np.str_('+')]"
S2,Seasonal,0.10081911058548199,0.9999701296351458,0.0,0.24622326031824138,0.9999793798563651,0.30931408865425103,1,Per(p=6),['None']
S2,Seasonal,0.639345745086974,0.8042809850228296,0.0,0.7142298153852553,0.9352648417110805,0.7129831376215966,1,Per(p=26),['None']
S2,Seasonal,0.0,0.0,0.0,0.3152778394052351,0.0,0.15082707548092256,2,(Per(p=4)+Per(p=6)),[np.str_('+')]
S2,Seasonal,0.2894222768986705,0.2853899893962699,0.0,0.5691064166912171,0.8110840764675067,0.7312702683200021,5,((((Per(p=365)+Per(p=4))+Per(p=96))*RBF(l=10))+RBF(l=1)),"[np.str_('+'), np.str_('+'), np.str_('*'), np.str_('+')]"
S1,Composite,0.9994448124649604,0.23619870799049814,0.0,0.9995643286533403,0.27831615134582965,0.21736314990339956,4,(((Per(p=365)+Per(p=40))*WN(σ=0.1))+Lin(σ=0)),"[np.str_('+'), np.str_('*'), np.str_('+')]"
S1,Composite,0.9999034275006622,0.05188285294198336,0.0,0.9999896394084213,0.18575849331921646,0.8944188851542425,4,(((Per(p=7)+Lin(σ=1))*Const(1))*Per(p=730)),"[np.str_('+'), np.str_('*'), np.str_('*')]"
S1,Composite,0.049891129303571646,0.3904446298989235,0.0,0.0956159567423851,0.8355719915558065,0.8438116680668499,5,((((Per(p=40)*Lin(σ=10))*Per(p=30))+Per(p=672))+Per(p=672)),"[np.str_('*'), np.str_('*'), np.str_('+'), np.str_('+')]"
S2,Seasonal,0.4894248762802309,0.7853665106695353,0.0,0.7087239870474957,0.9799597360490285,0.9239629660350206,2,(Per(p=12)+Per(p=7)),[np.str_('+')]
S1,Composite,0.0,0.27423295658057045,0.0,0.03195404762777376,0.5014495451690213,0.5973483706615004,5,((((WN(σ=1)+Lin(σ=10))*Per(p=26))+Per(p=96))*Per(p=6)),"[np.str_('+'), np.str_('*'), np.str_('+'), np.str_('*')]"
S2,Seasonal,0.0940867942857967,0.999991560677353,0.0,0.34811319799889495,0.9999935346659824,0.23382639729667354,1,Per(p=4),['None']
S2,Seasonal,0.062054857439398314,0.999977340672527,0.0,0.18745569787683825,0.9999859385890766,0.37973846667254285,1,Per(p=7),['None']
S2,Seasonal,0.008473937199718007,0.11389173088517746,0.0,0.0,0.2780073564733203,0.0,1,Per(p=336),['None']
S2,Seasonal,0.03536457598612086,0.7905995458491853,0.0,0.13659721550398063,0.8663856770963301,0.4122134045794086,5,((((RQ(α=0.1)*WN(σ=1))+Per(p=672))+Per(p=26))*Per(p=365)),"[np.str_('*'), np.str_('+'), np.str_('+'), np.str_('*')]"
S4,Trending,0.9999999115055798,0.1388324132771781,0.0,0.9999999463633751,0.24281699533982393,0.3939063217704889,2,(Const(1)+Lin(σ=10)),[np.str_('+')]
S2,Seasonal,0.6301326296705757,0.7919325810734786,0.0,0.7136367517768476,0.8968791385780194,0.5402644565517292,3,((Per(p=60)+WN(σ=0.1))+Per(p=12)),"[np.str_('+'), np.str_('+')]"
S1,Composite,0.9999991260159578,0.9820191901794194,0.0,0.9999999883403798,0.9997598818311281,0.9866590779108476,4,(((Per(p=10)+Lin(σ=10))+RBF(l=10))+Per(p=336)),"[np.str_('+'), np.str_('+'), np.str_('+')]"
S2,Seasonal,0.19775684073288546,0.6214225812636909,0.0,0.306843219986326,0.8438929702347333,0.7304619139352849,3,((Per(p=24)+RBF(l=1))+Per(p=40)),"[np.str_('+'), np.str_('+')]"
S2,Seasonal,0.0032644390617340147,0.5373893708986472,0.0,0.013774166948524735,0.7445258143892809,0.31653289807944585,3,((Per(p=168)*Per(p=52))+RBF(l=0.1)),"[np.str_('*'), np.str_('+')]"
S1,Composite,0.29667964686092274,0.3016972382175085,0.0,0.44289282554187703,0.3969363057850852,0.3655034396863662,5,((((Per(p=26)*Per(p=14))+Per(p=6))*Lin(σ=10))+Per(p=672)),"[np.str_('*'), np.str_('+'), np.str_('*'), np.str_('+')]"
S2,Seasonal,0.10060397235150964,0.21896117967378625,0.0,0.5492019797963481,0.8819127544035139,0.8917682243511843,2,(Per(p=168)*RQ(α=10)),[np.str_('*')]
S2,Seasonal,0.14370022564178375,0.23089992105217128,0.0,0.22560811176228412,0.35200708108097756,0.3322283822531893,5,((((Per(p=730)*Per(p=14))*Per(p=60))*RQ(α=0.1))*WN(σ=0.1)),"[np.str_('*'), np.str_('*'), np.str_('*'), np.str_('*')]"
S2,Seasonal,0.25644097398069654,0.30981715980906355,0.0,0.7978955633591772,0.9003877876160964,0.9196254222815834,4,(((Per(p=365)+Per(p=60))+Per(p=40))*RBF(l=10)),"[np.str_('+'), np.str_('+'), np.str_('*')]"
S3,Stationary,0.06148270969011771,0.21267897969495098,0.0,0.21278280097851465,0.3851264928176261,0.5663202448241136,1,RBF(l=1),['None']
S2,Seasonal,0.5265396248770401,0.9831165816396958,0.0,0.42081839294092604,0.9931737141422503,0.5990365074523762,2,(Per(p=6)+Per(p=12)),[np.str_('+')]
S2,Seasonal,0.10821056888355074,0.3851331736173751,0.0,0.18813472681948396,0.6091933343870415,0.5535353471631977,4,(((Per(p=60)*RQ(α=0.1))+Per(p=26))*Per(p=48)),"[np.str_('*'), np.str_('+'), np.str_('*')]"
S1,Composite,0.0,0.10067348081014882,0.0,0.06395508341092104,0.33499593707829767,0.3693552893974289,5,((((RBF(l=0.1)+RBF(l=0.1))*Per(p=26))*Lin(σ=0))+Per(p=336)),"[np.str_('+'), np.str_('*'), np.str_('*'), np.str_('+')]"
S2,Seasonal,0.07636542939222768,0.23046994119273678,0.0,0.09598805831954371,0.6239072257818405,0.646193457990659,5,((((Per(p=30)+WN(σ=0.1))+WN(σ=0.1))*Per(p=96))*RQ(α=1)),"[np.str_('+'), np.str_('+'), np.str_('*'), np.str_('*')]"
S2,Seasonal,0.04997478382284515,0.9999877576486714,0.0,0.20670730789187886,0.999991487842763,0.30497366504688317,1,Per(p=12),['None']
S2,Seasonal,0.0,0.9976667908368829,0.0,0.2112010199897022,0.9978794046249845,0.1291152598300508,1,Per(p=40),['None']
S2,Seasonal,0.8101826802958123,0.8842970331752639,0.0,0.8613424255865729,0.9314414909192551,0.4591225719490112,3,((Per(p=6)+Per(p=52))*Per(p=60)),"[np.str_('+'), np.str_('*')]"
S2,Seasonal,0.5951498127507071,0.2428839432676113,0.0,0.6252755650679283,0.35010619481675587,0.35849854387047086,3,((Per(p=10)+Per(p=7))+RBF(l=10)),"[np.str_('+'), np.str_('+')]"
S3,Stationary,0.1756109471374634,0.2070267271709484,0.0,0.2743024505236644,0.2785238938733188,0.20415458617886306,1,RBF(l=0.1),['None']
S2,Seasonal,0.5003338757530403,0.5450772965258994,0.0,0.6396150801198329,0.6671802937581675,0.5117466979135732,4,(((Per(p=60)+Per(p=336))*Per(p=168))*Per(p=12)),"[np.str_('+'), np.str_('*'), np.str_('*')]"
S2,Seasonal,0.06121340812014919,0.7901626459631119,0.0,0.10014192422406998,0.8520454233957738,0.3215973407373768,5,((((Per(p=48)+Per(p=30))*WN(σ=0.1))+Per(p=30))+WN(σ=0.1)),"[np.str_('+'), np.str_('*'), np.str_('+'), np.str_('+')]"
S3,Stationary,0.08989934124218624,0.036230804876867584,0.0,0.3379033714181724,0.5693790095371942,0.830583654799407,1,RBF(l=10),['None']
S3,Stationary,0.28854249423807776,0.18954589046561932,0.0,0.5338661353996637,0.25489869154716405,0.27124094869356075,1,Const(1),['None']
S2,Seasonal,0.44699972497775653,0.3637146853722587,0.0,0.5486595158001069,0.5094068977244443,0.3875348006766792,5,((((WN(σ=1)*Per(p=52))+Per(p=6))*Per(p=672))+Per(p=52)),"[np.str_('*'), np.str_('+'), np.str_('*'), np.str_('+')]"
S2,Seasonal,0.030306547687934615,0.2180335730200914,0.0,0.07902235333634955,0.4116268990750612,0.42584934594029056,4,(((Per(p=60)*Per(p=7))*RBF(l=0.1))*RQ(α=1)),"[np.str_('*'), np.str_('*'), np.str_('*')]"
S2,Seasonal,0.02639477518944633,0.4377077628787197,0.0,0.18106375233555538,0.7670807811859717,0.7373174026698195,4,(((RQ(α=0.1)+Per(p=40))+Per(p=30))*Per(p=48)),"[np.str_('+'), np.str_('+'), np.str_('*')]"
S2,Seasonal,0.002496526572007496,0.2535193589256498,0.0,0.22721372114920257,0.7199535978447926,0.5921606573116465,2,(Per(p=7)*Per(p=10)),[np.str_('*')]
S2,Seasonal,0.9926292342169356,0.9968744399391881,0.0,0.9991289555214903,0.9996629279082152,0.8908032781269472,2,(Per(p=24)+Per(p=336)),[np.str_('+')]
S2,Seasonal,0.9999266509285695,0.08338317164658504,0.0,0.9999964386676331,0.5776863853987851,0.952184186901475,2,(Per(p=730)*Per(p=730)),[np.str_('*')]
S2,Seasonal,0.18708808982572767,0.9999708746093322,0.0,0.24101462324762601,0.9999778253312579,0.2387715287121851,1,Per(p=7),['None']
S3,Stationary,0.1063457450383275,0.2492488121787445,0.0,0.5430637070233771,0.8306553874339538,0.848866823907649,2,(RQ(α=10)*Const(1)),[np.str_('*')]
S2,Seasonal,0.07669931495089444,0.1770774926462877,0.0,0.3074092836021969,0.27755782355521386,0.2677778281806542,4,(((Per(p=14)*Per(p=24))+RBF(l=0.1))*RBF(l=0.1)),"[np.str_('*'), np.str_('+'), np.str_('*')]"
S1,Composite,0.16457491772339772,0.13277068708794415,0.0,0.5051277400115066,0.1781544947813165,0.2748948358560106,5,((((Per(p=96)*Per(p=7))+WN(σ=1))*RBF(l=0.1))*Lin(σ=1)),"[np.str_('*'), np.str_('+'), np.str_('*'), np.str_('*')]"
S2,Seasonal,0.9911486290212177,0.9956999567748718,0.0,0.998026184892275,0.9991191521685923,0.7958628372933586,3,((Per(p=336)+Per(p=30))+Per(p=4)),"[np.str_('+'), np.str_('+')]"
S2,Seasonal,0.11085009491287134,0.2966807785429454,0.0,0.15979398550889834,0.43531771513116013,0.36163330893671597,5,((((Per(p=24)*Per(p=96))*Per(p=6))*RBF(l=1))*Per(p=6)),"[np.str_('*'), np.str_('*'), np.str_('*'), np.str_('*')]"
S2,Seasonal,0.03872460103899256,0.12755213402099674,0.0,0.3083593548182324,0.20853834114811154,0.33886106162519125,4,(((RQ(α=1)*Per(p=30))*WN(σ=1))*WN(σ=1)),"[np.str_('*'), np.str_('*'), np.str_('*')]"
S2,Seasonal,0.000998249181381028,0.6174540432729771,0.0,0.0012854886805827581,0.6165508418729433,0.00041666339486545745,2,(Per(p=26)+Per(p=6)),[np.str_('+')]
S1,Composite,0.0,0.45231187684676166,0.0,0.1556030889163108,0.5064870719034604,0.08620834302385993,5,((((Per(p=4)+WN(σ=0.1))+Per(p=6))*Lin(σ=10))+Per(p=24)),"[np.str_('+'), np.str_('+'), np.str_('*'), np.str_('+')]"
S1,Composite,0.5569467423096921,0.1453149135228522,0.0,0.7162364100654584,0.4683603059261434,0.555993521134835,4,(((RQ(α=0.1)+Per(p=48))*Lin(σ=0))+RQ(α=0.1)),"[np.str_('+'), np.str_('*'), np.str_('+')]"
S2,Seasonal,0.9971013720397349,0.9979511529939586,0.0,0.9981044943103992,0.9986494353014311,0.3488363145568456,2,(Per(p=336)*Per(p=7)),[np.str_('*')]
S1,Composite,0.9999901063477877,0.7929690562352482,0.0,0.9999965111635704,0.9138383431389309,0.6472553293439683,4,(((Per(p=14)+Per(p=7))+Lin(σ=10))+WN(σ=0.1)),"[np.str_('+'), np.str_('+'), np.str_('+')]"
S1,Composite,0.3639090553026687,0.324736493826556,0.0,0.6352412621855377,0.4585588369704219,0.6587859709242516,3,((Lin(σ=0)+Per(p=48))*RBF(l=10)),"[np.str_('+'), np.str_('*')]"
S2,Seasonal,0.13845513294684964,0.2590700270815164,0.0,0.16415802897823895,0.3842332896102465,0.28601223059885894,5,((((RQ(α=0.1)+Per(p=96))*Per(p=4))*Per(p=14))*Per(p=48)),"[np.str_('+'), np.str_('*'), np.str_('*'), np.str_('*')]"
S4,Trending,0.9999836685334346,0.0,0.0,0.9999844431530721,0.0,0.047753147032859045,2,(Lin(σ=1)+Lin(σ=10)),[np.str_('+')]
S2,Seasonal,0.057465725802970824,0.296705768790395,0.0,0.5736238512480002,0.729609816060494,0.8680807899522489,4,(((Per(p=48)*Per(p=672))+Per(p=60))*RBF(l=10)),"[np.str_('*'), np.str_('+'), np.str_('*')]"
S1,Composite,0.15410085156763043,0.09792349844371118,0.0,0.36384627382220436,0.16523546674801892,0.3223659997851904,4,(((Lin(σ=0)*RBF(l=0.1))*Per(p=96))*RQ(α=1)),"[np.str_('*'), np.str_('*'), np.str_('*')]"
S3,Stationary,0.4061806427999969,0.3136910702226733,0.0,0.6045704251679689,0.5028449766915607,0.5819142675452078,3,((Const(1)+RQ(α=1))+Const(1)),"[np.str_('+'), np.str_('+')]"
S2,Seasonal,0.047220017485144816,0.945078811116374,0.0,0.0971025532192561,0.9660043041868293,0.35984924339618707,2,(Per(p=96)+Per(p=26)),[np.str_('+')]
S1,Composite,0.9996659138742516,0.4332899611622355,0.0,0.999948072806914,0.8215481535863556,0.8449156361597385,5,((((Lin(σ=10)+Per(p=52))+RQ(α=1))+RQ(α=10))+Per(p=60)),"[np.str_('+'), np.str_('+'), np.str_('+'), np.str_('+')]"
S2,Seasonal,0.10918930087415557,0.31004886926269315,0.0,0.1283657602423255,0.4712301899555642,0.5423648850640415,5,((((RQ(α=10)*Per(p=12))*Per(p=30))*Const(1))*RQ(α=1)),"[np.str_('*'), np.str_('*'), np.str_('*'), np.str_('*')]"
S2,Seasonal,0.4807887169294427,0.6563684167987738,0.0,0.7979802099776817,0.8710504217554117,0.7392685658220746,3,((Per(p=30)+Per(p=365))*Per(p=6)),"[np.str_('+'), np.str_('*')]"
S2,Seasonal,0.023000850804355544,0.9939378360574223,0.0,0.12638430365102693,0.99813928435511,0.69759085043041,2,(Per(p=52)+Per(p=52)),[np.str_('+')]
S2,Seasonal,0.9573200406053591,0.984387733800552,0.0,0.9645376492521672,0.9897479393450889,0.34691135473435886,3,((Per(p=52)+Per(p=10))+Const(1)),"[np.str_('+'), np.str_('+')]"
S3,Stationary,0.015144782475976726,0.2288405876474242,0.0,0.034209518665526906,0.6734521806833835,0.6465025597982255,1,RQ(α=1),['None']
S2,Seasonal,0.6910765257154186,0.03979326689439311,0.0,0.8363502447586381,0.12691609925142722,0.5056840175460848,2,(Per(p=7)*Per(p=672)),[np.str_('*')]
S2,Seasonal,0.007593171586023129,0.36601101802227287,0.0,0.052549735693707245,0.8519164389282127,0.8267953847036947,5,((((Per(p=10)*Per(p=40))*RBF(l=1))+Per(p=96))+Per(p=12)),"[np.str_('*'), np.str_('*'), np.str_('+'), np.str_('+')]"
S2,Seasonal,0.0,0.4175302657279262,0.0,0.17385741477112604,0.7411948451081023,0.6831593976136127,2,(Per(p=96)+Per(p=14)),[np.str_('+')]
S2,Seasonal,0.48992897835937377,0.4546123002315101,0.0,0.64393014218655,0.6680610718120821,0.6453395187414737,5,((((Per(p=336)*Per(p=26))+Per(p=96))+Per(p=14))*Per(p=48)),"[np.str_('*'), np.str_('+'), np.str_('+'), np.str_('*')]"
S1,Composite,0.9999897406243411,0.9015030208335333,0.0,0.999903639637219,0.44126920456138863,0.0,4,(((Per(p=365)+Lin(σ=1))+Lin(σ=0))+Lin(σ=10)),"[np.str_('+'), np.str_('+'), np.str_('+')]"
S2,Seasonal,0.0,0.5742039374502007,0.0,0.00039718028432300656,0.5769278904621189,0.0016025202287228701,2,(Per(p=40)+Per(p=24)),[np.str_('+')]
S1,Composite,0.08533690507272362,0.18347481503742935,0.0,0.10817142338591534,0.34612841138106865,0.5221083237193277,4,(((RQ(α=10)*RBF(l=1))*Per(p=26))*Lin(σ=10)),"[np.str_('*'), np.str_('*'), np.str_('*')]"
S2,Seasonal,0.04535635675559402,0.27766506792021395,0.0,0.07660218581616862,0.38841656050095674,0.28375944072480075,4,(((Per(p=26)*Per(p=730))*RBF(l=0.1))+WN(σ=0.1)),"[np.str_('*'), np.str_('*'), np.str_('+')]"
S2,Seasonal,0.4885195131201997,0.44271334312532995,0.0,0.6548611136519158,0.712298575430184,0.6669057375133893,3,((Per(p=26)+RQ(α=1))+Per(p=365)),"[np.str_('+'), np.str_('+')]"
S1,Composite,0.09710955122854925,0.23347163457638953,0.0,0.18467122087221588,0.4537362807008549,0.5109702353707496,3,((RQ(α=0.1)+Per(p=10))*Lin(σ=10)),"[np.str_('+'), np.str_('*')]"
S2,Seasonal,0.15084307381820106,0.30379339405032435,0.0,0.4784537150390692,0.7041001324718436,0.7729758193670937,2,(Per(p=14)*Per(p=60)),[np.str_('*')]
S2,Seasonal,0.5807448459674464,0.6885318524465773,0.0,0.7212312834169197,0.8519194088630135,0.638630048613448,5,((((RQ(α=1)*Per(p=60))+Per(p=14))*Per(p=26))+Per(p=6)),"[np.str_('*'), np.str_('+'), np.str_('*'), np.str_('+')]"
S3,Stationary,0.3168944658211187,0.11505837745492753,0.0,0.5461517307548491,0.16097588488456815,0.2718903474034817,3,((Const(1)+Const(1))+RBF(l=0.1)),"[np.str_('+'), np.str_('+')]"
S2,Seasonal,0.16980675616856877,0.4267337973058213,0.0,0.2691462322784143,0.6259398144992783,0.6365254280410502,5,((((RQ(α=10)+RQ(α=1))*Per(p=730))+Per(p=30))+RQ(α=1)),"[np.str_('+'), np.str_('*'), np.str_('+'), np.str_('+')]"
S1,Composite,0.9953319069663291,0.9144665749486212,0.0,0.999430157841091,0.9891980022676584,0.8787291009271658,5,((((Per(p=14)+Per(p=10))+Lin(σ=1))+RBF(l=10))+Lin(σ=1)),"[np.str_('+'), np.str_('+'), np.str_('+'), np.str_('+')]"
S3,Stationary,0.27558787138559815,0.2645638699457672,0.0,0.5800301414250222,0.7196916684421324,0.8325169365890615,1,RQ(α=10),['None']
S1,Composite,0.04904401882615195,0.11098586239408159,0.0,0.12740907818338,0.3078902694553003,0.552824683772096,5,((((RQ(α=10)*Lin(σ=10))*Per(p=60))*RBF(l=1))+RBF(l=10)),"[np.str_('*'), np.str_('*'), np.str_('*'), np.str_('+')]"
S1,Composite,0.9999997469160626,0.9978430837837791,0.0,0.999999974463794,0.999782773414282,0.8990969063297196,3,((Per(p=52)+Lin(σ=0))+Per(p=52)),"[np.str_('+'), np.str_('+')]"
S2,Seasonal,0.04579951676081717,0.9999944487929967,0.0,0.04621105181228191,0.9999960648374149,0.2909822537266046,2,(Per(p=24)*Per(p=24)),[np.str_('*')]
S1,Composite,0.7321795192442687,0.7272953848870009,0.0,0.9695092919966665,0.9664066808784622,0.9159635693142499,4,(((Per(p=40)*Per(p=336))+Per(p=12))*Lin(σ=10)),"[np.str_('*'), np.str_('+'), np.str_('*')]"
S2,Seasonal,0.9613735360604014,0.9815126518463512,0.0,0.9660005348086275,0.9868151393723127,0.2904531312047739,2,(Per(p=40)+Per(p=6)),[np.str_('+')]
S2,Seasonal,0.04385075087947965,0.40808488240223617,0.0,0.047649825198358364,0.5462451530380639,0.3799030651831805,4,(((RBF(l=1)*RBF(l=0.1))+Per(p=60))+Per(p=6)),"[np.str_('*'), np.str_('+'), np.str_('+')]"
S2,Seasonal,0.3645681378384721,0.6242127990481217,0.0,0.4039726419119206,0.7655439642980226,0.5493063741473468,4,(((Const(1)+Per(p=30))*Per(p=24))+Per(p=24)),"[np.str_('+'), np.str_('*'), np.str_('+')]"
S2,Seasonal,0.5042993776354092,0.6149844524735406,0.0,0.7309602978957324,0.8407895227591277,0.6630587338822832,4,(((Per(p=730)+RQ(α=10))*Per(p=12))+WN(σ=0.1)),"[np.str_('+'), np.str_('*'), np.str_('+')]"
S2,Seasonal,0.060389923636230525,0.999955839863367,0.0,0.1415882261791318,0.9999698474623938,0.3169203623065354,1,Per(p=10),['None']
S2,Seasonal,0.780479082939989,0.948962863722874,0.0,0.8997969200955948,0.9798722343673176,0.6449952256275011,3,((Per(p=672)*Per(p=24))+Per(p=730)),"[np.str_('*'), np.str_('+')]"
S2,Seasonal,0.7113102826989094,0.8613591911072953,0.0,0.8911508243086355,0.9843795060582334,0.9016383624231422,1,Per(p=30),['None']
S2,Seasonal,0.0,0.9999341228156035,0.0,0.0003405235230967696,0.9919424500440281,0.0,1,Per(p=168),['None']
S2,Seasonal,0.18836016884008477,0.43450260853348266,0.0,0.17220991504704275,0.6282335484903065,0.5169140256715196,3,((RBF(l=0.1)+Per(p=24))+Per(p=14)),"[np.str_('+'), np.str_('+')]"
S2,Seasonal,0.0796195929852701,0.20156720377553305,0.0,0.31591065467926105,0.27081849533672786,0.2529690836888725,4,(((Per(p=48)+WN(σ=0.1))*WN(σ=1))*Per(p=168)),"[np.str_('+'), np.str_('*'), np.str_('*')]"
S1,Composite,0.1035659737983603,0.23532942754922648,0.0,0.3137720229821638,0.48998662684661076,0.6329394733041254,5,((((Per(p=14)+Lin(σ=10))*RQ(α=1))*Per(p=365))+Per(p=40)),"[np.str_('+'), np.str_('*'), np.str_('*'), np.str_('+')]"
S2,Seasonal,0.6668822239828225,0.0,0.0,0.9256599979959512,0.0,0.8152761055843144,2,(Per(p=14)*Per(p=730)),[np.str_('*')]
S2,Seasonal,0.1671820038795303,0.9999903421155327,0.0,0.35848030426704314,0.999993796606188,0.3576806205956189,1,Per(p=4),['None']
S2,Seasonal,0.11981358625208682,0.9999941478052836,0.0,0.2777583748866369,0.9999960898532713,0.33180524429458114,1,Per(p=4),['None']
S2,Seasonal,0.16790662469391826,0.7319908606147242,0.0,0.28276663352580456,0.9222854403859835,0.6641614315502634,2,(RBF(l=10)+Per(p=96)),[np.str_('+')]
S2,Seasonal,0.04732275965796917,0.264618464717011,0.0,0.11367831698094266,0.39152272434806623,0.3223885303918608,3,((RQ(α=1)*Per(p=6))*RBF(l=0.1)),"[np.str_('*'), np.str_('*')]"
S2,Seasonal,0.44121534529473105,0.5452693710937325,0.0,0.5972667631141481,0.6880456840994387,0.4988345322255253,5,((((Per(p=60)+RBF(l=10))+Const(1))+Per(p=40))*Per(p=10)),"[np.str_('+'), np.str_('+'), np.str_('+'), np.str_('*')]"
S2,Seasonal,0.004856733673067826,0.24149739353076605,0.0,0.02505013407514156,0.7571000747858948,0.7020227496095899,4,(((Per(p=96)*Per(p=96))+Const(1))*RBF(l=1)),"[np.str_('*'), np.str_('+'), np.str_('*')]"
S2,Seasonal,0.0,0.9773480619198694,0.0,0.029286848668586107,0.30062369388840504,0.0,2,(Per(p=168)+Per(p=10)),[np.str_('+')]
S2,Seasonal,0.0,0.9996776000481267,0.0,0.8204206678735351,0.9999920808950131,0.975617800358324,1,Per(p=52),['None']
S2,Seasonal,0.14048403464852766,0.5745936701859745,0.0,0.4598517554047302,0.7925967360522022,0.7187847494933256,2,(Per(p=52)+RQ(α=10)),[np.str_('+')]
S1,Composite,0.9999999992480205,0.9999999997847945,0.0,0.999999999523081,0.9999999998635132,0.3657835941793737,2,(Per(p=4)*Lin(σ=0)),[np.str_('*')]
S2,Seasonal,0.09304308927851379,0.16561052043412816,0.0,0.33644962523697175,0.27729117997229924,0.2918081641154522,5,((((Per(p=96)+WN(σ=0.1))*Per(p=365))*RBF(l=0.1))*Per(p=365)),"[np.str_('+'), np.str_('*'), np.str_('*'), np.str_('*')]"
S2,Seasonal,0.1699471944208666,0.08782309517626474,0.0,0.4715115458843292,0.1028604746430899,0.19918191566946497,3,((WN(σ=0.1)*Per(p=30))*RBF(l=10)),"[np.str_('*'), np.str_('*')]"
S2,Seasonal,0.23845958115918853,0.5696033878238858,0.0,0.44268322534840177,0.8186930742838239,0.7476756107991214,3,((Per(p=24)*Per(p=60))*Per(p=12)),"[np.str_('*'), np.str_('*')]"
S2,Seasonal,0.2786465613339849,0.11508181417839303,0.0,0.5286115245123503,0.14078792738786983,0.19898687692686567,5,((((Per(p=12)+Per(p=672))*Per(p=336))*Per(p=60))*Per(p=4)),"[np.str_('+'), np.str_('*'), np.str_('*'), np.str_('*')]"
S2,Seasonal,0.0,0.28096668076220865,0.0,0.13101764580187947,0.4802149299855607,0.319576433073805,2,(Per(p=4)*Per(p=7)),[np.str_('*')]
S3,Stationary,0.2549909079251761,0.15593714492172694,0.0,0.47427759929574,0.20170970541704925,0.23324753075598093,2,(WN(σ=1)+WN(σ=1)),[np.str_('+')]
S4,Trending,0.9999999999052093,0.22471806821622353,0.0,0.9999999999353464,0.32331999581659765,0.3179341220926615,1,Lin(σ=0),['None']
S1,Composite,0.9999999788651205,0.9999999998297243,0.0,0.9999999860533342,0.999999999887636,0.3401050047935793,2,(Lin(σ=10)*Per(p=4)),[np.str_('*')]
S2,Seasonal,0.014091036157287129,0.5885692513985119,0.0,0.15365061523778267,0.5747614092324496,0.0,2,(Per(p=12)*Per(p=24)),[np.str_('*')]
S2,Seasonal,0.9980305147443101,0.06828836348388234,0.0,0.9999538328287921,0.9118727580387935,0.9773873599733175,1,Per(p=336),['None']
S2,Seasonal,0.22525167022450665,0.11109083519197482,0.0,0.4563860513456651,0.1905965445787654,0.3138244261550558,5,((((WN(σ=1)+Const(1))*RQ(α=0.1))*Per(p=14))*Per(p=60)),"[np.str_('+'), np.str_('*'), np.str_('*'), np.str_('*')]"
S1,Composite,0.996971702363666,0.1538410432933992,0.0,0.9980343228052042,0.2819583699752821,0.35047011331458167,4,(((Per(p=96)*Per(p=40))*RBF(l=0.1))+Lin(σ=10)),"[np.str_('*'), np.str_('*'), np.str_('+')]"
S1,Composite,0.12634212862943495,0.0,0.0,0.3126865587574543,0.006546100732559901,0.27428592943560415,4,(((Per(p=26)*Lin(σ=1))*RQ(α=0.1))*WN(σ=0.1)),"[np.str_('*'), np.str_('*'), np.str_('*')]"
S3,Stationary,0.19558273527930325,0.32434921544001005,0.0,0.2339762860724084,0.475507980711661,0.5061647274617656,1,RBF(l=1),['None']
S2,Seasonal,0.5938673637332366,0.7202853186290824,0.0,0.6189281152258634,0.7462435093891532,0.1848655598757345,2,(Per(p=365)*Per(p=48)),[np.str_('*')]
S2,Seasonal,0.1186950707313359,0.3727564785047025,0.0,0.09547983896626577,0.6505802441274973,0.6667387332144019,4,(((Const(1)+Per(p=26))*Per(p=10))*RBF(l=10)),"[np.str_('+'), np.str_('*'), np.str_('*')]"
S2,Seasonal,0.8643025448578401,0.9431884780517155,0.0,0.9692719351968273,0.9932787320052036,0.8903641678993637,2,(Per(p=40)+Per(p=12)),[np.str_('+')]
S2,Seasonal,0.9527332400114017,0.9282292575571496,0.0,0.952643511319836,0.9403991701292724,0.18015924409826678,2,(Per(p=4)+Per(p=24)),[np.str_('+')]
S2,Seasonal,0.0791556988924722,0.1920845288223143,0.0,0.15250525912889978,0.27924143355843434,0.28665928641527116,4,(((RBF(l=0.1)*WN(σ=0.1))*Per(p=168))*Per(p=24)),"[np.str_('*'), np.str_('*'), np.str_('*')]"
S2,Seasonal,0.12033354732229817,0.3333769435484527,0.0,0.202424923292292,0.49722867286384764,0.5418241643901665,5,((((WN(σ=0.1)+Per(p=96))+RBF(l=10))+RQ(α=1))*RBF(l=1)),"[np.str_('+'), np.str_('+'), np.str_('+'), np.str_('*')]"
S2,Seasonal,0.00697444242396883,0.999980859324161,0.0,0.031862136418392306,0.999988106540047,0.3786293093117514,2,(Per(p=26)+Per(p=26)),[np.str_('+')]
S1,Composite,0.38955957278351416,0.0,0.0,0.8087600290533222,0.445902372812793,0.8092174275220521,5,((((Lin(σ=10)*Per(p=730))+Per(p=14))*Per(p=52))+RBF(l=0.1)),"[np.str_('*'), np.str_('+'), np.str_('*'), np.str_('+')]"
S2,Seasonal,0.3017064071500093,0.29087791248359507,0.0,0.3270360116221924,0.5267288246791311,0.5806551696748672,5,((((Per(p=168)+Per(p=96))*Per(p=52))+Per(p=96))+Per(p=40)),"[np.str_('+'), np.str_('*'), np.str_('+'), np.str_('+')]"
S1,Composite,0.2923955748095386,0.6363946718163133,0.0,0.4542957036820755,0.8124908404656596,0.33129702645442005,3,((Per(p=24)+Lin(σ=1))*Per(p=336)),"[np.str_('+'), np.str_('*')]"
S2,Seasonal,0.03450960647773538,0.60208028362708,0.0,0.0661927933118932,0.4770765452673206,0.0,5,((((Per(p=10)+Per(p=336))+WN(σ=0.1))*RBF(l=1))+Per(p=168)),"[np.str_('+'), np.str_('+'), np.str_('*'), np.str_('+')]"
S2,Seasonal,0.0,0.9996468782714678,0.0,0.0014093304569338105,0.9978932538901433,0.0,1,Per(p=168),['None']
S2,Seasonal,0.07745958939915898,0.7741199668336538,0.0,0.3159857011933196,0.9227516941924413,0.7664597752396587,2,(Per(p=26)*Per(p=12)),[np.str_('*')]
S2,Seasonal,0.316744537593711,0.30444878343811954,0.0,0.47695036324667406,0.493119160657592,0.5222226955576733,2,(Per(p=7)*RQ(α=1)),[np.str_('*')]
S3,Stationary,0.009675904683062453,0.21391853940012462,0.0,0.05151912445600182,0.42144304040374514,0.3527918420401893,1,RQ(α=0.1),['None']
S2,Seasonal,0.06692340228204174,0.9999931525732858,0.0,0.2275745296832581,0.9999953242782333,0.3174246737996135,1,Per(p=7),['None']
S2,Seasonal,0.04998854255655394,0.5131516787609006,0.0,0.13776458941558878,0.7501812054263435,0.6082254351553197,5,((((Per(p=60)+RBF(l=1))+Per(p=336))*Per(p=48))*Per(p=10)),"[np.str_('+'), np.str_('+'), np.str_('*'), np.str_('*')]"
S2,Seasonal,0.14309874778022968,0.392764220119284,0.0,0.22443726596507374,0.48559016611698513,0.30924046632651014,3,((RBF(l=0.1)+Per(p=12))*Per(p=7)),"[np.str_('+'), np.str_('*')]"
S2,Seasonal,0.2637563243874652,0.36604063081084126,0.0,0.3531230213576301,0.5620050180304254,0.43220422012258874,5,((((RBF(l=0.1)*RQ(α=1))+Per(p=12))+RQ(α=0.1))+Per(p=60)),"[np.str_('*'), np.str_('+'), np.str_('+'), np.str_('+')]"
S2,Seasonal,0.11500178741379607,0.23619295984641497,0.0,0.38760182281106703,0.5804331747328132,0.6413799040642062,4,(((Per(p=336)+Per(p=365))*Per(p=52))*Per(p=96)),"[np.str_('+'), np.str_('*'), np.str_('*')]"
S2,Seasonal,0.0,0.3031219265757906,0.0,0.03956965189701689,0.5675863107927743,0.5827138159034124,4,(((Per(p=40)+RQ(α=0.1))+Per(p=24))*Per(p=12)),"[np.str_('+'), np.str_('+'), np.str_('*')]"
S1,Composite,0.9557308046245079,0.8792435260794647,0.0,0.9679536644860085,0.9129529649184503,0.3456512202730938,4,(((Per(p=672)+Per(p=4))*Lin(σ=10))*Per(p=336)),"[np.str_('+'), np.str_('*'), np.str_('*')]"
S2,Seasonal,0.4884708032428816,0.5123972570816876,0.0,0.9234146095259129,0.9521722103006279,0.9334214147444665,4,(((Per(p=30)*Per(p=30))*Per(p=365))+RBF(l=10)),"[np.str_('*'), np.str_('*'), np.str_('+')]"
S2,Seasonal,0.17887406191916833,0.33435280576995596,0.0,0.1767172258337708,0.5075358455061676,0.4793478028658035,4,(((Per(p=60)+WN(σ=1))*Per(p=52))+Per(p=336)),"[np.str_('+'), np.str_('*'), np.str_('+')]"
S2,Seasonal,0.2966566575024777,0.7318060481233607,0.0,0.6102964211672367,0.9413391595336147,0.836055519518408,3,((RBF(l=10)+Per(p=24))*Per(p=48)),"[np.str_('+'), np.str_('*')]"
S1,Composite,0.9997019864265341,0.9999178219555044,0.0,0.999715756998107,0.9999224681672207,0.05685217609595816,3,((Lin(σ=1)*Per(p=730))*Per(p=7)),"[np.str_('*'), np.str_('*')]"
S2,Seasonal,0.7186096087356015,0.5325924840125011,0.0,0.8294072645901698,0.7052668345856672,0.5115782775128281,4,(((Per(p=4)*Per(p=168))+RQ(α=1))+Per(p=730)),"[np.str_('*'), np.str_('+'), np.str_('+')]"
S2,Seasonal,0.04665251807954496,0.9999798800399589,0.0,0.0728941657650658,0.9999861475549514,0.31107040825942134,1,Per(p=26),['None']
S2,Seasonal,0.03859984704039776,0.32883650550578003,0.0,0.09273558735046616,0.49064428681134187,0.49121742991760187,2,(Per(p=26)+RQ(α=0.1)),[np.str_('+')]
S2,Seasonal,0.0465961892493747,0.3025523132199889,0.0,0.0830265703269567,0.6891682623013039,0.3162634817109984,1,Per(p=96),['None']
S2,Seasonal,0.0840329712957687,0.4648015446062287,0.0,0.5758441093332471,0.6989663068612542,0.7878763003170227,2,(Per(p=40)*Per(p=48)),[np.str_('*')]
S2,Seasonal,0.0580786220750944,0.3668944508998653,0.0,0.12672232501446767,0.6568399259920275,0.6581229565504754,3,((Per(p=48)*Per(p=168))+RQ(α=0.1)),"[np.str_('*'), np.str_('+')]"
S2,Seasonal,0.22530138317756188,0.3556831109507842,0.0,0.3200341083778875,0.5086219755288408,0.4946866261008138,4,(((RBF(l=1)*RQ(α=10))*Per(p=365))*Per(p=12)),"[np.str_('*'), np.str_('*'), np.str_('*')]"
S1,Composite,0.9998551397141499,0.5344662053011584,0.0,0.9999461881430833,0.7561145765547792,0.6292231149005572,5,((((Lin(σ=10)+Per(p=6))+Per(p=730))+Per(p=672))+RQ(α=1)),"[np.str_('+'), np.str_('+'), np.str_('+'), np.str_('+')]"
S4,Trending,0.9999999633353823,0.1760246174941711,0.0,0.9999999721888698,0.262573517760348,0.24146602333593747,1,Lin(σ=1),['None']
S2,Seasonal,0.007287343306583538,0.3967830453469986,0.0,0.07752253676712328,0.7576029281706147,0.6461563315680163,3,((RBF(l=10)*Per(p=52))*Per(p=14)),"[np.str_('*'), np.str_('*')]"
S2,Seasonal,0.08562444651014278,0.1255393394828629,0.0,0.3760442626791879,0.18433489556266314,0.3159569411796126,5,((((Per(p=40)+RQ(α=0.1))*WN(σ=1))*Per(p=14))+WN(σ=0.1)),"[np.str_('+'), np.str_('*'), np.str_('*'), np.str_('+')]"
S2,Seasonal,0.39028092732853825,0.4495687071650398,0.0,0.5419783766501807,0.5518470881566163,0.23464530451557974,5,((((Per(p=48)*WN(σ=1))+Per(p=730))*Per(p=730))*Per(p=6)),"[np.str_('*'), np.str_('+'), np.str_('*'), np.str_('*')]"
S2,Seasonal,0.0,0.8523247278164146,0.0,0.029402617290732347,0.9353243152067745,0.5705212324127137,2,(Per(p=96)+Per(p=52)),[np.str_('+')]
S2,Seasonal,0.014197884303511987,0.2608207409030039,0.0,0.02142245910966556,0.5214704127089577,0.35249540580454786,4,(((Per(p=168)+Per(p=168))*Per(p=52))*WN(σ=0.1)),"[np.str_('+'), np.str_('*'), np.str_('*')]"
S1,Composite,0.7765406628459202,0.8832359817946214,0.0,0.8917740687190272,0.9527075679009885,0.6356464061129823,4,(((Lin(σ=0)+WN(σ=1))+RBF(l=10))*Per(p=96)),"[np.str_('+'), np.str_('+'), np.str_('*')]"
S3,Stationary,0.1638427607468298,0.17241051581200095,0.0,0.48597971058215017,0.2684014480049508,0.3539276558755212,2,(RBF(l=10)*RBF(l=0.1)),[np.str_('*')]
S2,Seasonal,0.15518103582727238,0.21267158942052578,0.0,0.2578066168870904,0.24299455287338012,0.038035364665644944,4,(((Per(p=52)+Per(p=26))+RQ(α=1))*WN(σ=0.1)),"[np.str_('+'), np.str_('+'), np.str_('*')]"
S2,Seasonal,0.0,0.9343548631764793,0.0,0.06723895604371743,0.9161104653978966,0.0,2,(Per(p=48)+Per(p=96)),[np.str_('+')]
S2,Seasonal,0.19764188163708973,0.16494385518653598,0.0,0.29578848047509054,0.2601277199041053,0.29528766110058946,4,(((Per(p=6)+WN(σ=1))+RQ(α=1))*Per(p=7)),"[np.str_('+'), np.str_('+'), np.str_('*')]"
S4,Trending,0.9999999941058414,0.11863798334087661,0.0,0.9999999960082908,0.1896144990871943,0.3227660116720643,1,Lin(σ=0),['None']
S2,Seasonal,0.7743241648261783,0.9275920857629273,0.0,0.8866653984102717,0.9834569667946508,0.7816686549696915,3,((Per(p=40)+Per(p=7))+Per(p=14)),"[np.str_('+'), np.str_('+')]"
S2,Seasonal,0.2030573989620642,0.5610562057600501,0.0,0.15964227916351215,0.5751505308349583,0.16697752063592552,3,((Per(p=4)+Const(1))*Per(p=168)),"[np.str_('+'), np.str_('*')]"
S4,Trending,0.9999999993895592,0.13762929118916656,0.0,0.9999999995995925,0.20761956339993481,0.34406913260439476,1,Lin(σ=1),['None']
S2,Seasonal,0.03738273585007157,0.4727565858877273,0.0,0.24305390378830283,0.872537869047449,0.7992186555698673,4,(((Per(p=26)+Per(p=7))+RQ(α=1))*RBF(l=10)),"[np.str_('+'), np.str_('+'), np.str_('*')]"
S2,Seasonal,0.14165200928119048,0.6527119862873545,0.0,0.11651210720178584,0.29789607229823356,0.0,2,(RBF(l=10)+Per(p=365)),[np.str_('+')]
S2,Seasonal,0.09525321888314309,0.19028921070521732,0.0,0.1803390100612442,0.35575738792637346,0.41028001626529353,4,(((Per(p=24)*RBF(l=10))+RQ(α=1))*RQ(α=0.1)),"[np.str_('*'), np.str_('+'), np.str_('*')]"
S4,Trending,0.9999998502080519,0.480865644134316,0.0,0.9999999156684019,0.11311375079446695,0.43706588395971857,4,(((Lin(σ=10)+Lin(σ=10))*Lin(σ=10))+Lin(σ=1)),"[np.str_('+'), np.str_('*'), np.str_('+')]"
S3,Stationary,0.04242995862450094,0.31971973969770584,0.0,0.10364434772787545,0.6294466335018403,0.6151664509562721,1,RQ(α=1),['None']
S2,Seasonal,0.9994282398709088,0.05827386538943802,0.0,0.9999933565569258,0.697057846343075,0.9886995131210948,1,Per(p=336),['None']
S2,Seasonal,0.14576461864817258,0.26221147324031857,0.0,0.34431379910523496,0.3504995434074316,0.28057675020576256,2,(RBF(l=0.1)+Per(p=4)),[np.str_('+')]
S2,Seasonal,0.09994065928539009,0.5117728018244817,0.0,0.0,0.21930177181373778,0.0,3,((Per(p=26)*Per(p=24))+Per(p=365)),"[np.str_('*'), np.str_('+')]"
S2,Seasonal,0.17871539619662158,0.3865635052251353,0.0,0.6020771556694706,0.9333191880030713,0.9265651693925255,3,((Per(p=168)*RBF(l=10))+Per(p=168)),"[np.str_('*'), np.str_('+')]"
S2,Seasonal,0.6734293514110943,0.8547081347705596,0.0,0.7666097617429015,0.9570939818971927,0.724229604352541,3,((Per(p=60)+Per(p=24))+WN(σ=0.1)),"[np.str_('+'), np.str_('+')]"
S1,Composite,0.9998825318067835,0.45029293123792713,0.0,0.9999044859034877,0.4933999072094821,0.1880408159294149,4,(((Per(p=60)+WN(σ=1))*Per(p=6))+Lin(σ=10)),"[np.str_('+'), np.str_('*'), np.str_('+')]"
S1,Composite,0.9999999998149133,0.9999999998138058,0.0,0.9999999998663793,0.9999999998655795,0.2780645581248328,2,(Lin(σ=1)*Per(p=6)),[np.str_('*')]
S2,Seasonal,0.14186538650718095,0.23983487403290282,0.0,0.14924118811006526,0.3737265318830093,0.4115307273658392,3,((RQ(α=0.1)*Per(p=48))*Per(p=60)),"[np.str_('*'), np.str_('*')]"
S1,Composite,0.0513723148325399,0.10548092041634427,0.0,0.17310479343620477,0.35403334890198157,0.4498020268354027,5,((((Lin(σ=0)*RQ(α=1))*RQ(α=10))*Per(p=52))*RQ(α=0.1)),"[np.str_('*'), np.str_('*'), np.str_('*'), np.str_('*')]"
S2,Seasonal,0.8366390048994373,0.6231373285803445,0.0,0.8439603415606157,0.6652379876478527,0.17232308140153285,3,((Per(p=40)+Per(p=14))+RBF(l=10)),"[np.str_('+'), np.str_('+')]"
S1,Composite,0.2586849851591442,0.12058010978865397,0.0,0.3876060465624679,0.18461686166885172,0.49254223457221424,4,(((Per(p=48)+Lin(σ=1))+Per(p=52))*RBF(l=1)),"[np.str_('+'), np.str_('+'), np.str_('*')]"
S2,Seasonal,0.07126785180104311,0.9999905568460026,0.0,0.13348854814022426,0.9999932585246525,0.28580072808651025,1,Per(p=14),['None']
S1,Composite,0.001508599563700086,0.6256551896278213,0.0,0.0,0.004681131406472194,0.0,4,(((Per(p=48)*Per(p=168))*Lin(σ=0))*Per(p=6)),"[np.str_('*'), np.str_('*'), np.str_('*')]"
S2,Seasonal,0.9630432561696746,0.8810423200517832,0.0,0.9610604629796863,0.8902970591765161,0.07939112027028838,2,(Per(p=4)*Per(p=365)),[np.str_('*')]
S1,Composite,0.9999999984471368,0.9999999999657969,0.0,0.9999999987802021,0.999999999973133,0.21448792820427331,2,(Per(p=7)*Lin(σ=0)),[np.str_('*')]
S2,Seasonal,0.9999027812957352,0.1755269562135272,0.0,0.9999751381325902,0.40843355165936945,0.7468439803239233,1,Per(p=672),['None']
S2,Seasonal,0.18218813239584208,0.5868551220218141,0.0,0.1536894619230985,0.7318717171551299,0.0,5,((((Per(p=12)+Per(p=336))*Per(p=7))+RBF(l=10))+Per(p=96)),"[np.str_('+'), np.str_('*'), np.str_('+'), np.str_('+')]"
S1,Composite,0.999998772210351,0.9873072248494998,0.0,0.9999997618564119,0.9974767798796355,0.8060291570586924,3,((Lin(σ=1)+Per(p=12))+Per(p=26)),"[np.str_('+'), np.str_('+')]"
S2,Seasonal,0.10739730881807708,0.5657287626208118,0.0,0.28286437599282677,0.6275234826050349,0.2821321686722229,4,(((Const(1)+WN(σ=1))*Per(p=7))+Per(p=7)),"[np.str_('+'), np.str_('*'), np.str_('+')]"
S2,Seasonal,0.0,0.5543500267738006,0.0,0.003058158068450556,0.47944285662802,0.0,2,(Per(p=7)+Per(p=168)),[np.str_('+')]
S2,Seasonal,0.08037666020923451,0.6875797839429317,0.0,0.13394769089136505,0.8489243524479972,0.602212826806582,5,((((Per(p=6)*Per(p=40))*Per(p=48))+Per(p=60))+Per(p=52)),"[np.str_('*'), np.str_('*'), np.str_('+'), np.str_('+')]"
S2,Seasonal,0.9055073904910786,0.8885471530592544,0.0,0.9841852529208979,0.9839598814976042,0.8722635019393006,4,(((Per(p=10)*Per(p=730))+Per(p=52))*Per(p=730)),"[np.str_('*'), np.str_('+'), np.str_('*')]"
S1,Composite,0.3854862432078715,0.1882570033723019,0.0,0.578968349167881,0.3104078355016494,0.4922475909965318,5,((((Lin(σ=1)*Per(p=14))*Per(p=4))+Lin(σ=0))+WN(σ=1)),"[np.str_('*'), np.str_('*'), np.str_('+'), np.str_('+')]"
S2,Seasonal,0.08183948080105496,0.9999886573254311,0.0,0.17352368426528353,0.9999922476138203,0.3168318915246514,1,Per(p=14),['None']
S2,Seasonal,0.9341200966350045,0.8634031540948583,0.0,0.9174918991619836,0.8785635278549909,0.0,2,(Per(p=672)+Per(p=96)),[np.str_('+')]
S2,Seasonal,0.12133143533440816,0.37413801386999757,0.0,0.1265790776387602,0.7055564633473055,0.6257816678204513,4,(((RQ(α=0.1)*Const(1))+RBF(l=10))+Per(p=10)),"[np.str_('*'), np.str_('+'), np.str_('+')]"
S1,Composite,0.7439306613069108,0.857245349784184,0.0,0.4222519136872779,0.766820729905337,0.0,4,(((Per(p=365)*RQ(α=0.1))+Per(p=730))*Lin(σ=0)),"[np.str_('*'), np.str_('+'), np.str_('*')]"
S3,Stationary,0.2209465073311141,0.201445476963804,0.0,0.4246514572701888,0.27410730389360394,0.2772582602360486,1,WN(σ=0.1),['None']
S1,Composite,0.9999780407627866,0.666257407256221,0.0,0.9999903509241143,0.8002741719398136,0.5608304411185865,5,((((RQ(α=0.1)+Per(p=365))+Per(p=60))+Lin(σ=0))+Per(p=52)),"[np.str_('+'), np.str_('+'), np.str_('+'), np.str_('+')]"
S2,Seasonal,0.0,0.829369616733598,0.0,0.0,0.8269621553424358,0.0,1,Per(p=60),['None']
S2,Seasonal,0.9313952983339735,0.9335826431208704,0.0,0.9840411925156025,0.9845660456031966,0.7818322688545277,2,(Per(p=672)*Per(p=52)),[np.str_('*')]
S4,Trending,0.08696873777085223,0.037108286697811854,0.0,0.27662916637923574,0.09696036115034279,0.44393362561753535,2,(RQ(α=1)*Lin(σ=1)),[np.str_('*')]
S2,Seasonal,0.947929640039743,0.9492240083935944,0.0,0.9789672638855497,0.9824999904420533,0.6666065788392024,4,(((RBF(l=10)+Per(p=4))+Per(p=30))+Per(p=14)),"[np.str_('+'), np.str_('+'), np.str_('+')]"
S2,Seasonal,0.11338428696285574,0.6930217967766505,0.0,0.14195108635199294,0.7503226368114819,0.08641457708987799,4,(((Const(1)*Per(p=6))+RBF(l=10))+Per(p=168)),"[np.str_('*'), np.str_('+'), np.str_('+')]"
S4,Trending,0.999999999423058,0.13347950640772732,0.0,0.999999999612563,0.26953945875231733,0.3284658418697526,1,Lin(σ=0),['None']
S1,Composite,0.6687348073066545,0.3262487924651505,0.0,0.9451721657138399,0.9403565479724929,0.9200260276015463,5,((((Per(p=24)+Lin(σ=0))+Per(p=14))*Lin(σ=1))*Per(p=60)),"[np.str_('+'), np.str_('+'), np.str_('*'), np.str_('*')]"
S2,Seasonal,0.17149832900331197,0.4782499240918213,0.0,0.3697279703048205,0.7119371151886993,0.6337888196646511,5,((((RBF(l=1)*RQ(α=1))+RQ(α=10))*Per(p=24))+Per(p=24)),"[np.str_('*'), np.str_('+'), np.str_('*'), np.str_('+')]"
S1,Composite,0.00635663331737657,0.14427253784364702,0.0,0.08322920658221844,0.2783014839019242,0.3189052266897999,5,((((Per(p=365)+Per(p=10))+Lin(σ=10))*RBF(l=0.1))*Const(1)),"[np.str_('+'), np.str_('+'), np.str_('*'), np.str_('*')]"
S2,Seasonal,0.05040002640323671,0.255386593583087,0.0,0.1299996160002207,0.38535734053382664,0.3429053110309528,4,(((Per(p=40)*WN(σ=1))*Per(p=52))+RQ(α=0.1)),"[np.str_('*'), np.str_('*'), np.str_('+')]"
S2,Seasonal,0.28596134327871137,0.39755682001682047,0.0,0.2838018984097692,0.6730501319740481,0.6454180585657915,4,(((Const(1)+Per(p=24))*Per(p=96))+Per(p=26)),"[np.str_('+'), np.str_('*'), np.str_('+')]"
S4,Trending,0.9999999996220567,0.24244650448124216,0.0,0.9999999997668577,0.3984022449710367,0.38312909795017747,1,Lin(σ=1),['None']
S1,Composite,0.9999999949536612,0.999972192468079,0.0,0.9999999964579052,0.9999804853874144,0.29808781094031755,2,(Per(p=12)+Lin(σ=10)),[np.str_('+')]
S1,Composite,0.9999999715401161,0.9999999998730824,0.0,0.9999999801854262,0.9999999999116368,0.30377652385857157,2,(Lin(σ=0)*Per(p=24)),[np.str_('*')]
S2,Seasonal,0.870539909174427,0.6250756130890922,0.0,0.9721555505439874,0.9172579420407052,0.8358447690992936,5,((((Per(p=52)+Per(p=12))*Per(p=672))+Per(p=730))+Per(p=12)),"[np.str_('+'), np.str_('*'), np.str_('+'), np.str_('+')]"
S1,Composite,0.11952896281605419,0.07102729818523901,0.0,0.3616947709656203,0.5272886440882105,0.7279967974563522,4,(((Lin(σ=10)*Per(p=10))*RQ(α=10))+Per(p=365)),"[np.str_('*'), np.str_('*'), np.str_('+')]"
S2,Seasonal,0.20678390448995698,0.1911882256313343,0.0,0.40410109372725245,0.29864070382329555,0.3672227568091285,5,((((Per(p=365)+RQ(α=1))*RBF(l=0.1))*Per(p=52))*Per(p=60)),"[np.str_('+'), np.str_('*'), np.str_('*'), np.str_('*')]"
S1,Composite,0.9999999996468735,0.9999940218362242,0.0,0.9999999997510068,0.9999957846038873,0.29489118317574536,2,(Lin(σ=1)+Per(p=7)),[np.str_('+')]
S2,Seasonal,0.0,0.968064411379288,0.0,0.38314208873770483,0.997707833513924,0.9305838230867622,1,Per(p=60),['None']
S1,Composite,0.9999026203784563,0.9999633465315143,0.0,0.9999925932528104,0.9999972239025919,0.9242709724440472,5,((((Per(p=730)+Per(p=26))*Lin(σ=0))+Per(p=336))+Per(p=730)),"[np.str_('+'), np.str_('*'), np.str_('+'), np.str_('+')]"
S2,Seasonal,0.05965891346871466,0.9999806892227591,0.0,0.19745138465667134,0.9999874185229661,0.3483855337395909,1,Per(p=14),['None']
S2,Seasonal,0.0,0.8486424230021165,0.0,0.01548229158687131,0.008128735653841535,0.0,5,((((RQ(α=0.1)+Per(p=168))*Per(p=6))+RBF(l=10))*Per(p=730)),"[np.str_('+'), np.str_('*'), np.str_('+'), np.str_('*')]"
S4,Trending,0.9999999978675902,0.18766713774758892,0.0,0.9999999985823327,0.2900256933361508,0.33518378484699085,1,Lin(σ=0),['None']
S1,Composite,0.999999287994946,0.9999612020425709,0.0,0.9999995733952248,0.999976754722966,0.40085687808046566,2,(Per(p=24)+Lin(σ=0)),[np.str_('+')]
S2,Seasonal,0.4001943493514353,0.3664269181342059,0.0,0.6142649630066226,0.5955310873946634,0.6125155316377425,3,((Per(p=6)*Per(p=336))+Per(p=52)),"[np.str_('*'), np.str_('+')]"
S2,Seasonal,0.05191141852750225,0.23999583859854967,0.0,0.09567616778036381,0.34104435489097684,0.34302501629930604,5,((((Per(p=6)+Per(p=24))+WN(σ=0.1))*RBF(l=0.1))*Per(p=730)),"[np.str_('+'), np.str_('+'), np.str_('*'), np.str_('*')]"
S2,Seasonal,0.9997606114210121,0.1742229426389762,0.0,0.99995869759594,0.533315654303785,0.8307687605836533,2,(Const(1)*Per(p=730)),[np.str_('*')]
S4,Trending,0.9999999998284319,0.20517896525968693,0.0,0.9999999998892016,0.33915176699466365,0.3542011432625183,1,Lin(σ=1),['None']
S1,Composite,0.9999022385663955,0.8726606835721927,0.0,0.9999287243991974,0.9035981696063101,0.2695034952552283,5,((((WN(σ=0.1)*Per(p=4))+Per(p=24))+Lin(σ=10))*Lin(σ=1)),"[np.str_('*'), np.str_('+'), np.str_('+'), np.str_('*')]"
S2,Seasonal,0.4033892469429772,0.4336669979116844,0.0,0.6696718497219052,0.73669940005919,0.6986089105309664,3,((Per(p=40)+RQ(α=1))+Per(p=730)),"[np.str_('+'), np.str_('+')]"
S2,Seasonal,0.9985731081212742,0.07042090068663209,0.0,0.9999835354195106,0.7061316523178155,0.988992960353209,1,Per(p=365),['None']
S2,Seasonal,0.17351101856568207,0.9999881682762044,0.0,0.4099308993844043,0.999992950192833,0.40410496708518984,2,(Const(1)*Per(p=4)),[np.str_('*')]
S2,Seasonal,0.6539090056818957,0.578676409660924,0.0,0.9118046999596441,0.8971396985577871,0.8421091461563026,2,(RBF(l=10)*Per(p=730)),[np.str_('*')]
S4,Trending,0.999999999192499,0.19426497363287032,0.0,0.9999999995565606,0.3335185734478041,0.4508512284138001,1,Lin(σ=0),['None']
S2,Seasonal,0.16856585119605705,0.11486294900847804,0.0,0.49827404746271453,0.14378196027450008,0.2294106808688977,2,(WN(σ=0.1)*Per(p=26)),[np.str_('*')]
S1,Composite,0.999984737063886,0.5964349687712852,0.0,0.9999984520100665,0.932687418737562,0.89858963485443,5,((((Per(p=30)+Per(p=30))+Lin(σ=0))+RBF(l=10))+Per(p=10)),"[np.str_('+'), np.str_('+'), np.str_('+'), np.str_('+')]"
S2,Seasonal,0.6303050458893182,0.7997211294486566,0.0,0.8132826407380737,0.8960941424181796,0.6064861496175151,4,(((Per(p=30)+Per(p=48))*Per(p=730))*Per(p=365)),"[np.str_('+'), np.str_('*'), np.str_('*')]"
S2,Seasonal,0.14569512641486626,0.8302974503131197,0.0,0.2288283092305462,0.6857225556008948,0.0,3,((Per(p=336)*Per(p=24))*Per(p=24)),"[np.str_('*'), np.str_('*')]"
S2,Seasonal,0.9612173614158992,0.9909743992769758,0.0,0.9897973943477316,0.9979718748425168,0.7894100469754366,3,((Per(p=10)+Per(p=168))*Per(p=336)),"[np.str_('+'), np.str_('*')]"
S2,Seasonal,0.13456841138462206,0.0,0.0,0.5236879093386075,0.0,0.11328295722754345,3,((Per(p=52)+Per(p=60))*Per(p=4)),"[np.str_('+'), np.str_('*')]"
S2,Seasonal,0.21703976988326945,0.22468234911955343,0.0,0.3036935636785605,0.3262469881981215,0.31576182636339134,4,(((Per(p=96)*RQ(α=10))+RBF(l=10))*WN(σ=1)),"[np.str_('*'), np.str_('+'), np.str_('*')]"
S4,Trending,0.9988862579437919,0.12609962539849484,0.0,0.9992272680204252,0.18110762196904484,0.30666420367479585,2,(RBF(l=0.1)+Lin(σ=0)),[np.str_('+')]
S2,Seasonal,0.6655164070469608,0.6407529085681334,0.0,0.8212098015277367,0.8310441621500334,0.6443111102676127,5,((((Per(p=168)*Per(p=26))+Per(p=336))*Const(1))*Per(p=6)),"[np.str_('*'), np.str_('+'), np.str_('*'), np.str_('*')]"
S1,Composite,0.16767809152886348,0.23247884137702024,0.0,0.13959799902175274,0.3858721114272876,0.26320582681993887,5,((((Lin(σ=10)*Per(p=4))*RQ(α=10))+Per(p=7))+Per(p=168)),"[np.str_('*'), np.str_('*'), np.str_('+'), np.str_('+')]"
S2,Seasonal,0.15976390808536456,0.9999882205702773,0.0,0.26049098723099995,0.9999908245897551,0.22085750084811273,1,Per(p=7),['None']
S2,Seasonal,0.9037756118967002,0.983965403991956,0.0,0.8991724718341261,0.9845262451142412,0.03649677957079245,3,((Const(1)+Per(p=10))+Per(p=60)),"[np.str_('+'), np.str_('+')]"
S2,Seasonal,0.0278297336228287,0.37378179708827364,0.0,0.08406052642894368,0.41108617840853934,0.3555660764109465,3,((Per(p=96)*Per(p=48))*Per(p=30)),"[np.str_('*'), np.str_('*')]"
S2,Seasonal,0.16556582749147386,0.9999872707863264,0.0,0.3617181780071087,0.9999914044134305,0.3247773401076113,1,Per(p=4),['None']
S1,Composite,0.9999999878228873,0.9999759067065274,0.0,0.9999999913153851,0.9999828250660668,0.28680126462905997,2,(Lin(σ=10)+Per(p=6)),[np.str_('+')]
S1,Composite,0.07380136773983781,0.1359441085487202,0.0,0.34725536113260214,0.646039194866744,0.8433764753047828,5,((((Lin(σ=1)+RBF(l=10))+WN(σ=0.1))*RQ(α=10))*Per(p=26)),"[np.str_('+'), np.str_('+'), np.str_('*'), np.str_('*')]"
S2,Seasonal,0.02832816137800842,0.7644543470348666,0.0,0.0,0.867318871946691,0.026785686675269815,2,(Per(p=336)*Per(p=168)),[np.str_('*')]
S3,Stationary,0.13002857408149626,0.3025647304276696,0.0,0.21304123427450772,0.4673847535578526,0.527541758366499,1,RBF(l=1),['None']
S2,Seasonal,0.3673408882452961,0.3600866472350883,0.0,0.48106166255774907,0.46460229314919577,0.4264248123828718,4,(((RQ(α=10)*RQ(α=1))*Per(p=48))*Const(1)),"[np.str_('*'), np.str_('*'), np.str_('*')]"
S2,Seasonal,0.40359201156734315,0.24827477052047808,0.0,0.5776952387887196,0.3071111641246208,0.245573301707403,4,(((WN(σ=1)+Per(p=4))+Per(p=365))+Const(1)),"[np.str_('+'), np.str_('+'), np.str_('+')]"
S2,Seasonal,0.05298812392622165,0.999996821539894,0.0,0.07427372035314883,0.9999976502001963,0.2606959176887794,2,(Per(p=6)+Per(p=24)),[np.str_('+')]
S1,Composite,0.9681019327187215,0.9873419231027837,0.0,0.9813102412725377,0.9926685856310913,0.43922809771658133,4,(((Lin(σ=0)*Per(p=365))*Per(p=6))*Per(p=12)),"[np.str_('*'), np.str_('*'), np.str_('*')]"
S2,Seasonal,0.0,0.9440435955436696,0.0,0.19151989383477308,0.9671565737433139,0.43415646993351786,1,Per(p=60),['None']
S2,Seasonal,0.1848109666427934,0.25226538871414717,0.0,0.28156735129769117,0.6067085700801197,0.6836748150208753,4,(((Per(p=168)*Const(1))+Per(p=365))*RBF(l=10)),"[np.str_('*'), np.str_('+'), np.str_('*')]"
S3,Stationary,0.09311109077555602,0.42966947823452073,0.0,0.20266106590875577,0.8946294078796868,0.8934488190539078,4,(((RBF(l=1)*RBF(l=0.1))*WN(σ=0.1))+RBF(l=10)),"[np.str_('*'), np.str_('*'), np.str_('+')]"
S1,Composite,0.0,0.1487592275320212,0.0,0.09053555155657989,0.33995873946124144,0.4721950310949842,3,((WN(σ=1)*Lin(σ=10))*Per(p=14)),"[np.str_('*'), np.str_('*')]"
S1,Composite,0.9999125106520401,0.42952431544428715,0.0,0.9999459513285377,0.603992583039485,0.3817799071150285,4,(((RQ(α=10)+RBF(l=10))*Per(p=4))+Lin(σ=1)),"[np.str_('+'), np.str_('*'), np.str_('+')]"
S2,Seasonal,0.9315853038344141,0.7667879061740845,0.0,0.9278171612223125,0.7461596762385359,0.09053944390049751,3,((Per(p=26)+Per(p=336))*Per(p=730)),"[np.str_('+'), np.str_('*')]"
S2,Seasonal,0.7004883524251008,0.22978677417183146,0.0,0.7639704046621787,0.3544778956739604,0.32568305560639277,3,((Per(p=730)+WN(σ=1))*Per(p=730)),"[np.str_('+'), np.str_('*')]"
S2,Seasonal,0.010063875966766944,0.9997401904855472,0.0,0.04720783260082251,0.9873691379273928,0.0,1,Per(p=168),['None']
S2,Seasonal,0.0032402726904718904,0.9999878281600126,0.0,0.047352294350699764,0.9999914877339499,0.3007422930874055,1,Per(p=30),['None']
S2,Seasonal,0.6797043323811596,0.7183870799663998,0.0,0.8850875065994147,0.9050075748329854,0.7017110039315309,5,((((Per(p=26)+Per(p=336))+Per(p=26))+Per(p=730))*Per(p=24)),"[np.str_('+'), np.str_('+'), np.str_('+'), np.str_('*')]"
S3,Stationary,0.29615748662617136,0.2666839059980073,0.0,0.35934791144804723,0.3767551630524839,0.32640830247281527,1,RQ(α=0.1),['None']
S2,Seasonal,0.4605718549932195,0.1125100812901898,0.0,0.5366911375817849,0.14374368648439617,0.22611680291182723,3,((Per(p=365)*Per(p=7))*Const(1)),"[np.str_('*'), np.str_('*')]"
S2,Seasonal,0.12746520001033979,0.32088240533473433,0.0,0.311451174098332,0.7218526322385501,0.7357494027164363,4,(((RBF(l=1)+Per(p=52))+Per(p=30))+Per(p=168)),"[np.str_('+'), np.str_('+'), np.str_('+')]"
S2,Seasonal,0.0636056631496279,0.38406747806724983,0.0,0.09624973991419228,0.7258659865195353,0.6733750446597371,5,((((RQ(α=10)+Per(p=672))*RQ(α=1))*RQ(α=1))+RBF(l=10)),"[np.str_('+'), np.str_('*'), np.str_('*'), np.str_('+')]"
S2,Seasonal,0.050455464197365685,0.24025362676329198,0.0,0.05546208038968836,0.41505328775998607,0.4821870352198231,3,((Per(p=60)+WN(σ=1))*Per(p=40)),"[np.str_('+'), np.str_('*')]"
S4,Trending,0.9999999990830143,0.24849280471527702,0.0,0.9999999993301072,0.3242731709416937,0.26946202153073184,1,Lin(σ=10),['None']
S3,Stationary,0.043499026762434334,0.32487820153749225,0.0,0.059483335385984604,0.41745442467931426,0.3181299577066614,1,WN(σ=0.1),['None']
S2,Seasonal,0.38891052717701247,0.46039631535733894,0.0,0.574770531202216,0.714334609261684,0.6253908795031626,5,((((Per(p=24)*RBF(l=1))*Per(p=96))+Per(p=336))*Per(p=48)),"[np.str_('*'), np.str_('*'), np.str_('+'), np.str_('*')]"
S2,Seasonal,0.03612808657832334,0.9999669665801948,0.0,0.12103932941355022,0.9999745568136619,0.22921807659926596,1,Per(p=10),['None']
S2,Seasonal,0.25461191443524367,0.7837173636292295,0.0,0.8477827594016967,0.9788963642108812,0.908518991723636,2,(Per(p=365)*Per(p=60)),[np.str_('*')]
S1,Composite,0.9999939701964138,0.3778029301976281,0.0,0.9999974816913428,0.5807881767450493,0.5823864440690354,5,((((RQ(α=0.1)+Per(p=96))+Per(p=24))+Per(p=60))+Lin(σ=0)),"[np.str_('+'), np.str_('+'), np.str_('+'), np.str_('+')]"
S1,Composite,0.9999785610925904,0.9374054433129937,0.0,0.9999856365131747,0.9575321836892995,0.3295459028710602,3,((Per(p=52)+Lin(σ=1))+Per(p=12)),"[np.str_('+'), np.str_('+')]"
S2,Seasonal,0.789366168762982,0.22652905840613835,0.0,0.8719693523408361,0.42929274775933546,0.4371273520620401,2,(Per(p=730)+WN(σ=0.1)),[np.str_('+')]
S2,Seasonal,0.9480092514652767,0.18612812726189032,0.0,0.9652938851972149,0.31367090089764826,0.36844052690258877,3,((Const(1)+WN(σ=0.1))*Per(p=672)),"[np.str_('+'), np.str_('*')]"
S3,Stationary,0.170803527266011,0.0959854503630928,0.0,0.42790377280607617,0.17283128707172446,0.37272513329885293,1,WN(σ=1),['None']
S2,Seasonal,0.41092965426580663,0.7747144086983968,0.0,0.7794458491930055,0.934948897292095,0.8119370398678272,2,(Per(p=336)*Per(p=24)),[np.str_('*')]
S2,Seasonal,0.17202438478410098,0.9999921340031483,0.0,0.3848983494481808,0.9999949355050645,0.35611045707753974,2,(Const(1)+Per(p=4)),[np.str_('+')]
S2,Seasonal,0.0,0.39521151699753776,0.0,0.0039777145705487404,0.725379696844547,0.7021839491744918,4,(((Per(p=26)*Per(p=10))+Per(p=96))+Const(1)),"[np.str_('*'), np.str_('+'), np.str_('+')]"
S1,Composite,0.752532117691287,0.8199717253490816,0.0,0.8149998957891591,0.8756375966437542,0.3468104957068474,4,(((WN(σ=0.1)*Per(p=12))+Per(p=40))*Lin(σ=1)),"[np.str_('*'), np.str_('+'), np.str_('*')]"
S2,Seasonal,0.6100878531994052,0.4151851660984298,0.0,0.8825405189523399,0.6592077481217398,0.7891823178896329,4,(((Per(p=26)+Per(p=336))+Per(p=40))+RQ(α=10)),"[np.str_('+'), np.str_('+'), np.str_('+')]"
S2,Seasonal,0.2572347224658301,0.17733197438973258,0.0,0.40537687924313115,0.31564617457565314,0.5355918546135474,4,(((Per(p=48)+Per(p=48))+Per(p=52))*RBF(l=1)),"[np.str_('+'), np.str_('+'), np.str_('*')]"
S2,Seasonal,0.9886052444026997,0.985146508779101,0.0,0.9965395861310703,0.9958217398141292,0.7219253703640756,2,(Per(p=4)+Per(p=48)),[np.str_('+')]
S2,Seasonal,0.3979672347072688,0.4275909769445605,0.0,0.264913474126102,0.622342111861532,0.5119399196309924,1,Per(p=14),['None']
S2,Seasonal,0.998816130102805,0.0688415779633178,0.0,0.9999827759078195,0.7245594852881234,0.9861595132784469,1,Per(p=336),['None']
S3,Stationary,0.09067014864754774,0.2961936210261339,0.0,0.15949806903027963,0.44751830179791374,0.48063634132897837,3,((RBF(l=10)+RQ(α=10))*RQ(α=0.1)),"[np.str_('+'), np.str_('*')]"
S1,Composite,0.9996281326353518,0.0,0.0,0.9999775881676956,0.8562017890690385,0.9410008092626806,4,(((Lin(σ=1)+Const(1))*Lin(σ=10))*Per(p=672)),"[np.str_('+'), np.str_('*'), np.str_('*')]"
S2,Seasonal,0.10403146973204713,0.21425386143168335,0.0,0.16090196375039778,0.37203267204405754,0.3865032934036349,4,(((Per(p=52)+Per(p=60))+Per(p=60))*RQ(α=0.1)),"[np.str_('+'), np.str_('+'), np.str_('*')]"
S1,Composite,0.9993789326110503,0.0,0.0,0.9999852976796485,0.8211229987093692,0.9770884095580744,5,((((Per(p=336)*Lin(σ=10))+Per(p=730))+WN(σ=1))+Per(p=672)),"[np.str_('*'), np.str_('+'), np.str_('+'), np.str_('+')]"
S1,Composite,0.9999884918086865,0.22232676603386814,0.0,0.9999919814405358,0.3195712769041744,0.30341397114384094,5,((((RQ(α=0.1)*RBF(l=10))+WN(σ=0.1))*Per(p=672))+Lin(σ=10)),"[np.str_('*'), np.str_('+'), np.str_('*'), np.str_('+')]"
S3,Stationary,0.16706985715098877,0.09139115008826348,0.0,0.4631056114605129,0.11637522756121299,0.207081597936549,1,Const(1),['None']
S2,Seasonal,0.08605190997327528,0.1733625024413601,0.0,0.19600496749999663,0.3018248404533135,0.3655933804798698,2,(Per(p=6)*WN(σ=0.1)),[np.str_('*')]
S2,Seasonal,0.9895827042577617,0.9766384810121622,0.0,0.9998700564874581,0.9997255919000512,0.9884717937715334,4,(((Per(p=365)*Per(p=365))+Per(p=6))+Const(1)),"[np.str_('*'), np.str_('+'), np.str_('+')]"
S1,Composite,0.10666285036719925,0.15590327226517497,0.0,0.24803306110308632,0.29124763240966056,0.6347589148304236,5,((((Per(p=60)+Per(p=24))*RQ(α=1))*Lin(σ=1))+Per(p=336)),"[np.str_('+'), np.str_('*'), np.str_('*'), np.str_('+')]"
S1,Composite,0.0,0.8895484623936374,0.0,0.0,0.36443989823885337,0.0,4,(((Per(p=365)*Per(p=26))*Lin(σ=0))*Per(p=96)),"[np.str_('*'), np.str_('*'), np.str_('*')]"
S2,Seasonal,0.06068363637171126,0.326622981845078,0.0,0.09912684289219453,0.637273991484977,0.5797524862016623,4,(((RBF(l=0.1)+Per(p=48))+RQ(α=10))*Per(p=672)),"[np.str_('+'), np.str_('+'), np.str_('*')]"
S2,Seasonal,0.03345012327724639,0.9524994505396078,0.0,0.22874506207621836,0.987330982782142,0.7568737225072636,2,(Const(1)*Per(p=96)),[np.str_('*')]
S4,Trending,0.9999735175022981,0.0,0.0,0.9999642046912542,0.0,0.0,1,Lin(σ=1),['None']
S2,Seasonal,0.0,0.9884912974843529,0.0,0.007986186877326551,0.9909662225278347,0.24112432366012626,1,Per(p=40),['None']
S2,Seasonal,0.10349587066509469,0.9999911626889703,0.0,0.1549936917095448,0.9999937184290513,0.28929187394860545,1,Per(p=7),['None']
S1,Composite,0.021662751390766344,0.17944340673531978,0.0,0.1875162901297026,0.29635869236800516,0.33986673454099203,5,((((Per(p=10)*Per(p=24))+Lin(σ=1))*WN(σ=0.1))*RQ(α=1)),"[np.str_('*'), np.str_('+'), np.str_('*'), np.str_('*')]"
S2,Seasonal,0.08596602954751131,0.8368052327272332,0.0,0.23768423226241742,0.891675402720827,0.3372116314092456,2,(Per(p=7)+WN(σ=0.1)),[np.str_('+')]
S2,Seasonal,0.1249669066658241,0.9999700260224317,0.0,0.2550192009169864,0.999978996402985,0.29858495216050196,1,Per(p=6),['None']
S2,Seasonal,0.6280868356240966,0.7157544031291354,0.0,0.5667215133104957,0.8606346481379236,0.5385745037486553,1,Per(p=60),['None']
S2,Seasonal,0.5690159015512785,0.4675336103262817,0.0,0.6800342554479855,0.5477868851164558,0.3264475608491919,5,((((Per(p=48)+Per(p=672))*Per(p=336))+Per(p=48))*Per(p=6)),"[np.str_('+'), np.str_('*'), np.str_('+'), np.str_('*')]"
S2,Seasonal,0.2858839533243305,0.22519265820636647,0.0,0.5198056812593784,0.3958321441175603,0.48000748892883105,4,(((RBF(l=1)+RQ(α=0.1))+Per(p=7))*Per(p=672)),"[np.str_('+'), np.str_('+'), np.str_('*')]"
S3,Stationary,0.1599504133212757,0.08838669959155443,0.0,0.183075690990536,0.34279755509744625,0.7078360804891164,4,(((RBF(l=10)+RQ(α=1))+RQ(α=1))+Const(1)),"[np.str_('+'), np.str_('+'), np.str_('+')]"
S2,Seasonal,0.4420976463905112,0.56095641779906,0.0,0.6104825937280112,0.6793344664907915,0.43517068567158856,3,((RBF(l=1)+Per(p=336))+Per(p=6)),"[np.str_('+'), np.str_('+')]"
S2,Seasonal,0.09287790166738785,0.3631247584407007,0.0,0.2540422361847945,0.5056424431138999,0.2682843860726347,3,((RBF(l=0.1)*Per(p=12))+Per(p=6)),"[np.str_('*'), np.str_('+')]"
S2,Seasonal,0.002484441618142763,0.9999252508486938,0.0,0.0,0.9914807737827295,0.0,1,Per(p=168),['None']
S2,Seasonal,0.5743617182868184,0.3882877647328591,0.0,0.7235620931681581,0.6110242928405628,0.5771797271626484,4,(((RQ(α=1)+Per(p=48))+Per(p=12))+Per(p=672)),"[np.str_('+'), np.str_('+'), np.str_('+')]"
S2,Seasonal,0.07152919052417528,0.7806254464051177,0.0,0.06399182063064357,0.8227002542338353,0.32910946320326495,2,(Per(p=12)+Per(p=14)),[np.str_('+')]
S2,Seasonal,0.15415282138172248,0.5341632594470287,0.0,0.37008443482524533,0.8165434274956835,0.7058057785667935,2,(RQ(α=10)+Per(p=96)),[np.str_('+')]
S3,Stationary,0.03348376500900374,0.22517058452744587,0.0,0.06259215710844679,0.3990307834710548,0.5306236275849164,1,RBF(l=1),['None']
S2,Seasonal,0.19103381078927661,0.8692491746769979,0.0,0.6265584333385908,0.9379650588606768,0.582071947458993,2,(WN(σ=0.1)+Per(p=336)),[np.str_('+')]
S2,Seasonal,0.015552539084644379,0.2979368411654735,0.0,0.11343142003516116,0.47253145050093825,0.41399677692538595,4,(((Per(p=7)+RBF(l=0.1))*Per(p=60))+Per(p=52)),"[np.str_('+'), np.str_('*'), np.str_('+')]"
S2,Seasonal,0.440729632114087,0.7072798880519945,0.0,0.5195843784902101,0.8149604004633814,0.3996591394402169,5,((((Per(p=730)+Per(p=10))+Per(p=48))+Per(p=10))+WN(σ=1)),"[np.str_('+'), np.str_('+'), np.str_('+'), np.str_('+')]"
S1,Composite,0.3037201161320404,0.9931595852376697,0.0,0.6876954480105275,0.9985716517490897,0.789415848493523,3,((Per(p=52)*Lin(σ=0))+Lin(σ=1)),"[np.str_('*'), np.str_('+')]"
S1,Composite,0.9379217071404317,0.9785353349333321,0.0,0.7691731341382099,0.925548644281414,0.0,4,(((Per(p=6)*Per(p=10))+Lin(σ=10))*Per(p=168)),"[np.str_('*'), np.str_('+'), np.str_('*')]"
S3,Stationary,0.025361574222934058,0.1842330455662654,0.0,0.19868590165225386,0.3313212491295374,0.2734607478758856,2,(RQ(α=10)*RBF(l=0.1)),[np.str_('*')]
S2,Seasonal,0.15523611285873895,0.5312716965196944,0.0,0.6975052093790763,0.945280016980514,0.939548511650528,5,((((Per(p=96)+RQ(α=10))+Per(p=60))+Per(p=26))+Per(p=7)),"[np.str_('+'), np.str_('+'), np.str_('+'), np.str_('+')]"
S1,Composite,0.6191040935766787,0.0,0.0,0.9017353169845914,0.0,0.8877604078023189,5,((((Lin(σ=0)*Per(p=336))+Per(p=336))*Per(p=96))*Per(p=336)),"[np.str_('*'), np.str_('+'), np.str_('*'), np.str_('*')]"
S1,Composite,0.9998947844764077,0.9999834116922536,0.0,0.9999639298947377,0.9999943183113954,0.6573256342451295,4,(((Per(p=40)+Lin(σ=0))+RQ(α=10))*Per(p=14)),"[np.str_('+'), np.str_('+'), np.str_('*')]"
S4,Trending,0.027006858447165327,0.027972820860744152,0.0,0.009311878031638798,0.3269762992198709,0.28461858996764555,5,((((Lin(σ=1)+WN(σ=1))*Lin(σ=1))*WN(σ=0.1))+WN(σ=1)),"[np.str_('+'), np.str_('*'), np.str_('*'), np.str_('+')]"
S3,Stationary,0.1022498150824327,0.11111726600344674,0.0,0.33233144068784004,0.19692446948288722,0.3372893097329357,1,RBF(l=0.1),['None']
S2,Seasonal,0.21328392161763698,0.40691822001601385,0.0,0.19598629628890074,0.5652175570237751,0.5131973826253193,2,(Per(p=30)+Per(p=96)),[np.str_('+')]
S2,Seasonal,0.9963573514387729,0.0,0.0,0.9998482510989529,0.8924795175829277,0.9611665731532925,1,Per(p=365),['None']
S4,Trending,0.9364913069234251,0.11888245916801932,0.0,0.9996362975757203,0.995402370367423,0.9946025646542156,2,(Lin(σ=1)+RBF(l=10)),[np.str_('+')]
S2,Seasonal,0.49687722947380564,0.08103254975290908,0.0,0.7755818270317975,0.3441636277092881,0.722141185722242,2,(Per(p=672)+Per(p=10)),[np.str_('+')]
S2,Seasonal,0.04646346741535279,0.09095650073135264,0.0,0.010517161122357677,0.0,0.0,1,Per(p=336),['None']
S2,Seasonal,0.16591453560213087,0.33529845760780896,0.0,0.36750813252444225,0.6162573760980967,0.7193099378592627,3,((Per(p=48)*Per(p=672))*Per(p=30)),"[np.str_('*'), np.str_('*')]"
S2,Seasonal,0.0,0.9985116356010215,0.0,0.007711030410027742,0.9997100292616746,0.8047440223470004,1,Per(p=48),['None']
S1,Composite,0.015563666319924785,0.1276089532124116,0.0,0.203356102610181,0.25199307740001575,0.3763788897011283,4,(((Const(1)+Lin(σ=1))*Per(p=4))*RQ(α=0.1)),"[np.str_('+'), np.str_('*'), np.str_('*')]"
S2,Seasonal,0.02839036752317803,0.6064171762310621,0.0,0.06225555785341552,0.6875843913952362,0.39345549023178417,5,((((Per(p=24)*Per(p=6))*Per(p=168))*Per(p=10))+Per(p=60)),"[np.str_('*'), np.str_('*'), np.str_('*'), np.str_('+')]"
S2,Seasonal,0.006206004782895347,0.4690394104961656,0.0,0.056693723462447165,0.5809086544813509,0.35488374452488813,3,((Per(p=40)+WN(σ=1))*Per(p=10)),"[np.str_('+'), np.str_('*')]"
S1,Composite,0.9998979544955412,0.5240117056300582,0.0,0.9999603289008854,0.7495137590044455,0.6113962215713727,3,((Per(p=14)*Per(p=7))+Lin(σ=1)),"[np.str_('*'), np.str_('+')]"
S1,Composite,0.9998704138853419,0.3941459263426027,0.0,0.9999618630758386,0.6813907966002881,0.7054412842338784,3,((Per(p=672)*RQ(α=1))+Lin(σ=10)),"[np.str_('*'), np.str_('+')]"
S1,Composite,0.6317052770337421,0.7477346241454471,0.0,0.8093124436664596,0.8956831087086905,0.5741762512565538,4,(((Lin(σ=0)+WN(σ=1))+Const(1))*Per(p=60)),"[np.str_('+'), np.str_('+'), np.str_('*')]"
S2,Seasonal,0.060994217843978404,0.4433710986332404,0.0,0.14581694164034564,0.7946872710028597,0.6574384077194352,5,((((RBF(l=10)*Per(p=336))+RQ(α=0.1))*Const(1))*RBF(l=10)),"[np.str_('*'), np.str_('+'), np.str_('*'), np.str_('*')]"
S2,Seasonal,0.9991275177301282,0.9999686913934495,0.0,0.9998819476075755,0.9999958174929614,0.8663323896792042,4,(((Per(p=730)+Const(1))+Const(1))+Per(p=24)),"[np.str_('+'), np.str_('+'), np.str_('+')]"
S2,Seasonal,0.47990479713252787,0.6662647227321854,0.0,0.5521646719614257,0.7568967260882002,0.3533327987265964,5,((((Per(p=26)*Per(p=6))+Per(p=48))+Per(p=730))*Per(p=52)),"[np.str_('*'), np.str_('+'), np.str_('+'), np.str_('*')]"
S2,Seasonal,0.00042799259629366926,0.3893792075654037,0.0,0.0024419090119042197,0.6456920970785984,0.649221604366851,2,(Per(p=6)+Per(p=4)),[np.str_('+')]
S4,Trending,0.16287829483604965,0.11393822252152108,0.0,0.3426379340025897,0.19062206950783933,0.38467855011109564,5,((((RBF(l=10)*Lin(σ=10))+Const(1))+RBF(l=0.1))*WN(σ=0.1)),"[np.str_('*'), np.str_('+'), np.str_('+'), np.str_('*')]"
S1,Composite,0.9999987661814413,0.7431474995976743,0.0,0.9999998923034457,0.9710912388781684,0.9127072952430382,5,((((Per(p=672)*Per(p=48))+Per(p=336))+Lin(σ=0))+Per(p=4)),"[np.str_('*'), np.str_('+'), np.str_('+'), np.str_('+')]"
S1,Composite,0.9999999996040256,0.9999913642455506,0.0,0.9999999997469239,0.9999944795104885,0.36087857317125105,2,(Per(p=30)+Lin(σ=10)),[np.str_('+')]
S2,Seasonal,0.1852069625233963,0.47600664671668647,0.0,0.15697206762222904,0.675052609476978,0.41765217810076716,5,((((RBF(l=0.1)+Per(p=26))+Per(p=6))+Per(p=48))+Per(p=24)),"[np.str_('+'), np.str_('+'), np.str_('+'), np.str_('+')]"
S2,Seasonal,0.47008852308061966,0.6750378892178528,0.0,0.5461303416610261,0.9540408737428572,0.8883243785569335,2,(Per(p=52)+Per(p=30)),[np.str_('+')]
S2,Seasonal,0.6270893220113565,0.6857064112714968,0.0,0.8822351596328053,0.9196820642933202,0.8534039905298538,3,((Const(1)+Per(p=52))*Per(p=365)),"[np.str_('+'), np.str_('*')]"
S1,Composite,0.9993398649889147,0.9999910843770617,0.0,0.9995891097297721,0.9999944533007101,0.3777127524444075,5,((((Per(p=24)+Per(p=60))+Lin(σ=0))*Per(p=30))+Per(p=10)),"[np.str_('+'), np.str_('+'), np.str_('*'), np.str_('+')]"
S3,Stationary,0.12740731770241687,0.1369848786969865,0.0,0.3658749071774906,0.23493032835661987,0.28299092217221766,1,Const(1),['None']
S2,Seasonal,0.054397621463490475,0.9999822226010029,0.0,0.052666587568931056,0.9999875873892866,0.30161260920295163,1,Per(p=24),['None']
S2,Seasonal,0.9317473174916773,0.27051704419914613,0.0,0.9567335830860073,0.44019611176020035,0.401800466720559,2,(WN(σ=0.1)+Per(p=365)),[np.str_('+')]
S2,Seasonal,0.08502105980841823,0.27574366246394644,0.0,0.09809714931701363,0.4388084700037357,0.4811155065853727,2,(Per(p=10)*RBF(l=1)),[np.str_('*')]
S3,Stationary,0.003553423053420879,0.1652640867087911,0.0,0.01344774239108737,0.34664984272845134,0.2854554613168575,1,Const(1),['None']
S1,Composite,0.019515614195052877,0.20932331654947545,0.0,0.15361060922183856,0.33000026882286804,0.4480679201667862,5,((((Per(p=365)*Per(p=7))+WN(σ=0.1))*Lin(σ=0))*Per(p=10)),"[np.str_('*'), np.str_('+'), np.str_('*'), np.str_('*')]"
S2,Seasonal,0.04474185984723822,0.2748333599138657,0.0,0.08377099807466015,0.4062959206448312,0.36328613344242733,5,((((RQ(α=0.1)*Per(p=14))*RBF(l=0.1))*Per(p=14))*RBF(l=0.1)),"[np.str_('*'), np.str_('*'), np.str_('*'), np.str_('*')]"
S2,Seasonal,0.9998044731971824,0.0,0.0,0.9999809219932706,0.8189044464694085,0.903704841216346,1,Per(p=672),['None']
S2,Seasonal,0.17843673879483102,0.37321139524118907,0.0,0.11249864259297804,0.516272973751208,0.4074643272297529,3,((Per(p=60)*Per(p=30))+RBF(l=0.1)),"[np.str_('*'), np.str_('+')]"
S2,Seasonal,0.48016899417353087,0.30142709487307573,0.0,0.5557604942831245,0.41384628808439505,0.3947108012873708,4,(((Per(p=4)*Per(p=30))*Per(p=14))+RBF(l=1)),"[np.str_('*'), np.str_('*'), np.str_('+')]"
S2,Seasonal,0.00048420790961134497,0.8258316462225895,0.0,0.012161356524513445,0.910017871226832,0.5033333644811682,3,((Per(p=6)*Per(p=48))*Per(p=96)),"[np.str_('*'), np.str_('*')]"
S4,Trending,0.0,0.03375056199812265,0.0,0.350264576991273,0.06595074291853265,0.3824667449479142,3,((Lin(σ=10)*Lin(σ=1))*WN(σ=1)),"[np.str_('*'), np.str_('*')]"
S2,Seasonal,0.5065080652978509,0.3693670432443379,0.0,0.6389738780802087,0.4052166463623784,0.09997504555434622,2,(Per(p=6)*Per(p=96)),[np.str_('*')]
S2,Seasonal,0.030108094165393173,0.5403125719479059,0.0,0.009313154606044649,0.0,0.0,5,((((Per(p=26)*WN(σ=1))+RQ(α=10))+RQ(α=10))+Per(p=12)),"[np.str_('*'), np.str_('+'), np.str_('+'), np.str_('+')]"
S1,Composite,0.99999999722977,0.9999999998358103,0.0,0.9999999981376818,0.9999999998896217,0.3277387994363484,2,(Lin(σ=0)*Per(p=30)),[np.str_('*')]
S1,Composite,0.52497272865791,0.5823959916887553,0.0,0.018406816875054743,0.11880126631698185,0.0,5,((((Lin(σ=0)*Per(p=365))+RBF(l=10))*Const(1))*Per(p=365)),"[np.str_('*'), np.str_('+'), np.str_('*'), np.str_('*')]"
S3,Stationary,0.25679013015808694,0.10032978962239492,0.0,0.5192454826278197,0.13249312239698252,0.23641838839611928,1,Const(1),['None']
S1,Composite,0.9995712124274656,0.0,0.0,0.9998710234087389,0.21438300099094754,0.7043057562030663,5,((((RBF(l=10)+Per(p=40))*Const(1))+Lin(σ=1))*Per(p=672)),"[np.str_('+'), np.str_('*'), np.str_('+'), np.str_('*')]"
S2,Seasonal,0.012851948798660917,0.99996422639333,0.0,0.056357842262304,0.9999740749936565,0.27568411668896975,1,Per(p=24),['None']
S2,Seasonal,0.0,0.9848429197283383,0.0,0.021982182937634764,0.9860710784222584,0.11045396426825926,1,Per(p=40),['None']
S1,Composite,0.038448040052686205,0.10503739805726808,0.0,0.10626753661329158,0.4231012507166627,0.5131721413195534,5,((((WN(σ=0.1)*Per(p=168))+Per(p=6))*RQ(α=1))*Lin(σ=1)),"[np.str_('*'), np.str_('+'), np.str_('*'), np.str_('*')]"
S2,Seasonal,0.045011697988787125,0.24884047987341607,0.0,0.1151137014423308,0.4490920147970078,0.47089373209929497,4,(((RQ(α=0.1)+RQ(α=1))+Per(p=12))*RQ(α=1)),"[np.str_('+'), np.str_('+'), np.str_('*')]"
S2,Seasonal,0.1396946296666317,0.4020819081463374,0.0,0.1941119401884116,0.5900575661143089,0.5971705185638863,2,(RQ(α=1)*Per(p=365)),[np.str_('*')]
S3,Stationary,0.2888701005630411,0.32706961781667243,0.0,0.7272648784782165,0.811137392473658,0.8600716766697389,1,RQ(α=10),['None']
S2,Seasonal,0.4439515218098078,0.5330368233898578,0.0,0.6313101282962763,0.7437131837480645,0.5331289337900718,5,((((WN(σ=0.1)+Per(p=336))*Per(p=6))+RBF(l=10))+Per(p=730)),"[np.str_('+'), np.str_('*'), np.str_('+'), np.str_('+')]"
S2,Seasonal,0.29507879173106155,0.46324392785210855,0.0,0.34523619069623257,0.5293544759265243,0.2531121169030148,4,(((Per(p=96)+RQ(α=0.1))*Per(p=7))*Per(p=60)),"[np.str_('+'), np.str_('*'), np.str_('*')]"
S2,Seasonal,0.7575596115540809,0.4475288099154068,0.0,0.7488593432235753,0.44237439984442795,0.0,3,((Per(p=4)+Per(p=6))+Per(p=52)),"[np.str_('+'), np.str_('+')]"
S4,Trending,0.9998715341190688,0.21924170758977224,0.0,0.9999785320439705,0.8010538527681391,0.8327238089879702,2,(RQ(α=10)+Lin(σ=0)),[np.str_('+')]
S2,Seasonal,0.07155514080112935,0.4639985214939212,0.0,0.0,0.0,0.0,3,((WN(σ=1)*Const(1))+Per(p=365)),"[np.str_('*'), np.str_('+')]"
S2,Seasonal,0.8381722714908689,0.5906983222362474,0.0,0.9164484225470103,0.8012032025858833,0.6336583200260806,3,((Per(p=14)+Per(p=52))*Per(p=96)),"[np.str_('+'), np.str_('*')]"
S2,Seasonal,0.10997185499358142,0.35902594133501775,0.0,0.21005409283961685,0.49566921481827886,0.38432295076986156,3,((Per(p=12)+RQ(α=0.1))+WN(σ=1)),"[np.str_('+'), np.str_('+')]"
S1,Composite,0.08291873962538965,0.07834093205222403,0.0,0.27331666645571373,0.23443550016346404,0.32997023912334467,4,(((Per(p=12)*Per(p=48))+Lin(σ=10))*WN(σ=1)),"[np.str_('*'), np.str_('+'), np.str_('*')]"
S3,Stationary,0.14907738462914322,0.09433119702301018,0.0,0.4211984444770477,0.1497506403704396,0.33363058463881545,1,WN(σ=0.1),['None']
S2,Seasonal,0.4406927776958438,0.4116599548997809,0.0,0.48496936457659345,0.500377444164599,0.3584043653218505,4,(((Per(p=6)*Per(p=48))*Per(p=60))+RBF(l=1)),"[np.str_('*'), np.str_('*'), np.str_('+')]"
S3,Stationary,0.029902552532685145,0.252810348372302,0.0,0.03515067475557676,0.44144978168171967,0.3674543013157179,1,WN(σ=1),['None']
S1,Composite,0.021177462280998705,0.008015974218712474,0.0,0.08607698983778078,0.32568504504793117,0.3722185659323931,4,(((Per(p=96)+Lin(σ=10))+Per(p=14))*RBF(l=0.1)),"[np.str_('+'), np.str_('+'), np.str_('*')]"
S1,Composite,0.9999364195192801,0.6118089111835421,0.0,0.9999630260262768,0.7414931039381754,0.4176353968450097,5,((((Per(p=96)+RQ(α=0.1))+Per(p=365))+Per(p=26))+Lin(σ=1)),"[np.str_('+'), np.str_('+'), np.str_('+'), np.str_('+')]"
S1,Composite,0.07318382618047259,0.013936018876941292,0.0,0.4102923525312362,0.024368459429988,0.3212209084305163,5,((((RQ(α=0.1)*WN(σ=0.1))*Per(p=10))*Lin(σ=0))*Per(p=365)),"[np.str_('*'), np.str_('*'), np.str_('*'), np.str_('*')]"
S2,Seasonal,5.6401873690159476e-05,0.45951586591405147,0.0,0.0,0.5814756873705575,0.20654377703080118,5,((((Per(p=168)+Per(p=52))*Per(p=40))*Per(p=730))*Per(p=6)),"[np.str_('+'), np.str_('*'), np.str_('*'), np.str_('*')]"
S2,Seasonal,0.214999404124386,0.28608183655090436,0.0,0.5342888335601712,0.7235103527262448,0.7846884726278527,3,((Per(p=52)*RQ(α=1))+RBF(l=10)),"[np.str_('*'), np.str_('+')]"
S2,Seasonal,0.19262414353997215,0.2446257259951239,0.0,0.26869035809265907,0.3675144671569339,0.5495917680446267,4,(((Per(p=365)*RBF(l=1))*Per(p=14))*Per(p=672)),"[np.str_('*'), np.str_('*'), np.str_('*')]"
S1,Composite,0.0676618594601811,0.07483420227015436,0.0,0.3665142690269724,0.13182550719627695,0.35483226082062846,5,((((RQ(α=10)*RBF(l=0.1))*Per(p=672))*Lin(σ=10))*Per(p=12)),"[np.str_('*'), np.str_('*'), np.str_('*'), np.str_('*')]"
S1,Composite,0.26577008049082174,0.19183538804301503,0.0,0.5357789728983358,0.45615188760305647,0.7149263729964117,5,((((RBF(l=10)+Per(p=40))*Lin(σ=0))+Per(p=52))*Per(p=12)),"[np.str_('+'), np.str_('*'), np.str_('+'), np.str_('*')]"
S3,Stationary,0.1495973405869424,0.135474245270632,0.0,0.37651942781333114,0.204849685634252,0.2864093355109144,2,(WN(σ=0.1)*RBF(l=10)),[np.str_('*')]
S2,Seasonal,0.5051689520678772,0.5513030636774627,0.0,0.44936994518762696,0.5710793473859193,0.06933118702084429,1,Per(p=24),['None']
S3,Stationary,0.09591554681676073,0.3570504206302194,0.0,0.6078156012313621,0.8449406088947599,0.8873180284021004,1,RQ(α=10),['None']
S2,Seasonal,0.11579081500250021,0.285494773162965,0.0,0.0,0.22702344850723744,0.0,1,Per(p=365),['None']
S2,Seasonal,0.0,0.25150916380486865,0.0,0.016765304029469852,0.6529604622023348,0.6552442461619714,5,((((Per(p=10)+Per(p=60))+Per(p=40))*Per(p=96))*Per(p=14)),"[np.str_('+'), np.str_('+'), np.str_('*'), np.str_('*')]"
S2,Seasonal,0.7983942388414054,0.12456218166500044,0.0,0.9777408976330368,0.5721096476256273,0.9211596119796077,2,(Per(p=60)*Per(p=365)),[np.str_('*')]
S2,Seasonal,0.0,0.9948218297502612,0.0,0.13724882108233694,0.9967829661009131,0.3925694066516835,3,((Per(p=52)*Per(p=26))+Per(p=52)),"[np.str_('*'), np.str_('+')]"
S2,Seasonal,0.001915707091039165,0.3738198290642091,0.0,0.033155619376918466,0.5816759854126027,0.46822344177386077,4,(((Per(p=26)+Per(p=52))*Per(p=14))+Per(p=6)),"[np.str_('+'), np.str_('*'), np.str_('+')]"
S2,Seasonal,0.038448254675171545,0.36830870441859076,0.0,0.1448884037903082,0.5122716414921226,0.5225442639008,5,((((RBF(l=1)*RQ(α=0.1))*RQ(α=1))+Per(p=52))*Per(p=60)),"[np.str_('*'), np.str_('*'), np.str_('+'), np.str_('*')]"
S1,Composite,0.9999999972491279,0.9999999990257605,0.0,0.9999999979359298,0.999999999268996,0.24966609025543207,2,(Per(p=7)*Lin(σ=0)),[np.str_('*')]
S3,Stationary,0.014307555553794482,0.20398609039591298,0.0,0.05097548075535274,0.39723293942468907,0.31253024146404007,1,WN(σ=0.1),['None']
S2,Seasonal,0.0,0.2960266385457676,0.0,0.027294473042832834,0.8403147957582049,0.7602388359546274,1,Per(p=60),['None']
S2,Seasonal,0.9997296084674117,0.06481404865421825,0.0,0.9999947366350179,0.7064895643804281,0.9809587525322171,1,Per(p=365),['None']
S1,Composite,0.9999999997150175,0.9999888085824106,0.0,0.9999999997877496,0.9999916643733517,0.25521493507744675,2,(Per(p=12)+Lin(σ=0)),[np.str_('+')]
S1,Composite,0.0,0.42344238826889113,0.0,0.16595565019980962,0.9241380300695762,0.8322475059310923,5,((((Per(p=336)+Lin(σ=1))*Lin(σ=1))+RBF(l=0.1))*RBF(l=10)),"[np.str_('+'), np.str_('*'), np.str_('+'), np.str_('*')]"
S2,Seasonal,0.6119826948161706,0.12366522226145704,0.0,0.8871082051943887,0.4897362325345549,0.8163144559108219,4,(((Const(1)+Per(p=336))+RQ(α=10))+Const(1)),"[np.str_('+'), np.str_('+'), np.str_('+')]"
S2,Seasonal,0.2660680902704964,0.37414292913090696,0.0,0.31707814513858734,0.6169363464958371,0.5251853469818935,3,((Per(p=48)*Per(p=7))*Per(p=96)),"[np.str_('*'), np.str_('*')]"
S1,Composite,0.07380843037571794,0.10059769853737233,0.0,0.18275608812149802,0.16285833352260692,0.26477888739305355,5,((((Per(p=26)+Per(p=4))+Per(p=96))*RQ(α=0.1))*Lin(σ=1)),"[np.str_('+'), np.str_('+'), np.str_('*'), np.str_('*')]"
S1,Composite,0.0,0.023352405204012383,0.0,0.3897058281427066,0.046343989901407645,0.25318147355719567,3,((Lin(σ=1)*WN(σ=1))*Per(p=40)),"[np.str_('*'), np.str_('*')]"
S1,Composite,0.9999999994313927,0.9999999996738855,0.0,0.9999999996176291,0.999999999780698,0.32753009602777006,2,(Lin(σ=10)*Per(p=6)),[np.str_('*')]
S1,Composite,0.013099430546654967,0.08583764475121802,0.0,0.286905343699961,0.35121973014739927,0.4801712575197301,4,(((RQ(α=1)*RBF(l=1))*Lin(σ=0))+Per(p=48)),"[np.str_('*'), np.str_('*'), np.str_('+')]"
S3,Stationary,0.18050149833215567,0.18275555309211822,0.0,0.348819073846274,0.2504402857535135,0.24654423225120337,2,(RBF(l=0.1)*RQ(α=0.1)),[np.str_('*')]
S1,Composite,0.03751659604263047,0.11145010218191298,0.0,0.1170380273506586,0.6350559948823178,0.7194965037828973,5,((((Lin(σ=0)*RQ(α=1))*Per(p=168))+Per(p=365))+Per(p=168)),"[np.str_('*'), np.str_('*'), np.str_('+'), np.str_('+')]"
S2,Seasonal,0.04601069373486999,0.9999714935995775,0.0,0.08484107114335937,0.9999813115534937,0.34465690245129554,1,Per(p=26),['None']
S2,Seasonal,0.19784646396103245,0.32004878131617165,0.0,0.6348842726264475,0.8439089063998092,0.8775934285731618,5,((((WN(σ=0.1)+Per(p=26))*RQ(α=10))*RQ(α=10))+RBF(l=10)),"[np.str_('+'), np.str_('*'), np.str_('*'), np.str_('+')]"
S2,Seasonal,0.5337869282250565,0.9066540124005141,0.0,0.57354446535061,0.9182144762717972,0.1309405335499424,4,(((Per(p=730)+Per(p=14))+Per(p=7))+Per(p=6)),"[np.str_('+'), np.str_('+'), np.str_('+')]"
S2,Seasonal,0.13211485639934828,0.5435609899855047,0.0,0.1937693888854609,0.673201499647482,0.4005126946305235,2,(Per(p=12)+RQ(α=0.1)),[np.str_('+')]
S1,Composite,0.06622963970425333,0.07134821923687973,0.0,0.2526065640641907,0.13457581925408235,0.3635742234691298,5,((((Lin(σ=1)+Per(p=30))*RBF(l=0.1))+Per(p=4))+Per(p=365)),"[np.str_('+'), np.str_('*'), np.str_('+'), np.str_('+')]"
S2,Seasonal,0.0035299630982813524,0.4685711924194429,0.0,0.02604262310108818,0.6288972396023469,0.40554265577330906,3,((WN(σ=1)+Per(p=7))+Per(p=96)),"[np.str_('+'), np.str_('+')]"
S1,Composite,0.33244264305228677,0.34688189158896054,0.0,0.5690620174185133,0.5413689105430499,0.6693360284296284,5,((((Lin(σ=0)*Per(p=10))*Per(p=48))+Per(p=672))*Per(p=365)),"[np.str_('*'), np.str_('*'), np.str_('+'), np.str_('*')]"
S1,Composite,0.9999999989695161,0.9999999998664413,0.0,0.9999999992414591,0.9999999999016873,0.2638987517441598,2,(Per(p=30)*Lin(σ=1)),[np.str_('*')]
S1,Composite,0.223883532289183,0.28438942981537574,0.0,0.44518225859521987,0.5406764245923251,0.5807742268504295,5,((((Lin(σ=10)+Per(p=6))*Const(1))*Per(p=14))*Per(p=26)),"[np.str_('+'), np.str_('*'), np.str_('*'), np.str_('*')]"
S2,Seasonal,0.1814312912507956,0.9999885813813278,0.0,0.34058606366973654,0.9999924664958768,0.34022672430714873,2,(Const(1)*Per(p=4)),[np.str_('*')]
S2,Seasonal,0.08477902856321551,0.9999811569100909,0.0,0.13109874941121946,0.9999870213466061,0.31089712661586466,1,Per(p=10),['None']
S2,Seasonal,0.4346198140000478,0.5235705648140663,0.0,0.39990534504340636,0.78945802830977,0.6770992822733186,1,Per(p=24),['None']
S1,Composite,0.6658827016014232,0.0046547826753516874,0.0,0.876950139821263,0.030938278699665256,0.683045807466326,4,(((Per(p=10)+WN(σ=0.1))+Lin(σ=0))*Per(p=6)),"[np.str_('+'), np.str_('+'), np.str_('*')]"
S2,Seasonal,0.1638543667030864,0.11149913054225746,0.0,0.4253965910623224,0.18220701289999675,0.2812872320614317,2,(WN(σ=1)*Per(p=60)),[np.str_('*')]
S1,Composite,0.002596226966532389,0.5205548531704067,0.0,0.0,0.8184128594098128,0.5577492115016809,4,(((RBF(l=10)+RQ(α=0.1))+Per(p=365))*Lin(σ=1)),"[np.str_('+'), np.str_('+'), np.str_('*')]"
S1,Composite,0.1444805999483263,0.5533020944736085,0.0,0.25342531697231696,0.8477742390413264,0.7356299015474657,4,(((RQ(α=10)*Lin(σ=1))+Per(p=12))*Per(p=60)),"[np.str_('*'), np.str_('+'), np.str_('*')]"
S1,Composite,0.8283819723485512,0.9528618660044835,0.0,0.4793134149631999,0.8662688082622019,0.0,3,((Per(p=168)*Lin(σ=10))*Per(p=672)),"[np.str_('*'), np.str_('*')]"
S1,Composite,0.0,0.41556974850685147,0.0,0.6193079765829712,0.8799399899496063,0.8575141932884596,4,(((Per(p=365)*Lin(σ=10))*Per(p=48))+Per(p=48)),"[np.str_('*'), np.str_('*'), np.str_('+')]"
S4,Trending,0.999999999770034,0.1815390482226984,0.0,0.9999999998637009,0.3981899402857103,0.4073072193776337,1,Lin(σ=0),['None']
S1,Composite,0.978747260819528,0.9955199273642124,0.0,0.9980633894209081,0.9996066159204552,0.912176651375776,3,((RBF(l=1)+Lin(σ=10))*Per(p=52)),"[np.str_('+'), np.str_('*')]"
S1,Composite,0.017958219576923673,0.7141978677953285,0.0,0.0,0.0,0.0,4,(((Per(p=7)+Lin(σ=0))*Per(p=96))*Per(p=168)),"[np.str_('+'), np.str_('*'), np.str_('*')]"
S2,Seasonal,0.09009437398929054,0.961135582142591,0.0,0.6299807201656282,0.996918071838259,0.9181933048007066,1,Per(p=96),['None']
S2,Seasonal,0.2079381171498984,0.5427039556357125,0.0,0.08942591176801562,0.0,0.0,4,(((Per(p=14)+Per(p=672))+RQ(α=1))+Per(p=168)),"[np.str_('+'), np.str_('+'), np.str_('+')]"
S2,Seasonal,0.31934908545664675,0.5099131505076291,0.0,0.42023185535828356,0.7902188311625389,0.6325628563313999,2,(Per(p=12)*Per(p=26)),[np.str_('*')]
S2,Seasonal,0.04017961131996495,0.30535637872731436,0.0,0.05782909392054303,0.38071356538820467,0.36181105428205984,3,((WN(σ=1)+Per(p=24))+RQ(α=0.1)),"[np.str_('+'), np.str_('+')]"
S4,Trending,0.999999876241383,0.4809124646510545,0.0,0.999999925220998,0.08863900903951571,0.3958047513865205,2,(Lin(σ=1)*Lin(σ=0)),[np.str_('*')]
S3,Stationary,0.3394093761983116,0.7795700437512738,0.0,0.7936674094410419,0.97255420802854,0.8736115226729406,1,RBF(l=10),['None']
S2,Seasonal,0.12713780686496812,0.27049210702450177,0.0,0.17177333859778754,0.3332390879688101,0.26323842753677174,5,((((Per(p=14)+Per(p=336))*RQ(α=10))*WN(σ=1))+Per(p=672)),"[np.str_('+'), np.str_('*'), np.str_('*'), np.str_('+')]"
S1,Composite,0.9999999997257372,0.9999857890520348,0.0,0.9999999997944806,0.9999893542750207,0.2506468991647577,2,(Per(p=6)+Lin(σ=10)),[np.str_('+')]
S1,Composite,0.9975813813334385,0.9944953709199877,0.0,0.9994724733738007,0.9988452935240925,0.7850265073239389,4,(((Per(p=30)+Lin(σ=10))*Per(p=168))+Lin(σ=1)),"[np.str_('+'), np.str_('*'), np.str_('+')]"
S2,Seasonal,0.37767654183737875,0.689356847911466,0.0,0.44400402723462673,0.8141984777297877,0.5105860299351561,2,(RQ(α=1)+Per(p=10)),[np.str_('+')]
S2,Seasonal,0.18075584964143832,0.43375473093577377,0.0,0.14620823821761475,0.6811211377490665,0.6019710181248102,4,(((Per(p=7)+Per(p=30))+Per(p=30))*Per(p=30)),"[np.str_('+'), np.str_('+'), np.str_('*')]"
S2,Seasonal,0.0,0.9970148402595417,0.0,0.5483087315015213,0.9996802185323836,0.8927398426284014,1,Per(p=48),['None']
S2,Seasonal,0.10093633261762502,0.26333395918562386,0.0,0.16862841384644278,0.5596268119887258,0.6784093533769958,2,(RBF(l=1)*Per(p=48)),[np.str_('*')]
S1,Composite,0.7408973123764009,0.7492491055684798,0.0,0.9360724548152562,0.9229163796723682,0.7962989594000826,5,((((Lin(σ=10)*Per(p=672))+Per(p=7))*Per(p=48))+Per(p=672)),"[np.str_('*'), np.str_('+'), np.str_('*'), np.str_('+')]"
S3,Stationary,0.26662260579259567,0.06679381586536548,0.0,0.5032788583314165,0.08713937774136526,0.19123125930723084,1,WN(σ=0.1),['None']
S2,Seasonal,0.18035818664937264,0.9288139730142899,0.0,0.03177802088778836,0.5403742838339155,0.0,5,((((Per(p=7)+Per(p=12))*Per(p=10))*Per(p=730))+Per(p=336)),"[np.str_('+'), np.str_('*'), np.str_('*'), np.str_('+')]"
S2,Seasonal,0.5532111145625338,0.40079367680611344,0.0,0.6901088481534017,0.555880250251062,0.4844028269641004,5,((((Per(p=4)+Const(1))*Per(p=672))+RQ(α=1))*Per(p=26)),"[np.str_('+'), np.str_('*'), np.str_('+'), np.str_('*')]"
S1,Composite,0.20559847484934968,0.24134255217106826,0.0,0.7464002807737681,0.7358292676441052,0.8893922136131124,3,((Lin(σ=0)*Per(p=96))*RQ(α=10)),"[np.str_('*'), np.str_('*')]"
S2,Seasonal,0.0,0.8976742912280291,0.0,0.0,0.8742245720600181,0.0,3,((RQ(α=1)+WN(σ=0.1))*Per(p=12)),"[np.str_('+'), np.str_('*')]"
S2,Seasonal,0.2644029459982149,0.22567933762052061,0.0,0.4848282191057711,0.5540091762150533,0.6769612606780163,5,((((RBF(l=1)*Per(p=40))*Per(p=52))+RQ(α=10))*Per(p=40)),"[np.str_('*'), np.str_('*'), np.str_('+'), np.str_('*')]"
S2,Seasonal,0.2604954750845295,0.07018987157197487,0.0,0.516139939637533,0.0876031710100581,0.2098690449508781,3,((RQ(α=0.1)*RBF(l=10))*Per(p=6)),"[np.str_('*'), np.str_('*')]"
S2,Seasonal,0.0,0.8324561937259288,0.0,0.30296237029635864,0.9776382937020986,0.8968037209957539,4,(((Per(p=96)*Per(p=26))+Per(p=60))*Const(1)),"[np.str_('*'), np.str_('+'), np.str_('*')]"
S2,Seasonal,0.10709472961937516,0.28774801865802024,0.0,0.11423286479204653,0.3693351976852294,0.23225329432480346,5,((((Per(p=12)+Per(p=48))*Per(p=14))+Per(p=14))*WN(σ=1)),"[np.str_('+'), np.str_('*'), np.str_('+'), np.str_('*')]"
S2,Seasonal,0.9364166802855637,0.6940930004371052,0.0,0.9299071848210584,0.6161593727239023,0.05423862205726804,2,(Per(p=672)+Per(p=336)),[np.str_('+')]
S4,Trending,0.9999913224427266,0.30171806693521697,0.0,0.9999952624388391,0.4145804011936427,0.4542408584623918,3,((RBF(l=1)+Lin(σ=1))+Lin(σ=10)),"[np.str_('+'), np.str_('+')]"
S1,Composite,0.054938287144043585,0.1556342389036145,0.0,0.14829679497098147,0.30354602071435133,0.5511522498880119,4,(((Lin(σ=10)+Per(p=52))+Per(p=40))*RQ(α=1)),"[np.str_('+'), np.str_('+'), np.str_('*')]"
S2,Seasonal,0.15700830940287558,0.2583100474440386,0.0,0.25611218252549584,0.47740589048678206,0.5503463026327668,4,(((Per(p=26)*Per(p=10))*Per(p=24))+Per(p=6)),"[np.str_('*'), np.str_('*'), np.str_('+')]"
S2,Seasonal,0.0,0.7072877559759408,0.0,0.00010767563946334491,0.7573794403813384,0.0,4,(((Per(p=96)*Per(p=168))*Per(p=96))*Per(p=365)),"[np.str_('*'), np.str_('*'), np.str_('*')]"
S3,Stationary,0.007061919793302063,0.09574779901454133,0.0,0.3333933329346692,0.1553137893067027,0.3539263947502813,1,RBF(l=0.1),['None']
S2,Seasonal,0.22829487832800943,0.3152357359506268,0.0,0.5043564649866573,0.7211761532633585,0.8082280259544068,5,((((Per(p=12)+RBF(l=10))*Per(p=96))*Per(p=365))+RQ(α=1)),"[np.str_('+'), np.str_('*'), np.str_('*'), np.str_('+')]"
S3,Stationary,0.3018411353333246,0.31095775792792424,0.0,0.4899085993316552,0.6532410590269766,0.7193848434246166,2,(RBF(l=10)+RQ(α=1)),[np.str_('+')]
S1,Composite,0.10275510687556766,0.17802384810534522,0.0,0.2341800460036635,0.3228491268852558,0.42917222906146935,5,((((Lin(σ=1)*Per(p=10))+Const(1))+Lin(σ=1))*RBF(l=1)),"[np.str_('*'), np.str_('+'), np.str_('+'), np.str_('*')]"
S2,Seasonal,0.17606523674819186,0.6047706572010153,0.0,0.25600250108011013,0.7561608795689745,0.5233630579990227,2,(RBF(l=1)+Per(p=14)),[np.str_('+')]
S1,Composite,0.9999603276934252,0.5371733817284763,0.0,0.9999618427954406,0.5398651205668926,0.037933641321357014,4,(((Per(p=4)*Per(p=52))+Lin(σ=1))+Per(p=365)),"[np.str_('*'), np.str_('+'), np.str_('+')]"
S2,Seasonal,0.8583715888615868,0.8805222341021371,0.0,0.8651043881832168,0.8907308966668526,0.09265385111040747,3,((Per(p=6)*Per(p=672))+Per(p=24)),"[np.str_('*'), np.str_('+')]"
S2,Seasonal,0.1888471062517102,0.297017935284545,0.0,0.6467918465885723,0.9176808696188704,0.9533237337505276,4,(((Per(p=52)+Per(p=40))*RBF(l=10))+RQ(α=10)),"[np.str_('+'), np.str_('*'), np.str_('+')]"
S2,Seasonal,0.9885825904343373,0.9801155527655103,0.0,0.9899837590215298,0.9833519369723915,0.16579331060352864,4,(((Per(p=96)*Per(p=48))*Per(p=30))+Per(p=4)),"[np.str_('*'), np.str_('*'), np.str_('+')]"
S2,Seasonal,0.44140081699139444,0.44613419258228726,0.0,0.23811593603676207,0.5814724244780121,0.40975676119217985,1,Per(p=14),['None']
S2,Seasonal,0.04419541099140101,0.9978572094326205,0.0,0.2639806691135599,0.9986039456752747,0.3496765997311615,1,Per(p=40),['None']
S2,Seasonal,0.7403898477437831,0.6081303263367103,0.0,0.7543487964451254,0.7452657902706398,0.4530170083177768,5,((((Per(p=6)+Per(p=26))*Per(p=24))+Per(p=48))+Per(p=7)),"[np.str_('+'), np.str_('*'), np.str_('+'), np.str_('+')]"
S3,Stationary,0.16498094301154687,0.10411643285607264,0.0,0.41627724281275347,0.15847715367110882,0.3281097704008499,1,Const(1),['None']
S2,Seasonal,0.33795094063031206,0.6435470485410737,0.0,0.340928365994808,0.6466781099778678,0.00012388739963109519,4,(((Per(p=4)+Per(p=672))*Per(p=730))+Per(p=10)),"[np.str_('+'), np.str_('*'), np.str_('+')]"
S2,Seasonal,0.05371186762176983,0.7596965252888558,0.0,0.11154832584644392,0.8405834354540539,0.36697116224587045,3,((WN(σ=1)*Per(p=12))+Per(p=26)),"[np.str_('*'), np.str_('+')]"
S2,Seasonal,0.44991909866021895,0.4794833386863856,0.0,0.5600376896671244,0.751101365684158,0.6741554868524247,3,((Per(p=14)*Per(p=30))*Per(p=24)),"[np.str_('*'), np.str_('*')]"
S1,Composite,0.0,0.8950849960729389,0.0,0.0,0.7689108663746897,0.0,4,(((Lin(σ=0)*Per(p=60))+Per(p=336))*Per(p=60)),"[np.str_('*'), np.str_('+'), np.str_('*')]"
S2,Seasonal,0.39024499828584036,0.21406792224285143,0.0,0.6572855428737069,0.39616291973122475,0.6362475978056066,5,((((Per(p=60)+Per(p=10))*Per(p=730))+Per(p=336))*Per(p=14)),"[np.str_('+'), np.str_('*'), np.str_('+'), np.str_('*')]"
S2,Seasonal,0.3868678417166874,0.6200783485931523,0.0,0.3836004497922155,0.6972243121189723,0.26245385864034676,3,((Per(p=4)*RQ(α=10))+Per(p=14)),"[np.str_('*'), np.str_('+')]"
S2,Seasonal,0.5362995028182809,0.6744109188407674,0.0,0.12426675388050756,0.0,0.0,3,((Per(p=336)*Per(p=672))+Per(p=96)),"[np.str_('*'), np.str_('+')]"
S2,Seasonal,0.5042473652443924,0.2711246763132408,0.0,0.6257481672091371,0.28806349387138597,0.0743071921422006,4,(((Per(p=48)*RQ(α=1))*Per(p=4))+Per(p=4)),"[np.str_('*'), np.str_('*'), np.str_('+')]"
S1,Composite,0.3169780241219228,0.3529868640519028,0.0,0.7198920732761726,0.9102381337847232,0.9220972916547745,5,((((Per(p=30)*RBF(l=10))*Lin(σ=1))*Lin(σ=10))+Lin(σ=0)),"[np.str_('*'), np.str_('*'), np.str_('*'), np.str_('+')]"
S2,Seasonal,0.2241915033842906,0.9999902576839269,0.0,0.3622936566688958,0.999992989304438,0.2805140471430372,1,Per(p=4),['None']
S1,Composite,0.07330784795514811,0.1782999459039447,0.0,0.21526119277400435,0.2653481029443854,0.42132914984162706,5,((((Per(p=6)+RQ(α=0.1))*RBF(l=1))*Per(p=365))*Lin(σ=0)),"[np.str_('+'), np.str_('*'), np.str_('*'), np.str_('*')]"
S1,Composite,0.9999998339486185,0.9999999999648245,0.0,0.9999998864026856,0.9999999999759357,0.315881013920728,4,(((Per(p=12)+Per(p=4))*Lin(σ=10))*Per(p=24)),"[np.str_('+'), np.str_('*'), np.str_('*')]"
S2,Seasonal,0.030386028351474192,0.4465841718419049,0.0,0.0395876816813614,0.5943176870287172,0.37069498527865774,3,((RQ(α=1)+Per(p=6))+Per(p=52)),"[np.str_('+'), np.str_('+')]"
S2,Seasonal,0.2016928721222716,0.2598929115957199,0.0,0.33602457252564366,0.31455043112973713,0.37266219066897976,4,(((Per(p=10)*Per(p=96))*Per(p=168))+RQ(α=0.1)),"[np.str_('*'), np.str_('*'), np.str_('+')]"
S2,Seasonal,0.46202376535472367,0.7781973442259127,0.0,0.42904485273669135,0.829763017690049,0.2594172750567615,3,((Per(p=52)*Per(p=12))+Per(p=336)),"[np.str_('*'), np.str_('+')]"
S1,Composite,0.07419250701027491,0.024604887261933994,0.0,0.30850169940323213,0.04058703250530882,0.33035378798210735,5,((((Lin(σ=1)+Per(p=6))*WN(σ=0.1))*Per(p=24))*Per(p=7)),"[np.str_('+'), np.str_('*'), np.str_('*'), np.str_('*')]"
S2,Seasonal,0.1084722019389277,0.9999906013821394,0.0,0.20533723550632166,0.9999933470260415,0.29198032334394974,1,Per(p=7),['None']
S2,Seasonal,0.1434670123014804,0.4033009321633122,0.0,0.24615431989429626,0.6767471849721393,0.6539592154942069,3,((Per(p=7)*RQ(α=10))+Per(p=40)),"[np.str_('*'), np.str_('+')]"
S2,Seasonal,0.8038510687309623,0.8783244123886907,0.0,0.8822773067488725,0.9570794873139696,0.6692708576328321,2,(Per(p=60)+Per(p=24)),[np.str_('+')]
S1,Composite,0.9967766426326163,0.9988248682264597,0.0,0.9971578929662231,0.9989863083268777,0.13936819319125426,3,((Per(p=4)*Per(p=168))*Lin(σ=10)),"[np.str_('*'), np.str_('*')]"
S2,Seasonal,0.1280443088337262,0.21989708416854026,0.0,0.1639398014869099,0.386067879941696,0.32113742549338276,5,((((Per(p=60)*RBF(l=10))*Per(p=4))*Per(p=60))*Per(p=24)),"[np.str_('*'), np.str_('*'), np.str_('*'), np.str_('*')]"
S2,Seasonal,0.771465822874106,0.6233159532247665,0.0,0.7642100884513032,0.6247382106089675,0.008052551545113529,3,((Per(p=4)+Per(p=24))+Per(p=24)),"[np.str_('+'), np.str_('+')]"
S4,Trending,0.9999999993880536,0.12789047383334207,0.0,0.9999999995434768,0.17612995539919418,0.2539832231903063,1,Lin(σ=0),['None']
S3,Stationary,0.0038182912932390733,0.2664632977930198,0.0,0.013698702722386824,0.5166385408805413,0.3424299548476256,2,(WN(σ=0.1)*RQ(α=10)),[np.str_('*')]
S2,Seasonal,0.02822641371214174,0.4434533390352202,0.0,0.08309837157013256,0.7962022318755448,0.7383940226138963,4,(((Const(1)+RQ(α=1))+Per(p=730))*Per(p=168)),"[np.str_('+'), np.str_('+'), np.str_('*')]"
S2,Seasonal,0.10676040472119408,0.672824150565721,0.0,0.029212543428288273,0.03772297011038184,0.0,5,((((Per(p=24)+Per(p=336))*Per(p=168))+Per(p=7))+Per(p=30)),"[np.str_('+'), np.str_('*'), np.str_('+'), np.str_('+')]"
S1,Composite,0.1530095109203624,0.03455248629889174,0.0,0.46602749167469637,0.12298273264596393,0.6123930032546203,5,((((Per(p=12)*RQ(α=10))*Lin(σ=1))*Per(p=10))+WN(σ=1)),"[np.str_('*'), np.str_('*'), np.str_('*'), np.str_('+')]"
S3,Stationary,0.14775842833852992,0.18262729531679,0.0,0.3707181617365112,0.25235656651810434,0.18081008351917227,1,Const(1),['None']
S2,Seasonal,0.5368922468979407,0.5581164417687923,0.0,0.609631588399585,0.6753727508735657,0.3985581416771855,5,((((WN(σ=1)*RBF(l=1))+Per(p=96))+RQ(α=10))+Per(p=10)),"[np.str_('*'), np.str_('+'), np.str_('+'), np.str_('+')]"
S1,Composite,0.025735808741407906,0.13709592793748404,0.0,0.4556302062135268,0.4933974055069884,0.8667511669473537,5,((((Per(p=40)*Per(p=40))*Lin(σ=0))*Per(p=96))*RQ(α=10)),"[np.str_('*'), np.str_('*'), np.str_('*'), np.str_('*')]"
S2,Seasonal,0.9994224478241892,0.999783113574858,0.0,0.9996454566758529,0.9998659068519987,0.3867619381375702,2,(Per(p=336)*Per(p=6)),[np.str_('*')]
S2,Seasonal,0.032081757229132535,0.9777187556819547,0.0,0.03128668158523695,0.9843226597744621,0.31979864181669493,3,((Per(p=336)*WN(σ=0.1))+Per(p=52)),"[np.str_('*'), np.str_('+')]"
S2,Seasonal,0.0,0.9511753684064254,0.0,0.08370904735431173,0.9621651259764789,0.24361036271032177,1,Per(p=96),['None']
S1,Composite,0.03389428544941997,0.10872878302540823,0.0,0.08379512122973853,0.26997864987041853,0.3901106535763107,5,((((RQ(α=0.1)*Lin(σ=10))*Lin(σ=10))+Per(p=24))*Per(p=24)),"[np.str_('*'), np.str_('*'), np.str_('+'), np.str_('*')]"
S2,Seasonal,0.846876564845598,0.688826588857909,0.0,0.9223720868136183,0.8869496295115238,0.7175176985259241,3,((Per(p=14)*Per(p=48))+Per(p=4)),"[np.str_('*'), np.str_('+')]"
S2,Seasonal,0.15038418633513395,0.4672520382805705,0.0,0.35589232114426694,0.5658474214324987,0.4495093534420961,3,((Per(p=12)*Per(p=96))*Per(p=10)),"[np.str_('*'), np.str_('*')]"
S3,Stationary,0.04175454031536252,0.16411227495172898,0.0,0.13784912620156176,0.25098442224064776,0.23341658869410786,1,WN(σ=1),['None']
S2,Seasonal,0.15024515806014604,0.48675475285748526,0.0,0.09589289267454337,0.23265564550570017,0.0,4,(((RBF(l=10)+Per(p=365))*Per(p=336))*Per(p=336)),"[np.str_('+'), np.str_('*'), np.str_('*')]"
S2,Seasonal,0.17579085080317236,0.06209616330327106,0.0,0.4694585736607234,0.08973609464278631,0.2590971106286112,4,(((Per(p=14)+WN(σ=1))+Per(p=336))*WN(σ=0.1)),"[np.str_('+'), np.str_('+'), np.str_('*')]"
S2,Seasonal,0.11313586936730036,0.2103371930066007,0.0,0.2928840946984911,0.7785285937817922,0.848463067092568,4,(((RQ(α=10)+Per(p=10))*Per(p=24))+Per(p=730)),"[np.str_('+'), np.str_('*'), np.str_('+')]"
S2,Seasonal,0.15082975568796408,0.3199772979551614,0.0,0.191872098948362,0.42516075635327855,0.2840308264018262,5,((((Per(p=4)+RQ(α=0.1))*RBF(l=0.1))*Per(p=52))+Per(p=14)),"[np.str_('+'), np.str_('*'), np.str_('*'), np.str_('+')]"
S3,Stationary,0.12967326576153715,0.608567915879556,0.0,0.12851833370913468,0.24429679666052184,0.0,1,RQ(α=10),['None']
S2,Seasonal,0.020906799659280995,0.4711755165852691,0.0,0.060290468206829484,0.6611878164759688,0.5305689329274401,3,((Per(p=40)*Per(p=60))+RBF(l=0.1)),"[np.str_('*'), np.str_('+')]"
S1,Composite,0.020132952517601055,0.15852662584453947,0.0,0.18686820535765747,0.33016846077103934,0.43778951443807335,4,(((Lin(σ=10)*RQ(α=0.1))+Per(p=40))+Per(p=336)),"[np.str_('*'), np.str_('+'), np.str_('+')]"
S1,Composite,0.054819997817531,0.13215795836237276,0.0,0.12561471369640198,0.25465563762441656,0.42287118722831873,3,((Per(p=96)*Per(p=12))*Lin(σ=1)),"[np.str_('*'), np.str_('*')]"
S2,Seasonal,0.04250050434448838,0.23010184935724176,0.0,0.15196129276095038,0.4804496707489059,0.638163106444158,2,(Per(p=26)*RQ(α=1)),[np.str_('*')]
S2,Seasonal,0.015052872184705746,0.6935017849118934,0.0,0.01071457264052722,0.7964977372663565,0.34744288276022317,5,((((RBF(l=10)+Const(1))+Per(p=6))+Const(1))*Per(p=168)),"[np.str_('+'), np.str_('+'), np.str_('+'), np.str_('*')]"
S1,Composite,0.3394128258858402,0.4442099507145014,0.0,0.41585460111637207,0.6912897679426957,0.5523191754466059,4,(((Lin(σ=1)+Per(p=40))*Per(p=52))*Per(p=14)),"[np.str_('+'), np.str_('*'), np.str_('*')]"
S2,Seasonal,0.59768392903197,0.43098669892378483,0.0,0.8386293887781691,0.8966409685482979,0.852880328585844,2,(RBF(l=10)+Per(p=672)),[np.str_('+')]
S1,Composite,0.9999988434190654,0.5940238659968388,0.0,0.9999988967123232,0.6051836720360795,0.046072980028054045,2,(Per(p=4)+Lin(σ=1)),[np.str_('+')]
S2,Seasonal,0.048520927488317156,0.4328219712516276,0.0,0.13481427074156316,0.6379850914930744,0.5373782909694327,3,((Per(p=12)+RBF(l=1))*Per(p=26)),"[np.str_('+'), np.str_('*')]"
S2,Seasonal,0.14284180020262072,0.17660166572786773,0.0,0.40581147229426384,0.26022949356191993,0.3135414449123265,3,((WN(σ=1)*WN(σ=0.1))*Per(p=4)),"[np.str_('*'), np.str_('*')]"
S4,Trending,0.9998578322836836,0.59559948124591,0.0,0.9894155974724711,0.03846394435102407,0.0,3,((RQ(α=1)+Lin(σ=10))+WN(σ=0.1)),"[np.str_('+'), np.str_('+')]"
S1,Composite,0.11930954218998602,0.5405416836394521,0.0,0.7015118002837973,0.9936273780800586,0.9819856014450327,5,((((WN(σ=1)+Lin(σ=0))*Const(1))+Per(p=168))*Per(p=52)),"[np.str_('+'), np.str_('*'), np.str_('+'), np.str_('*')]"
S2,Seasonal,0.05400321862937574,0.14203763785804324,0.0,0.2603918550599592,0.25291123236907165,0.3548649389066212,4,(((Per(p=672)*Per(p=6))*WN(σ=1))*Per(p=26)),"[np.str_('*'), np.str_('*'), np.str_('*')]"
S2,Seasonal,0.38779336846554224,0.7928616561880715,0.0,0.23185752915096847,0.3211500799997389,0.0,2,(RQ(α=10)*Per(p=365)),[np.str_('*')]
S1,Composite,0.9996413677299844,0.21696056473606107,0.0,0.9998841757586181,0.48318083468887685,0.6778614356546226,4,(((RQ(α=1)+RBF(l=1))+Lin(σ=10))+Per(p=730)),"[np.str_('+'), np.str_('+'), np.str_('+')]"
S2,Seasonal,0.036138900599456014,0.33608776167205734,0.0,0.1417992492731196,0.5547591894370165,0.4051775659697111,2,(Per(p=30)+RBF(l=0.1)),[np.str_('+')]
S2,Seasonal,0.0,0.999515437944898,0.0,0.0,0.6772975259069279,0.0,1,Per(p=168),['None']
S2,Seasonal,0.010305674711809432,0.7146554117068877,0.0,0.09133254328925011,0.7555806985370845,0.1454681351486392,2,(RQ(α=0.1)+Per(p=336)),[np.str_('+')]
S2,Seasonal,0.0961706997332632,0.9999955011946331,0.0,0.1647158823575391,0.9999969866011371,0.3301713191455332,1,Per(p=10),['None']
S1,Composite,0.14985066182833273,0.129591255915687,0.0,0.36004654745687303,0.4415245324311352,0.6078124636245308,5,((((Per(p=7)+Lin(σ=10))+Per(p=52))*RBF(l=1))*Per(p=60)),"[np.str_('+'), np.str_('+'), np.str_('*'), np.str_('*')]"
S4,Trending,0.9999825731466857,0.0,0.0,0.9999834461613276,0.004672028170219278,0.050445983424936336,2,(Lin(σ=0)+RQ(α=0.1)),[np.str_('+')]
S2,Seasonal,0.0,0.99708987089661,0.0,0.03722539764339572,0.998759426587734,0.5777164772918155,2,(Per(p=48)+Const(1)),[np.str_('+')]
S2,Seasonal,0.0,0.19547823362450034,0.0,0.15555199452918245,0.38533159879538836,0.5575420326525273,1,Per(p=48),['None']
S2,Seasonal,0.22521154951461297,0.4794565819617156,0.0,0.3384530550503029,0.6115851739412695,0.3011460676890281,4,(((RQ(α=0.1)+WN(σ=1))*Per(p=14))+Per(p=6)),"[np.str_('+'), np.str_('*'), np.str_('+')]"
S1,Composite,0.956682012919094,0.9886066042904785,0.0,0.9850137100483571,0.9962103406734998,0.6699261693708108,4,(((Per(p=7)*Per(p=168))+Per(p=730))*Lin(σ=10)),"[np.str_('*'), np.str_('+'), np.str_('*')]"
S2,Seasonal,0.00023736419265174558,0.4349406818018319,0.0,0.05526256780213368,0.6403807675242815,0.5419686574893142,4,(((Per(p=10)*Per(p=96))+RBF(l=1))+Per(p=40)),"[np.str_('*'), np.str_('+'), np.str_('+')]"
S1,Composite,0.672487415754726,0.4641322825698905,0.0,0.8197474567633798,0.7221540869996965,0.6853148173111137,5,((((Per(p=12)*Per(p=48))+Per(p=365))*Lin(σ=0))+Const(1)),"[np.str_('*'), np.str_('+'), np.str_('*'), np.str_('+')]"
S2,Seasonal,0.12262143546160797,0.23905709991638158,0.0,0.4010760116408486,0.3589208194456619,0.37367078118920904,3,((Per(p=4)+WN(σ=1))*Per(p=14)),"[np.str_('+'), np.str_('*')]"
S2,Seasonal,0.0802570149159334,0.9999914760859842,0.0,0.135822045790855,0.9999939937802096,0.29485470076343623,1,Per(p=12),['None']
S3,Stationary,0.09266152127359706,0.17300930246895563,0.0,0.16987585631445823,0.3772816364453542,0.5544740679513369,1,RQ(α=1),['None']
S2,Seasonal,0.0,0.7568407048309316,0.0,0.08633501065677396,0.33699531118911263,0.0,4,(((Per(p=60)*Per(p=14))*Per(p=365))+Per(p=336)),"[np.str_('*'), np.str_('*'), np.str_('+')]"
S3,Stationary,0.22401689590884,0.4044033741627304,0.0,0.6894393460333778,0.8532436377903216,0.8973382959326673,1,RBF(l=10),['None']
S2,Seasonal,0.1076579714362379,0.4472091460995592,0.0,0.1800426167324085,0.8027744932846846,0.7239887979522933,3,((RBF(l=1)*Per(p=14))+RBF(l=10)),"[np.str_('*'), np.str_('+')]"
S2,Seasonal,0.0961615705451545,0.29407438303510947,0.0,0.5397014257560226,0.8336319593161218,0.8642160205676497,3,((RQ(α=10)*Per(p=52))*Per(p=96)),"[np.str_('*'), np.str_('*')]"
S2,Seasonal,0.04066311615806795,0.9999580294074805,0.0,0.07892361742819509,0.9999716533483011,0.32424591665987224,2,(Const(1)*Per(p=24)),[np.str_('*')]
S4,Trending,0.9999999964745376,0.2709795678978095,0.0,0.9999999975355583,0.3502311670180508,0.30096230273694013,1,Lin(σ=0),['None']
S2,Seasonal,0.3367091897076461,0.36880803458656164,0.0,0.4580818676198696,0.5072035061817637,0.4251904250032248,5,((((Per(p=40)*Per(p=60))+RBF(l=10))*Const(1))*Per(p=6)),"[np.str_('*'), np.str_('+'), np.str_('*'), np.str_('*')]"
S1,Composite,0.9970878702109152,0.9980251535617579,0.0,0.9979532190994442,0.9986505921401345,0.3227738152728451,5,((((Per(p=336)*Per(p=6))*Lin(σ=1))+Per(p=12))+Per(p=30)),"[np.str_('*'), np.str_('*'), np.str_('+'), np.str_('+')]"
S2,Seasonal,0.16405115528590186,0.17063028402226077,0.0,0.45455643053914374,0.2357193753191289,0.2997916116370837,2,(Per(p=40)*WN(σ=0.1)),[np.str_('*')]
S2,Seasonal,0.00652196428909857,0.7012839574229136,0.0,0.0,0.10090108681098942,0.0,2,(WN(σ=1)+Per(p=168)),[np.str_('+')]
S2,Seasonal,0.9999537739120286,0.06688574772704514,0.0,0.9999963324261082,0.5393563339730728,0.9214286503750531,1,Per(p=672),['None']
S2,Seasonal,0.5639541807735278,0.12337092367773095,0.0,0.7083203902263204,0.2005257711328342,0.4057660620465867,3,((WN(σ=1)+RQ(α=10))+Per(p=6)),"[np.str_('+'), np.str_('+')]"
S2,Seasonal,0.017212889655425112,0.6149271447136364,0.0,0.0,0.8875569776805539,0.6572682790867986,2,(Per(p=365)+Per(p=48)),[np.str_('+')]
S2,Seasonal,0.674938411517922,0.5587439945288418,0.0,0.8511203789229183,0.849288440850096,0.7640247466949436,3,((RQ(α=10)*Per(p=52))+Per(p=7)),"[np.str_('*'), np.str_('+')]"
S3,Stationary,0.13041031389527613,0.24554305377302488,0.0,0.2549136619808141,0.3048466672535711,0.2826173165606072,1,WN(σ=1),['None']
S2,Seasonal,0.202337293768434,0.7680967952665081,0.0,0.0857016836970853,0.7933128869861524,0.248453700760355,1,Per(p=24),['None']
S1,Composite,0.0625484335426556,0.09747668778067053,0.0,0.29536578138306624,0.15362267326913426,0.3765517861063412,4,(((WN(σ=0.1)+Per(p=26))*Lin(σ=1))*WN(σ=0.1)),"[np.str_('+'), np.str_('*'), np.str_('*')]"
S1,Composite,0.9999440033149722,0.9999852007327328,0.0,0.9999668504102579,0.9999912382070579,0.40822372201087864,4,(((Lin(σ=10)+WN(σ=1))+Per(p=168))*Per(p=10)),"[np.str_('+'), np.str_('+'), np.str_('*')]"
S2,Seasonal,0.40242685291031133,0.8635769708942415,0.0,0.5279386520377163,0.9109890330983734,0.40446672146585727,3,((Per(p=336)+Per(p=48))*Per(p=96)),"[np.str_('+'), np.str_('*')]"
S2,Seasonal,0.23058377398917584,0.2062321210112299,0.0,0.4204350540961137,0.45416734259621216,0.5707962632588875,4,(((RQ(α=0.1)+WN(σ=1))+Per(p=14))*Per(p=365)),"[np.str_('+'), np.str_('+'), np.str_('*')]"
S2,Seasonal,0.002341306682319799,0.9963540572284317,0.0,0.0,0.9699943284301061,0.0,1,Per(p=168),['None']
S2,Seasonal,0.042023287426159794,0.9999934648639703,0.0,0.13902450237570085,0.9999958224933276,0.3606375741794814,1,Per(p=12),['None']
S1,Composite,0.999990392733717,0.21096614974848826,0.0,0.9999935663462874,0.32531814583527263,0.329972066659295,3,((Lin(σ=1)+Per(p=730))+WN(σ=0.1)),"[np.str_('+'), np.str_('+')]"
S2,Seasonal,0.09314334722552309,0.5781096794648908,0.0,0.0,0.27110609205378733,0.0,2,(Per(p=336)+Per(p=365)),[np.str_('+')]
S2,Seasonal,0.36128033854486163,0.8619841342334462,0.0,0.3344546641063487,0.9170271710465975,0.47087708847682874,3,((Per(p=60)+Per(p=40))*Per(p=40)),"[np.str_('+'), np.str_('*')]"
S2,Seasonal,0.1482222562996749,0.5626927193702449,0.0,0.41390776685347475,0.6622493405536038,0.3262525093571317,3,((Per(p=4)*Per(p=730))+RBF(l=0.1)),"[np.str_('*'), np.str_('+')]"
S2,Seasonal,0.22092616348758054,0.7071650721137241,0.0,0.417363831029709,0.8683193945920442,0.6231509512863391,2,(RQ(α=1)+Per(p=14)),[np.str_('+')]
S2,Seasonal,0.26380023607524117,0.38152991497579336,0.0,0.3990052546416816,0.5274986955594017,0.423944540299217,5,((((Per(p=10)*Per(p=365))+RBF(l=0.1))*Per(p=336))+Per(p=7)),"[np.str_('*'), np.str_('+'), np.str_('*'), np.str_('+')]"
S2,Seasonal,0.0746378516195404,0.25372773573777874,0.0,0.17959510431148384,0.3815547261617729,0.33813322043623306,3,((WN(σ=0.1)*Per(p=52))*Per(p=26)),"[np.str_('*'), np.str_('*')]"
S1,Composite,0.20038107412607664,0.5619395457220369,0.0,0.31596462250254653,0.6579942101376155,0.3297938806913371,5,((((WN(σ=1)+Per(p=7))+Per(p=96))*Lin(σ=1))+Per(p=672)),"[np.str_('+'), np.str_('+'), np.str_('*'), np.str_('+')]"
S3,Stationary,0.06510147355787388,0.26210877130789845,0.0,0.21589226833465047,0.7617921888549442,0.7444546625959156,1,RQ(α=1),['None']
S3,Stationary,0.1130972386017135,0.20915889270696675,0.0,0.3376086784055068,0.29161445799803853,0.2764574614251323,1,WN(σ=1),['None']
S2,Seasonal,0.026200246330523314,0.9999950999233167,0.0,0.08076824789310189,0.9999972289124122,0.4344730956369942,1,Per(p=30),['None']
S2,Seasonal,0.7929046003398393,0.9124739675293931,0.0,0.9225246331572228,0.9821191950503072,0.8099737569771536,3,((Per(p=14)*Per(p=336))+Per(p=6)),"[np.str_('*'), np.str_('+')]"
S2,Seasonal,0.6445675719972892,0.9068244133053409,0.0,0.5984605615874758,0.9634955993445696,0.6181346821248652,1,Per(p=48),['None']
S2,Seasonal,0.12420421186653985,0.9999649988610086,0.0,0.27265069532926567,0.9999754516141689,0.2985349631926799,1,Per(p=6),['None']
S2,Seasonal,0.16623381822808891,0.2814973010577062,0.0,0.21051997699206737,0.3925112183193169,0.31537463104188446,5,((((Per(p=336)+RQ(α=10))*Per(p=6))*Per(p=26))*RQ(α=0.1)),"[np.str_('+'), np.str_('*'), np.str_('*'), np.str_('*')]"
S2,Seasonal,0.332397563822579,0.38439941771731645,0.0,0.4398070233092565,0.6077275077889036,0.5896820696651386,2,(RQ(α=1)+Per(p=12)),[np.str_('+')]
S2,Seasonal,0.9998976055920488,0.0,0.0,0.9999953085866529,0.8965525762274072,0.9545418375069644,2,(Per(p=672)*Per(p=730)),[np.str_('*')]
S2,Seasonal,0.7711385681863604,0.12824517442742334,0.0,0.8636959161825963,0.25367364520934144,0.5683472587661642,5,((((Per(p=336)*Per(p=30))+Per(p=365))+Per(p=168))*Const(1)),"[np.str_('*'), np.str_('+'), np.str_('+'), np.str_('*')]"
S2,Seasonal,0.17902605899698254,0.23299219612187128,0.0,0.39133830443611184,0.5484339027996741,0.7043324190290627,3,((RQ(α=10)*Per(p=52))*RQ(α=1)),"[np.str_('*'), np.str_('*')]"
S1,Composite,0.0528926300774486,0.14335476152596793,0.0,0.15334499350949393,0.3340024595324308,0.45914407736470175,3,((RQ(α=0.1)*Per(p=52))*Lin(σ=0)),"[np.str_('*'), np.str_('*')]"
S1,Composite,0.9999959205507818,0.9999980699707034,0.0,0.9999973534864457,0.9999987474064987,0.35108248910145934,3,((Lin(σ=1)*Per(p=26))+Per(p=30)),"[np.str_('*'), np.str_('+')]"
S1,Composite,0.9999935046511544,0.8551224567701325,0.0,0.9999996552509192,0.992272306671696,0.946953706383471,3,((Per(p=52)+Lin(σ=1))+RBF(l=10)),"[np.str_('+'), np.str_('+')]"
S2,Seasonal,0.2143047264720206,0.2349778521321928,0.0,0.3461230911169867,0.28378157996597153,0.3151982773530124,5,((((Per(p=672)*Per(p=4))+Per(p=52))*RQ(α=1))*RQ(α=0.1)),"[np.str_('*'), np.str_('+'), np.str_('*'), np.str_('*')]"
S1,Composite,0.030110984590800083,0.0,0.0,0.04927650541240591,0.23991363409044963,0.5081379215861405,5,((((Per(p=7)+Per(p=24))*Per(p=12))*Per(p=52))*Lin(σ=10)),"[np.str_('+'), np.str_('*'), np.str_('*'), np.str_('*')]"
S1,Composite,0.12604191006719612,0.1165928171337286,0.0,0.2689204410934296,0.2975482831191465,0.4086051345032571,3,((Lin(σ=1)*Per(p=30))*RQ(α=0.1)),"[np.str_('*'), np.str_('*')]"
S2,Seasonal,0.3692072089741437,0.38295455827432134,0.0,0.4364693302876037,0.5278985018964364,0.5052585074119156,3,((Per(p=30)*Per(p=14))*Per(p=12)),"[np.str_('*'), np.str_('*')]"
S4,Trending,0.11174550592071697,0.2474555794483001,0.0,0.4008066106084065,0.48337552424407737,0.5637784398858832,3,((Lin(σ=10)+WN(σ=1))*RBF(l=1)),"[np.str_('+'), np.str_('*')]"
S2,Seasonal,0.20567754640021463,0.1394613149717262,0.0,0.2890055782511509,0.3501652340428366,0.47177900482052326,5,((((RBF(l=1)+Per(p=48))*Per(p=48))*RBF(l=1))*Per(p=730)),"[np.str_('+'), np.str_('*'), np.str_('*'), np.str_('*')]"
S1,Composite,0.15251380339538123,0.5323517083075284,0.0,0.03457869872388386,0.0,0.0,5,((((Per(p=24)*Per(p=336))*Lin(σ=0))+Per(p=365))+RQ(α=0.1)),"[np.str_('*'), np.str_('*'), np.str_('+'), np.str_('+')]"
S1,Composite,0.9999991007653056,0.9999998802778741,0.0,0.9999996667153469,0.9999999556297657,0.6293960095660529,4,(((Per(p=365)+Lin(σ=1))*Per(p=10))*Per(p=10)),"[np.str_('+'), np.str_('*'), np.str_('*')]"
S2,Seasonal,0.043875078545317914,0.3991363109949988,0.0,0.05321133860406291,0.5242554507471932,0.3375250282338411,3,((WN(σ=1)*Per(p=48))+Per(p=48)),"[np.str_('*'), np.str_('+')]"
S1,Composite,0.9999960588006523,0.9479627392848444,0.0,0.9999966699220769,0.9546480930072593,0.15586656912161811,2,(Per(p=60)+Lin(σ=0)),[np.str_('+')]
S1,Composite,0.13489835066564515,0.1778720800739787,0.0,0.6195488925036701,0.879166167943452,0.9000483056553581,4,(((Const(1)*Per(p=30))*Lin(σ=10))*Per(p=96)),"[np.str_('*'), np.str_('*'), np.str_('*')]"
S3,Stationary,0.07425411573027163,0.19726253725038967,0.0,0.3213902875228857,0.3186651529690535,0.33518922256750994,1,RBF(l=0.1),['None']
S2,Seasonal,0.7644140841889367,0.22750604577192102,0.0,0.9314341902578607,0.5708220851946453,0.7634370436995435,5,((((Per(p=96)*RBF(l=10))*RQ(α=10))*Per(p=730))+Per(p=365)),"[np.str_('*'), np.str_('*'), np.str_('*'), np.str_('+')]"
S1,Composite,0.7895595723609102,0.428489752696821,0.0,0.9818249516659295,0.9629614175532215,0.9437232314745152,4,(((Lin(σ=1)+Per(p=52))+Per(p=52))*Per(p=168)),"[np.str_('+'), np.str_('+'), np.str_('*')]"
S3,Stationary,0.0,0.8391322871251597,0.0,0.0012469282456378794,0.8942546849626065,0.3715395179069728,2,(RBF(l=1)+RQ(α=10)),[np.str_('+')]
S2,Seasonal,0.4675758228339004,0.6667469441062375,0.0,0.6975133582320525,0.8620156883337743,0.7029056824655613,4,(((Per(p=48)+Per(p=336))+Per(p=336))+RBF(l=1)),"[np.str_('+'), np.str_('+'), np.str_('+')]"
S2,Seasonal,0.3617787222668255,0.2344826318510781,0.0,0.5795950979745546,0.5476270629664394,0.7526342246952142,3,((Per(p=26)+Per(p=24))*Per(p=14)),"[np.str_('+'), np.str_('*')]"
S1,Composite,0.9999995613759172,0.9606779180118316,0.0,0.9999991409321582,0.9093078841996364,0.0,2,(Per(p=365)+Lin(σ=0)),[np.str_('+')]
S1,Composite,0.056274131951020934,0.04798594417077695,0.0,0.4501699569005646,0.07551239486091421,0.3465481257005719,3,((Per(p=60)*WN(σ=1))*Lin(σ=0)),"[np.str_('*'), np.str_('*')]"
S3,Stationary,0.09296773818001025,0.20441863513862102,0.0,0.13783763372512337,0.32723087555657904,0.2835902825094154,1,RBF(l=0.1),['None']
S3,Stationary,0.03891346835941878,0.18884107995788146,0.0,0.15247623487952366,0.3687672891768705,0.38639419219340787,1,Const(1),['None']
S2,Seasonal,0.126574371073659,0.23540412510699593,0.0,0.2247268127058104,0.3680741114499765,0.41392889390653154,5,((((RQ(α=10)*RBF(l=1))*Per(p=14))+RBF(l=0.1))*Per(p=30)),"[np.str_('*'), np.str_('*'), np.str_('+'), np.str_('*')]"
S2,Seasonal,0.36465030861916004,0.4216997024696507,0.0,0.5596967416500442,0.5458407330587114,0.37834343679451155,2,(Per(p=6)*Per(p=26)),[np.str_('*')]
S4,Trending,0.9999793324231304,0.0,0.0,0.9999756584742966,0.0,0.0,1,Lin(σ=0),['None']
S2,Seasonal,0.10998335923493618,0.8080082863540534,0.0,0.2923046387213426,0.9780348611962224,0.9057593063485756,5,((((Per(p=30)*Per(p=6))+Per(p=14))+Per(p=10))+Per(p=40)),"[np.str_('*'), np.str_('+'), np.str_('+'), np.str_('+')]"
S2,Seasonal,0.37110147053225273,0.7109175268187231,0.0,0.39654319064499155,0.83079430197069,0.4180179987677707,2,(Per(p=365)+RQ(α=1)),[np.str_('+')]
S1,Composite,0.28326296737397194,0.173144443993704,0.0,0.44103255339759284,0.3274541276918048,0.5174243179319156,5,((((Per(p=52)+Per(p=10))*Per(p=40))*Per(p=6))*Lin(σ=10)),"[np.str_('+'), np.str_('*'), np.str_('*'), np.str_('*')]"
S2,Seasonal,0.2524519742683312,0.6648577725595745,0.0,0.32298199993459953,0.7891023146907322,0.44857760524382284,2,(Per(p=10)+RBF(l=1)),[np.str_('+')]
S2,Seasonal,0.1533225905641017,0.3143376953383348,0.0,0.23469797272465087,0.46482817539708954,0.5155467067780377,4,(((Per(p=14)*Per(p=672))*RQ(α=1))*Per(p=12)),"[np.str_('*'), np.str_('*'), np.str_('*')]"
S2,Seasonal,0.10624375074838521,0.22469151667123932,0.0,0.20490396304671,0.28734624917165985,0.2893471682417338,4,(((Per(p=12)+Per(p=60))*RQ(α=0.1))*RBF(l=1)),"[np.str_('+'), np.str_('*'), np.str_('*')]"
S2,Seasonal,0.11066099433695653,0.3062911360243247,0.0,0.10884292018221697,0.39142390713974473,0.28877765618893136,5,((((Per(p=40)*WN(σ=1))*Per(p=672))+Per(p=12))*RQ(α=0.1)),"[np.str_('*'), np.str_('*'), np.str_('+'), np.str_('*')]"
S2,Seasonal,0.1766692174085549,0.09985178101756431,0.0,0.521977946058479,0.1300209692295613,0.21528423114508,4,(((RQ(α=0.1)+Per(p=26))+Per(p=24))*WN(σ=1)),"[np.str_('+'), np.str_('+'), np.str_('*')]"
S2,Seasonal,0.2338358191583393,0.4257545155990091,0.0,0.4580659327658855,0.7710501344044424,0.729405970783104,5,((((Per(p=14)+RQ(α=10))+RQ(α=1))*Per(p=336))*Per(p=26)),"[np.str_('+'), np.str_('+'), np.str_('*'), np.str_('*')]"
S2,Seasonal,0.13323679780515363,0.3607559749457778,0.0,0.19007026889259793,0.5628182318368562,0.5298633568960142,5,((((Per(p=14)+Per(p=10))+RBF(l=1))+RBF(l=0.1))+Per(p=52)),"[np.str_('+'), np.str_('+'), np.str_('+'), np.str_('+')]"
S4,Trending,0.9999954758792227,0.5938559979034692,0.0,0.9999988033328417,0.8627096959091698,0.7353872728738068,2,(RBF(l=10)+Lin(σ=0)),[np.str_('+')]
S4,Trending,0.03571162822174789,0.5505925586053609,0.0,0.057237690336624625,0.8657821528552642,0.7235982796687355,3,((Lin(σ=10)+RQ(α=1))*RQ(α=10)),"[np.str_('+'), np.str_('*')]"
S2,Seasonal,0.15515346299950927,0.9999404957364191,0.0,0.34241346131671624,0.9999603342888824,0.3340619371796141,1,Per(p=6),['None']
S1,Composite,0.9999929713674032,0.947021027924708,0.0,0.9999991627448365,0.9929878475090674,0.8809270582548286,2,(Lin(σ=10)+Per(p=96)),[np.str_('+')]
S1,Composite,0.9999999973345397,0.9999906411630961,0.0,0.9999999980460446,0.9999931402821435,0.26694453206055435,2,(Lin(σ=10)+Per(p=6)),[np.str_('+')]
S2,Seasonal,0.21779237588302403,0.39375698161391137,0.0,0.0,0.5234894856024925,0.330774821230451,1,Per(p=26),['None']
S2,Seasonal,0.26937592108214403,0.6569011332793997,0.0,0.38684380306714017,0.663779283582764,0.1093037073769737,3,((Per(p=672)+Per(p=4))*Per(p=6)),"[np.str_('+'), np.str_('*')]"
S2,Seasonal,0.9037493543516929,0.8934416171471768,0.0,0.9375389144355171,0.9394268329212877,0.42717547295372416,4,(((Const(1)+RBF(l=10))+Per(p=10))+WN(σ=0.1)),"[np.str_('+'), np.str_('+'), np.str_('+')]"
S2,Seasonal,0.9958893398931449,0.9985156199381182,0.0,0.9989232072637532,0.9996045069982387,0.7416186625224828,3,((Per(p=672)*Const(1))*Per(p=14)),"[np.str_('*'), np.str_('*')]"
S2,Seasonal,0.9427637885550008,0.9060928631368627,0.0,0.9918537949311428,0.9877675079887067,0.8826862588274998,2,(RBF(l=10)+Per(p=24)),[np.str_('+')]
S2,Seasonal,0.16770609258057967,0.22031954143910604,0.0,0.1447622751068276,0.3934321691113978,0.4086048474069711,3,((Per(p=48)*Per(p=10))*RQ(α=1)),"[np.str_('*'), np.str_('*')]"
S4,Trending,0.9999718442988345,0.4595047602507507,0.0,0.9999950235115783,0.7972428607185291,0.8232981253395953,2,(Lin(σ=0)+RBF(l=10)),[np.str_('+')]
S3,Stationary,0.09426134833088895,0.08391072233593888,0.0,0.3547420439439385,0.12215990248077646,0.26466438549394633,1,RBF(l=0.1),['None']
S2,Seasonal,0.2890388666636522,0.3559885820046297,0.0,0.32279367457296626,0.4688647131665139,0.3343868985411511,3,((Per(p=40)+Per(p=14))+WN(σ=1)),"[np.str_('+'), np.str_('+')]"
S2,Seasonal,0.6386347882503425,0.585568382936432,0.0,0.6386871465220052,0.5849620283348542,0.0,1,Per(p=4),['None']
S2,Seasonal,0.15266316827324977,0.16194510529338635,0.0,0.4831580213325021,0.694751816056034,0.8081608190657446,5,((((WN(σ=0.1)*RQ(α=0.1))*Per(p=10))+RQ(α=10))*Per(p=168)),"[np.str_('*'), np.str_('*'), np.str_('+'), np.str_('*')]"
S2,Seasonal,0.28774428473133273,0.20024731618020875,0.0,0.49007888906483743,0.42475700337451106,0.6875378110210957,2,(Per(p=14)*RBF(l=10)),[np.str_('*')]
S2,Seasonal,0.32244149359937935,0.5362365186435112,0.0,0.49396071904879035,0.8310385570759555,0.7296383502966342,4,(((Per(p=12)*WN(σ=0.1))+WN(σ=0.1))+RBF(l=10)),"[np.str_('*'), np.str_('+'), np.str_('+')]"
S2,Seasonal,0.20095408958149807,0.6188794002883267,0.0,0.18727969679395307,0.6315818469836869,0.0554673783934283,1,Per(p=7),['None']
S2,Seasonal,0.19671540336875615,0.4104255720691653,0.0,0.5173025458547895,0.8243018508464326,0.7851458671186881,3,((Per(p=672)*RBF(l=10))+Per(p=40)),"[np.str_('*'), np.str_('+')]"
S1,Composite,0.23377940350237214,0.4167443418590582,0.0,0.4819339167446738,0.6327424499340504,0.6613419776165034,5,((((Per(p=24)*Lin(σ=1))+Per(p=60))*Per(p=30))*Per(p=730)),"[np.str_('*'), np.str_('+'), np.str_('*'), np.str_('*')]"
S2,Seasonal,0.09323446910459432,0.28124982773231555,0.0,0.14177292974753386,0.44177215714640516,0.37475561364116394,3,((Per(p=30)+RQ(α=0.1))+RBF(l=0.1)),"[np.str_('+'), np.str_('+')]"
S2,Seasonal,0.9993131576881774,0.9999138878394882,0.0,0.9995471007788034,0.9999430863595584,0.341394148901759,3,((Per(p=730)*Const(1))*Per(p=7)),"[np.str_('*'), np.str_('*')]"
S4,Trending,0.9999999988576117,0.2160319691685081,0.0,0.9999999992466405,0.3216022282261728,0.34054021276468316,1,Lin(σ=1),['None']
S2,Seasonal,0.26420351150167287,0.23118126352877455,0.0,0.3668460257566972,0.3566950573356261,0.47988030524327274,5,((((Per(p=26)+Per(p=336))*Const(1))*RBF(l=1))+RQ(α=1)),"[np.str_('+'), np.str_('*'), np.str_('*'), np.str_('+')]"
S2,Seasonal,0.5086132542491413,0.5062482804471649,0.0,0.6343033179107742,0.6787311654595161,0.5843454405670248,2,(RQ(α=1)+Per(p=7)),[np.str_('+')]
S2,Seasonal,0.832762061707508,0.9696137716793879,0.0,0.8029937236363591,0.9761140318590855,0.21942212481641865,2,(Per(p=24)+Per(p=6)),[np.str_('+')]
S2,Seasonal,0.9669444750526517,0.9692934894445361,0.0,0.9916567284458555,0.9929777244150823,0.776640564704077,4,(((Per(p=168)+Per(p=30))*Per(p=336))+Per(p=4)),"[np.str_('+'), np.str_('*'), np.str_('+')]"
S1,Composite,0.9999999997722088,0.9999999995219024,0.0,0.9999999998424902,0.9999999996694121,0.308535390861442,2,(Per(p=30)*Lin(σ=10)),[np.str_('*')]
S2,Seasonal,0.695603817702483,0.804481992748717,0.0,0.7931703441256831,0.8275328892341565,0.18915521624671272,2,(RQ(α=1)+Per(p=672)),[np.str_('+')]
S2,Seasonal,0.4948499370932272,0.14101509214261887,0.0,0.5812336508603564,0.3277611764603313,0.3801154510488064,2,(Per(p=365)+RBF(l=0.1)),[np.str_('+')]
S2,Seasonal,0.10800338787925978,0.46287131983722285,0.0,0.12490299269884997,0.5441533286481057,0.30040811438350146,2,(WN(σ=1)+Per(p=12)),[np.str_('+')]
S1,Composite,0.9999613794511384,0.10226929685002184,0.0,0.9999698744696288,0.12725711348784974,0.21958663372931642,3,((Per(p=4)+Lin(σ=0))+RQ(α=1)),"[np.str_('+'), np.str_('+')]"
S2,Seasonal,0.7115583695738037,0.4137851769054697,0.0,0.9837846224100423,0.9633133718405054,0.9622095237191906,4,(((Per(p=24)*Per(p=336))*Per(p=336))+RBF(l=10)),"[np.str_('*'), np.str_('*'), np.str_('+')]"
S3,Stationary,0.22123855201462816,0.22350034250618178,0.0,0.4205361137460256,0.4312796417795166,0.589028858238788,2,(RBF(l=1)*RBF(l=10)),[np.str_('*')]
S2,Seasonal,0.9987530981591672,0.9999141972244802,0.0,0.9994022166986802,0.999958814292576,0.5219085393461905,2,(Per(p=7)*Per(p=672)),[np.str_('*')]
S2,Seasonal,0.9975903908744317,0.0,0.0,0.9998601659225953,0.8618548813018307,0.9447454455320745,1,Per(p=336),['None']
S3,Stationary,0.19217680071887544,0.1807115294988424,0.0,0.41858642391332845,0.22527302910170643,0.20912772200203633,2,(RBF(l=10)*WN(σ=0.1)),[np.str_('*')]
S2,Seasonal,0.11207834690929686,0.29999976434343933,0.0,0.22831086729106276,0.4562227394904914,0.4703575213983259,4,(((RBF(l=1)*Per(p=6))+WN(σ=0.1))*Per(p=365)),"[np.str_('*'), np.str_('+'), np.str_('*')]"
S2,Seasonal,0.040286183129817466,0.5059189664951962,0.0,0.2645283285616078,0.9050531236984031,0.8757333015874493,5,((((Per(p=60)+WN(σ=0.1))*Per(p=336))*Per(p=30))*Per(p=336)),"[np.str_('+'), np.str_('*'), np.str_('*'), np.str_('*')]"
S2,Seasonal,0.23913618264048775,0.31339175922269913,0.0,0.45015802575928565,0.3611198767238277,0.3956060695556374,5,((((Per(p=730)+Per(p=12))+Per(p=10))*Per(p=12))*Per(p=168)),"[np.str_('+'), np.str_('+'), np.str_('*'), np.str_('*')]"
S2,Seasonal,0.8139725923186022,0.837321586441749,0.0,0.8635190535433022,0.8839682505557533,0.3324878330756612,3,((WN(σ=0.1)+Per(p=10))+Per(p=730)),"[np.str_('+'), np.str_('+')]"
S1,Composite,0.6425714412073019,0.8038984757535921,0.0,0.8559496729450087,0.9346222988931461,0.7602456267984451,5,((((Per(p=672)+Per(p=26))+Per(p=40))*Lin(σ=10))+RQ(α=10)),"[np.str_('+'), np.str_('+'), np.str_('*'), np.str_('+')]"
S2,Seasonal,0.349879150700103,0.20705097617811163,0.0,0.3427156444985182,0.2726278819399832,0.2928741755039942,2,(Per(p=14)*Per(p=4)),[np.str_('*')]
S2,Seasonal,0.16126277240981013,0.9999898948258106,0.0,0.35877224959537957,0.9999926737444816,0.2750298282396031,2,(Per(p=4)*Const(1)),[np.str_('*')]
S2,Seasonal,0.03897276227429369,0.4562496263891247,0.0,0.03043884822589793,0.5613927029449153,0.26602579689271166,3,((RQ(α=0.1)+Per(p=6))*Per(p=60)),"[np.str_('+'), np.str_('*')]"
S1,Composite,0.8525300970403686,0.19104693133932293,0.0,0.8871602001016736,0.2649433158294512,0.23110179985324075,2,(Lin(σ=1)*Per(p=7)),[np.str_('*')]
S4,Trending,0.9999996527092436,0.0,0.0,0.9999997564632159,0.0,0.2987589251569017,1,Lin(σ=0),['None']
S2,Seasonal,0.2369559897641934,0.14855938069823538,0.0,0.49264813399900265,0.6016617238429727,0.7855214737288032,4,(((RBF(l=10)+Per(p=672))*RQ(α=10))*Per(p=336)),"[np.str_('+'), np.str_('*'), np.str_('*')]"
S3,Stationary,0.18813473780196632,0.7249914257413261,0.0,0.1016407236922412,0.5477696676408161,0.0,1,RQ(α=1),['None']
S1,Composite,0.0306502346659685,0.15781615643267943,0.0,0.058924033205080883,0.5005945989692371,0.5137657330954188,3,((RQ(α=1)*Per(p=96))*Lin(σ=0)),"[np.str_('*'), np.str_('*')]"
S1,Composite,0.7136054562695204,0.5540179490367412,0.0,0.8510895028493177,0.7601238118268514,0.590986585946909,5,((((Per(p=96)+Per(p=26))*Lin(σ=1))+Per(p=365))*Per(p=12)),"[np.str_('+'), np.str_('*'), np.str_('+'), np.str_('*')]"
S4,Trending,0.999999999549001,0.2695966686330964,0.0,0.9999999996605069,0.3660937292591302,0.247241139963003,2,(Lin(σ=10)+Const(1)),[np.str_('+')]
S2,Seasonal,0.21894089058993227,0.41833037480468005,0.0,0.22902758952509572,0.562271947912997,0.3839273548010861,4,(((Per(p=26)*Per(p=26))+WN(σ=1))+Per(p=10)),"[np.str_('*'), np.str_('+'), np.str_('+')]"
S3,Stationary,0.11482479698993975,0.08207647717845468,0.0,0.42070562161353675,0.14575687778018576,0.32547255368163974,1,WN(σ=1),['None']
S3,Stationary,0.15821569146088443,0.27483693086083616,0.0,0.25506570831115405,0.37566240058026823,0.3001984957747674,1,WN(σ=0.1),['None']
S2,Seasonal,0.07141561495247328,0.03894790094581135,0.0,0.11414108574912896,0.5206240581413913,0.6635886231807515,3,((Per(p=12)*Per(p=96))*Per(p=24)),"[np.str_('*'), np.str_('*')]"
S2,Seasonal,0.048512331338221415,0.24446787362468247,0.0,0.08826671114843099,0.42265525551477146,0.39055830714159356,3,((Per(p=52)*Per(p=52))*RQ(α=0.1)),"[np.str_('*'), np.str_('*')]"
S2,Seasonal,0.1710682814662584,0.21391659233407212,0.0,0.330257182147764,0.39684707627511717,0.4799868420226725,5,((((Per(p=7)*RQ(α=10))*Per(p=60))*RBF(l=10))+WN(σ=1)),"[np.str_('*'), np.str_('*'), np.str_('*'), np.str_('+')]"
S2,Seasonal,0.0722898804961365,0.23772293242114517,0.0,0.12113389634242211,0.3170380471463792,0.29753754377146613,3,((WN(σ=1)*RBF(l=0.1))*Per(p=672)),"[np.str_('*'), np.str_('*')]"
S1,Composite,0.9998714489818148,0.6731139824966803,0.0,0.995812915288927,0.13321014376960771,0.0,4,(((Per(p=168)+RQ(α=10))+Per(p=730))+Lin(σ=0)),"[np.str_('+'), np.str_('+'), np.str_('+')]"
S2,Seasonal,0.0,0.9160024848565507,0.0,0.025133973966156242,0.9640629240164222,0.5740432899796533,2,(Per(p=6)*Per(p=96)),[np.str_('*')]
S1,Composite,0.9995518705936117,0.5780632418981674,0.0,0.9997268372201253,0.7098226768786767,0.3915977670523785,5,((((Lin(σ=10)+Per(p=40))+Lin(σ=1))+WN(σ=1))+Per(p=48)),"[np.str_('+'), np.str_('+'), np.str_('+'), np.str_('+')]"
S2,Seasonal,0.6064387290615734,0.6869559775555634,0.0,0.6068816093527891,0.6865964108308235,0.0,1,Per(p=4),['None']
S2,Seasonal,0.6358638390110029,0.8279637176009953,0.0,0.7485822275337108,0.9086831954438277,0.5229186150227936,4,(((Per(p=4)+RBF(l=1))*RBF(l=10))+Per(p=4)),"[np.str_('+'), np.str_('*'), np.str_('+')]"
S4,Trending,0.9999999984363283,0.21225882831776854,0.0,0.9999999989042745,0.3027336516675535,0.2992583508402664,1,Lin(σ=10),['None']
S2,Seasonal,0.0,0.6639591884428561,0.0,0.0031535604109454995,0.8514778837371754,0.6538949149853059,2,(Per(p=7)+Per(p=30)),[np.str_('+')]
S1,Composite,0.41457486076316974,0.9662979489269692,0.0,0.09254841539522674,0.8145675990222543,0.0,5,((((Per(p=26)*Per(p=30))*Lin(σ=1))*Per(p=336))*Per(p=336)),"[np.str_('*'), np.str_('*'), np.str_('*'), np.str_('*')]"
S2,Seasonal,0.5370873501765664,0.7270903618273596,0.0,0.40856612442023166,0.8097045943095834,0.43112035088519196,1,Per(p=48),['None']
S2,Seasonal,0.08576069017247467,0.720044705068146,0.0,0.18598879982902006,0.788537028315847,0.30776004823936365,2,(Per(p=12)+RBF(l=0.1)),[np.str_('+')]
S3,Stationary,0.027980270667394835,0.23299735383265274,0.0,0.06376775039939209,0.40574946323485317,0.38802111455132104,1,RQ(α=0.1),['None']
S1,Composite,0.9999889277792064,0.9985877782891068,0.0,0.9999575964802758,0.9946463893512385,0.0,2,(Lin(σ=0)+Per(p=168)),[np.str_('+')]
S3,Stationary,0.26541126787997193,0.2686194205107548,0.0,0.46078822707394307,0.4610665078657733,0.6211256533203674,2,(RQ(α=1)+RBF(l=1)),[np.str_('+')]
S2,Seasonal,0.04089771159745492,0.9999920869153989,0.0,0.11601202466279015,0.9999943681271994,0.2883017345370593,1,Per(p=26),['None']
S1,Composite,0.13112299225457424,0.05583615516385487,0.0,0.300219472798266,0.10869955351704741,0.3290132241922439,4,(((Per(p=60)+Lin(σ=1))*RQ(α=0.1))+Per(p=30)),"[np.str_('+'), np.str_('*'), np.str_('+')]"
S2,Seasonal,0.20226916213889046,0.11233934471732654,0.0,0.4997046890101712,0.14441179851735564,0.22831552923134157,3,((Per(p=60)*WN(σ=1))*Per(p=168)),"[np.str_('*'), np.str_('*')]"
S2,Seasonal,0.08329800320075753,0.0925191719659727,0.0,0.16746339067408178,0.14250661183502433,0.4955661895022928,3,((Per(p=52)*Per(p=40))*Per(p=24)),"[np.str_('*'), np.str_('*')]"
S1,Composite,0.9999891536598715,0.7427054440362182,0.0,0.9999937648709809,0.8354774447194517,0.42492334815910726,4,(((Per(p=7)*Per(p=4))+Lin(σ=1))+Per(p=96)),"[np.str_('*'), np.str_('+'), np.str_('+')]"
S2,Seasonal,0.004312571680692767,0.5851168321241993,0.0,0.027174063219154387,0.7477845964964656,0.5475077432865713,3,((Per(p=96)+Per(p=40))+RBF(l=1)),"[np.str_('+'), np.str_('+')]"
S1,Composite,0.9999883087705645,0.9999864139599127,0.0,0.9999994836408977,0.999999400084155,0.9558370610605086,4,(((Lin(σ=10)+Per(p=730))*Per(p=26))+Per(p=48)),"[np.str_('+'), np.str_('*'), np.str_('+')]"
S2,Seasonal,0.11398713034355035,0.5761558978152497,0.0,0.13684049120940955,0.7255184127696612,0.4659288269366011,4,(((Per(p=10)*WN(σ=0.1))*Per(p=26))+Per(p=30)),"[np.str_('*'), np.str_('*'), np.str_('+')]"
S2,Seasonal,0.18493104119680082,0.5303771515874475,0.0,0.2743700353547571,0.841851138214829,0.7930841924583016,3,((Const(1)*Per(p=48))*Per(p=30)),"[np.str_('*'), np.str_('*')]"
S4,Trending,0.9999753660591717,0.0,0.0,0.9999762315636062,0.0,0.03494914817438999,1,Lin(σ=1),['None']
S2,Seasonal,0.9999630789307918,0.0960117363852041,0.0,0.9999975452312136,0.4988232518581601,0.934083005069489,1,Per(p=672),['None']
S2,Seasonal,0.0,0.9966835691512652,0.0,0.3672384053554246,0.9989219841224011,0.6778706558642504,1,Per(p=40),['None']
S3,Stationary,0.14727487189013744,0.35217519864928204,0.0,0.1986520188436912,0.4448987978357285,0.3395927004772836,1,WN(σ=1),['None']
S1,Composite,0.3882047660603669,0.757313410040019,0.0,0.5568854775398033,0.8601290080629382,0.5200513056316662,5,((((Per(p=168)+Per(p=96))*Lin(σ=10))*Per(p=14))+Per(p=12)),"[np.str_('+'), np.str_('*'), np.str_('*'), np.str_('+')]"
S2,Seasonal,0.9984270390263921,0.9976086478893131,0.0,0.9999730371116725,0.9999605663283877,0.9835277142758568,3,((Per(p=24)+Per(p=336))+Per(p=336)),"[np.str_('+'), np.str_('+')]"
S2,Seasonal,0.4457407659418491,0.5694795806707843,0.0,0.591098158377723,0.6639793327552194,0.31727363998909064,5,((((Per(p=4)+Per(p=48))+WN(σ=1))+Per(p=14))*Per(p=730)),"[np.str_('+'), np.str_('+'), np.str_('+'), np.str_('*')]"
S3,Stationary,0.04681436111883985,0.263536313125057,0.0,0.07505394246862473,0.4739350262054911,0.47536676626040986,1,RQ(α=0.1),['None']
S2,Seasonal,0.0,0.9676628861469622,0.0,0.06422325467760193,0.9925462698363807,0.7805569783734112,2,(Per(p=60)+Per(p=168)),[np.str_('+')]
S3,Stationary,0.17656081224643072,0.16130642768339298,0.0,0.4341107882447097,0.23251964457721508,0.3318844689905126,2,(Const(1)*Const(1)),[np.str_('*')]
S3,Stationary,0.07460864217736285,0.3870240491950393,0.0,0.13824465090505478,0.6352907820209391,0.6281492467643067,1,RBF(l=1),['None']
S3,Stationary,0.2417253323831916,0.09602100393596325,0.0,0.5199434021022296,0.13664389018587808,0.27241744896994213,1,WN(σ=0.1),['None']
S2,Seasonal,0.30086046637643016,0.6834771502875974,0.0,0.5182665956050438,0.863466145295631,0.6626942091777523,3,((Per(p=40)+Per(p=336))+RBF(l=1)),"[np.str_('+'), np.str_('+')]"
S2,Seasonal,0.021983831071061055,0.44229694641824646,0.0,0.03697565649562273,0.1481006582171086,0.0,2,(RQ(α=0.1)*Per(p=6)),[np.str_('*')]
S1,Composite,0.9998152525803753,0.0,0.0,0.9999200329095439,0.0,0.5717973722450629,2,(Lin(σ=10)*Per(p=730)),[np.str_('*')]
S2,Seasonal,0.0,0.41767658815882125,0.0,0.0036914018192671927,0.7015741450944128,0.5915747244382499,3,((Per(p=7)*Per(p=40))*Per(p=60)),"[np.str_('*'), np.str_('*')]"
S4,Trending,0.9972197160643075,0.15266141925122167,0.0,0.9983577792690027,0.35903352323068205,0.4042960139002688,4,(((RBF(l=1)*RBF(l=1))+Lin(σ=0))+RBF(l=0.1)),"[np.str_('*'), np.str_('+'), np.str_('+')]"
S2,Seasonal,0.03797711508793966,0.49132477019368914,0.0,0.10546396730965824,0.573370253866677,0.3461333937333396,2,(Per(p=30)+WN(σ=1)),[np.str_('+')]
S2,Seasonal,0.2054295786792184,0.481810681135759,0.0,0.2921275012681753,0.5431549468957346,0.4756517775530883,3,((Per(p=672)*RBF(l=10))*Per(p=60)),"[np.str_('*'), np.str_('*')]"
S2,Seasonal,0.12475820136133586,0.5736401499956889,0.0,0.18532333423039626,0.7285707797565042,0.4208382143180742,5,((((Per(p=24)+RBF(l=0.1))+Per(p=4))+Per(p=12))+Per(p=10)),"[np.str_('+'), np.str_('+'), np.str_('+'), np.str_('+')]"
S3,Stationary,0.2413196693220777,0.15809328234542952,0.0,0.512374747928109,0.20020586407068197,0.21802546028747394,1,RBF(l=0.1),['None']
S2,Seasonal,0.15006280577506348,0.4450052331193305,0.0,0.45697638164803867,0.741707199306768,0.6740091272762275,3,((Per(p=48)+Per(p=30))+Per(p=168)),"[np.str_('+'), np.str_('+')]"
S2,Seasonal,0.127811441110821,0.10634576621816205,0.0,0.33329719340125785,0.15875507987063409,0.32454553488712357,5,((((Per(p=365)+Per(p=4))*Per(p=4))+Per(p=7))*WN(σ=1)),"[np.str_('+'), np.str_('*'), np.str_('+'), np.str_('*')]"
S2,Seasonal,0.15272697087996046,0.36708659386513776,0.0,0.2647271129988643,0.47355901427397573,0.3295725404996197,4,(((RBF(l=0.1)+Per(p=730))+WN(σ=1))+Per(p=12)),"[np.str_('+'), np.str_('+'), np.str_('+')]"
S2,Seasonal,0.5279161272684685,0.4626285740600069,0.0,0.6282010090282351,0.6237886360273786,0.48237168750918535,5,((((Per(p=40)+Per(p=12))+RQ(α=0.1))*Per(p=672))+Per(p=336)),"[np.str_('+'), np.str_('+'), np.str_('*'), np.str_('+')]"
S2,Seasonal,0.01645218239896007,0.04490058476812264,0.0,0.009918555506307047,0.5327041864643078,0.5096099218864547,2,(Per(p=6)*Per(p=60)),[np.str_('*')]
S2,Seasonal,0.45295355590443565,0.28863148098000935,0.0,0.6676748383483322,0.7519867776326812,0.7651589410682819,1,Per(p=730),['None']
S1,Composite,0.999997761220158,0.9343155837924574,0.0,0.9999977417826269,0.9335051805779931,0.0,3,((Lin(σ=1)+Per(p=24))+Per(p=14)),"[np.str_('+'), np.str_('+')]"
S3,Stationary,0.19410038380092987,0.1289935992696708,0.0,0.5227591392399649,0.16721588985548674,0.24489103462539707,1,Const(1),['None']
S2,Seasonal,0.9998905178540659,0.125153465992495,0.0,0.9999894836015043,0.5830690909263019,0.9050297499173413,1,Per(p=672),['None']
S4,Trending,0.7991892242509413,0.12679079284775985,0.0,0.8676279455362506,0.1891610514944524,0.3317077125652125,3,((WN(σ=0.1)*Lin(σ=0))+Lin(σ=1)),"[np.str_('*'), np.str_('+')]"
S2,Seasonal,0.055394262747264666,0.26561420294456106,0.0,0.11268043246239867,0.6220329429283573,0.47802660916509154,5,((((Per(p=4)*WN(σ=1))+Per(p=26))*RBF(l=0.1))+RBF(l=10)),"[np.str_('*'), np.str_('+'), np.str_('*'), np.str_('+')]"
S2,Seasonal,0.13461098934780302,0.36704794918069583,0.0,0.2926713781619782,0.6645004055565928,0.6654757477479836,4,(((Per(p=26)+Per(p=4))*Per(p=48))*RQ(α=10)),"[np.str_('+'), np.str_('*'), np.str_('*')]"
S2,Seasonal,0.039014315812871625,0.19870827421437665,0.0,0.1544634756637342,0.32307876667645397,0.30383945895940967,3,((Per(p=14)*Per(p=12))*WN(σ=1)),"[np.str_('*'), np.str_('*')]"
S2,Seasonal,0.08631109749200805,0.9576003446189514,0.0,0.14177390186277672,0.9661587302735788,0.2170149547049146,3,((Per(p=26)*WN(σ=0.1))+Per(p=14)),"[np.str_('*'), np.str_('+')]"
S2,Seasonal,0.1224952892135025,0.8741249806332025,0.0,0.0815343201352755,0.9472524180085962,0.6424231751233225,4,(((Per(p=48)+Per(p=40))+Per(p=40))+Per(p=40)),"[np.str_('+'), np.str_('+'), np.str_('+')]"
S3,Stationary,0.12834623171036819,0.14974983018594767,0.0,0.37746515491712584,0.2457490330599037,0.3568501280532669,1,Const(1),['None']
S2,Seasonal,0.04944234637867606,0.9999577130158869,0.0,0.05125913351376665,0.9999719771670365,0.33756398108465024,1,Per(p=30),['None']
S2,Seasonal,0.8455383197329105,0.9774473283015184,0.0,0.9868211906387706,0.9983003852787286,0.9341349384416148,2,(Per(p=336)+Per(p=52)),[np.str_('+')]
S2,Seasonal,0.4439664564506096,0.6450435222271743,0.0,0.5611508890648782,0.7509993203881924,0.38802131304799803,3,((RQ(α=0.1)+Per(p=730))+Per(p=40)),"[np.str_('+'), np.str_('+')]"
S2,Seasonal,0.10554806895755253,0.17676451180886976,0.0,0.12533339808982003,0.28885697007086286,0.3417216266709844,2,(RQ(α=0.1)*Per(p=672)),[np.str_('*')]
S1,Composite,0.2002825841748559,0.5404933212058302,0.0,0.6674389556539697,0.8442246289803663,0.7856253999727459,5,((((Per(p=48)+Per(p=30))+Const(1))*Lin(σ=1))+RBF(l=1)),"[np.str_('+'), np.str_('+'), np.str_('*'), np.str_('+')]"
S2,Seasonal,0.25263094528647556,0.24844198900480674,0.0,0.40115343564016614,0.40853653653356414,0.5829862882194181,4,(((Per(p=24)*Per(p=168))*Per(p=10))+Per(p=6)),"[np.str_('*'), np.str_('*'), np.str_('+')]"
S2,Seasonal,0.2547872450867358,0.339967136095349,0.0,0.2967922568350789,0.4821674990881244,0.45926770436594233,4,(((RBF(l=10)*Per(p=30))*RQ(α=1))*RQ(α=1)),"[np.str_('*'), np.str_('*'), np.str_('*')]"
S2,Seasonal,0.0969607167379174,0.9999953003880739,0.0,0.15045693210252264,0.999997067905287,0.3760425386526345,1,Per(p=12),['None']
S2,Seasonal,0.15992458546085198,0.9999959384092922,0.0,0.2834919456282683,0.9999971576875357,0.3001983393015294,1,Per(p=6),['None']
S2,Seasonal,0.3461799191391278,0.7411408862288817,0.0,0.44508896418028054,0.939730443588698,0.7171861508970137,2,(Per(p=10)+Per(p=365)),[np.str_('+')]
S2,Seasonal,0.46212685856891556,0.3412825613693913,0.0,0.6015927950414823,0.513810897793814,0.5207108122646449,3,((Const(1)*RBF(l=10))+Per(p=12)),"[np.str_('*'), np.str_('+')]"
S1,Composite,0.2200004766999254,0.3696836474445101,0.0,0.5760881152952562,0.8749748042086312,0.872282585747348,5,((((Per(p=672)+Lin(σ=1))+Per(p=26))*RQ(α=10))+WN(σ=1)),"[np.str_('+'), np.str_('+'), np.str_('*'), np.str_('+')]"
S2,Seasonal,0.10532340552274233,0.72012897251381,0.0,0.14545159857416112,0.7756822903483995,0.14456412865360657,2,(WN(σ=1)+Per(p=730)),[np.str_('+')]
S1,Composite,0.9997746038480506,0.298529399486556,0.0,0.9999329966248951,0.6344381956574218,0.7036568053853005,5,((((Per(p=40)*RBF(l=1))+Per(p=96))+Per(p=336))+Lin(σ=1)),"[np.str_('*'), np.str_('+'), np.str_('+'), np.str_('+')]"
S2,Seasonal,0.17387477885632685,0.2522766733510369,0.0,0.337981207138505,0.39351536494241246,0.40369652001011147,3,((WN(σ=0.1)+Per(p=730))*RQ(α=0.1)),"[np.str_('+'), np.str_('*')]"
S2,Seasonal,0.2587721558613194,0.4238282135190007,0.0,0.32689338180370886,0.5353723827397127,0.4472380277566316,5,((((Per(p=6)+RBF(l=1))*Per(p=24))*Per(p=52))+Per(p=14)),"[np.str_('+'), np.str_('*'), np.str_('*'), np.str_('+')]"
S3,Stationary,0.13810009349070507,0.27539831946320503,0.0,0.2501241238385047,0.37743461297228376,0.350736465988276,2,(RQ(α=10)*RQ(α=0.1)),[np.str_('*')]
S2,Seasonal,0.09373888969770372,0.2293056826591211,0.0,0.2255705010222253,0.32488681107353623,0.22540672116285498,3,((Per(p=14)*RBF(l=0.1))+WN(σ=0.1)),"[np.str_('*'), np.str_('+')]"
S3,Stationary,0.07714134865463329,0.15693211946229535,0.0,0.2215206315231495,0.31824019246175617,0.34769935485229664,1,WN(σ=0.1),['None']
S2,Seasonal,0.01673274583554163,0.4453296995106719,0.0,0.04293712460827126,0.6131427327430284,0.37722424260228726,2,(RBF(l=0.1)+Per(p=60)),[np.str_('+')]
S2,Seasonal,0.0675440692971716,0.193845760290295,0.0,0.13965553275814013,0.359426478777929,0.4005166029636361,3,((WN(σ=0.1)*RBF(l=1))*Per(p=168)),"[np.str_('*'), np.str_('*')]"
S1,Composite,0.9999185894993757,0.9999961579152838,0.0,0.9999376234571713,0.9999970638407154,0.2358523243972278,4,(((Lin(σ=1)+Per(p=4))*Per(p=730))*Per(p=4)),"[np.str_('+'), np.str_('*'), np.str_('*')]"
S2,Seasonal,0.372209556020468,0.5089539888126924,0.0,0.4303755535575099,0.6616227971124878,0.4792675833624661,5,((((Per(p=96)*RQ(α=0.1))+Per(p=14))*Per(p=7))+RQ(α=10)),"[np.str_('*'), np.str_('+'), np.str_('*'), np.str_('+')]"
S2,Seasonal,0.23733079160958737,0.565249516139373,0.0,0.12613716422822507,0.8109595722260958,0.5098222893054145,3,((Per(p=60)+Per(p=4))*Per(p=30)),"[np.str_('+'), np.str_('*')]"
S2,Seasonal,0.8564721074379722,0.926158085740205,0.0,0.9341279473650728,0.969211838913811,0.614670435876224,3,((Per(p=336)*Const(1))*Per(p=26)),"[np.str_('*'), np.str_('*')]"
S2,Seasonal,0.17735540323063048,0.14628811704375,0.0,0.34075084447177506,0.23110123873707333,0.33374393207328235,2,(RQ(α=0.1)+Per(p=7)),[np.str_('+')]
S3,Stationary,0.0008175082954362534,0.31516233979243735,0.0,0.01326782282805361,0.4869739548397015,0.35628186072300183,1,Const(1),['None']
S2,Seasonal,0.03639997689183139,0.537939139403894,0.0,0.11787970537068815,0.6568634317307661,0.31531691141790286,3,((Per(p=4)*WN(σ=1))+Per(p=14)),"[np.str_('*'), np.str_('+')]"
S2,Seasonal,0.9816619386189483,0.9719238642013457,0.0,0.9889894123398069,0.983679426765406,0.44383410762510944,3,((Per(p=7)+Per(p=96))*Per(p=168)),"[np.str_('+'), np.str_('*')]"
S1,Composite,0.11753759862802549,0.1419361260285925,0.0,0.5883360985254271,0.2815461358251272,0.5684757244341863,4,(((Lin(σ=0)*Per(p=672))+Per(p=52))*Per(p=7)),"[np.str_('*'), np.str_('+'), np.str_('*')]"
S4,Trending,0.9999887463025674,0.12068530327409999,0.0,0.9999930005084432,0.35302108801222676,0.3773125896965761,3,((RBF(l=0.1)+Lin(σ=0))*Lin(σ=10)),"[np.str_('+'), np.str_('*')]"
S3,Stationary,0.07386047130903206,0.3145611148641476,0.0,0.11574193910394281,0.50602417434303,0.5005165447633786,2,(RQ(α=0.1)+RBF(l=1)),[np.str_('+')]
S1,Composite,0.1974162147061107,0.3859172015240325,0.0,0.3808074165704608,0.8389943311817045,0.76368478022052,5,((((Per(p=10)+Per(p=40))*Per(p=60))*Lin(σ=1))*Per(p=730)),"[np.str_('+'), np.str_('*'), np.str_('*'), np.str_('*')]"
S2,Seasonal,0.003128005809525658,0.8725223724124938,0.0,0.0,0.6797503604645014,0.0,3,((Per(p=168)+Per(p=26))*Per(p=24)),"[np.str_('+'), np.str_('*')]"
S2,Seasonal,0.475799109793811,0.5282707064472933,0.0,0.8825774526200996,0.940648541010875,0.926808466030926,3,((RQ(α=10)+Per(p=60))+RBF(l=10)),"[np.str_('+'), np.str_('+')]"
S1,Composite,0.20068450296100404,0.00539957138453373,0.0,0.6854617769829114,0.6838556411166108,0.8907539445448334,3,((Per(p=672)*Lin(σ=0))*RBF(l=10)),"[np.str_('*'), np.str_('*')]"
S1,Composite,0.3146907437750376,0.13996226622755092,0.0,0.5347718535046829,0.18175362653315552,0.26384783516319077,5,((((Lin(σ=10)*Per(p=4))*Per(p=4))+Per(p=336))*RQ(α=10)),"[np.str_('*'), np.str_('*'), np.str_('+'), np.str_('*')]"
S1,Composite,0.9999968960839258,0.0,0.0,0.9999997774495121,0.6981114673598533,0.9283264855640188,4,(((Per(p=336)+RBF(l=10))+Lin(σ=1))+Per(p=336)),"[np.str_('+'), np.str_('+'), np.str_('+')]"
S2,Seasonal,0.2126582579290749,0.6881007324913553,0.0,0.16690566308487098,0.8308598064316276,0.5301985735045576,3,((WN(σ=0.1)+Per(p=10))*Per(p=7)),"[np.str_('+'), np.str_('*')]"
S2,Seasonal,0.2442592902620062,0.23171165312118902,0.0,0.4229233642193073,0.3515829709520293,0.5048825556456306,4,(((Per(p=168)+Per(p=730))*Per(p=26))*RBF(l=1)),"[np.str_('+'), np.str_('*'), np.str_('*')]"
S1,Composite,0.08621615996932064,0.25964246010643466,0.0,0.2950921821090776,0.4234976150868168,0.5222995337090167,5,((((Per(p=12)*Per(p=24))*Per(p=4))*Lin(σ=1))*Per(p=672)),"[np.str_('*'), np.str_('*'), np.str_('*'), np.str_('*')]"
S2,Seasonal,0.0803778471314206,0.5063385349411436,0.0,0.0,0.018306154520620788,0.0,5,((((WN(σ=1)+Per(p=24))*Per(p=336))+Per(p=24))+RBF(l=10)),"[np.str_('+'), np.str_('*'), np.str_('+'), np.str_('+')]"
S1,Composite,0.9999983389278392,0.16347250598063845,0.0,0.9999988727459163,0.27203107685870875,0.32142029821748674,3,((Per(p=365)*WN(σ=0.1))+Lin(σ=1)),"[np.str_('*'), np.str_('+')]"
S2,Seasonal,0.014557368023388473,0.9980747249277975,0.0,0.7260023038469783,0.9999089589893874,0.9531894397077894,1,Per(p=52),['None']
S2,Seasonal,0.3300907713764213,0.5028824720203913,0.0,0.4279216841285902,0.6157522054271628,0.3072343576093254,4,(((Per(p=26)+RBF(l=0.1))*Const(1))+Per(p=730)),"[np.str_('+'), np.str_('*'), np.str_('+')]"
S2,Seasonal,0.09721603903524312,0.9999948180847623,0.0,0.28288268483018897,0.9999963326183647,0.29231683094951755,1,Per(p=4),['None']
S1,Composite,0.17514578126146518,0.34846669551422527,0.0,0.28595958018802636,0.5511037004554242,0.43134855078564305,5,((((Per(p=52)+Per(p=4))*Lin(σ=0))*Lin(σ=10))*Per(p=40)),"[np.str_('+'), np.str_('*'), np.str_('*'), np.str_('*')]"
S1,Composite,0.9999999993005025,0.9999438623701767,0.0,0.999999966063114,0.997206769098957,0.0,2,(Per(p=168)+Lin(σ=10)),[np.str_('+')]
S1,Composite,0.9999413489449658,0.6833447218170527,0.0,0.9999607112958053,0.7547699430721381,0.33113176800864963,5,((((Lin(σ=1)+Per(p=14))+WN(σ=1))+Per(p=7))+Per(p=52)),"[np.str_('+'), np.str_('+'), np.str_('+'), np.str_('+')]"
S1,Composite,0.07587826973863931,0.0,0.0,0.4023338964476949,0.0,0.18185451264465735,4,(((Lin(σ=1)*RBF(l=0.1))+Per(p=365))+Lin(σ=10)),"[np.str_('*'), np.str_('+'), np.str_('+')]"
S2,Seasonal,0.7193115668081245,0.4401971740074161,0.0,0.9660734983651108,0.9520831035201678,0.9399152584414917,5,((((Per(p=52)+Per(p=48))+RQ(α=10))+RBF(l=10))*Per(p=730)),"[np.str_('+'), np.str_('+'), np.str_('+'), np.str_('*')]"
S2,Seasonal,0.0031299311388046647,0.5106683590570716,0.0,0.010094960679992049,0.6856361454463383,0.46368382805817876,4,(((RQ(α=0.1)*Per(p=48))+Const(1))*Per(p=336)),"[np.str_('*'), np.str_('+'), np.str_('*')]"
S2,Seasonal,0.012598711984578848,0.9227589667580899,0.0,0.023376632561897925,0.9546973354267274,0.48252451809236385,1,Per(p=60),['None']
S2,Seasonal,0.44191097181810524,0.42192542373110464,0.0,0.6259226601663567,0.7278307700513241,0.7431620770890845,5,((((Per(p=12)*Per(p=168))+Per(p=30))*RBF(l=10))+Per(p=672)),"[np.str_('*'), np.str_('+'), np.str_('*'), np.str_('+')]"
S3,Stationary,0.11262432709003978,0.22380457760853922,0.0,0.1813209962098049,0.3140141891844742,0.3589423550062989,1,RQ(α=0.1),['None']
S2,Seasonal,0.5879508713748152,0.6314422922998056,0.0,0.7258728871101949,0.827833666874077,0.606720591907639,4,(((Per(p=24)*Per(p=24))*Per(p=365))+Per(p=4)),"[np.str_('*'), np.str_('*'), np.str_('+')]"
S2,Seasonal,0.2598745133795701,0.6786260481160737,0.0,0.3261957188212956,0.7766012562563985,0.42910807076780777,4,(((Per(p=4)+Per(p=48))+RQ(α=0.1))+Per(p=365)),"[np.str_('+'), np.str_('+'), np.str_('+')]"
S4,Trending,0.05476358502184775,0.17028269618790726,0.0,0.16700440707687725,0.2999053961672127,0.41603067793998394,4,(((RQ(α=0.1)+RBF(l=0.1))+WN(σ=0.1))*Lin(σ=10)),"[np.str_('+'), np.str_('+'), np.str_('*')]"
S1,Composite,0.9991106532276498,0.12073817193802772,0.0,0.9994020399263732,0.25556981577889015,0.32659793069153864,3,((Per(p=365)*WN(σ=1))+Lin(σ=0)),"[np.str_('*'), np.str_('+')]"
S2,Seasonal,0.14031601619053158,0.41778469254509776,0.0,0.18873620000969227,0.5538295406899905,0.3443824354163719,3,((RBF(l=10)*Per(p=4))+Per(p=60)),"[np.str_('*'), np.str_('+')]"
S2,Seasonal,0.0,0.9975417081653797,0.0,0.0,0.9914625069067506,0.0,1,Per(p=168),['None']
S2,Seasonal,0.008121817804956022,0.43623492578807943,0.0,0.15518977302829828,0.5952340644089573,0.4747614072362445,4,(((Per(p=12)+Per(p=14))+RBF(l=0.1))+Per(p=12)),"[np.str_('+'), np.str_('+'), np.str_('+')]"
S2,Seasonal,0.7958568431704309,0.3643453484677114,0.0,0.8509379398762718,0.5683725752740041,0.5398725629613172,5,((((Per(p=96)+Per(p=12))*Per(p=336))*Per(p=168))+Per(p=96)),"[np.str_('+'), np.str_('*'), np.str_('*'), np.str_('+')]"
S3,Stationary,0.06864793235210342,0.2930733841043812,0.0,0.09502348530191684,0.4359459569398614,0.45966075778527615,1,RQ(α=0.1),['None']
S4,Trending,0.9999998709350716,0.48092071538954295,0.0,0.9999999189583874,0.07586018627515534,0.37213633810494295,2,(Lin(σ=10)*Lin(σ=1)),[np.str_('*')]
S2,Seasonal,0.12274251537520431,0.7195837950162738,0.0,0.36627544779838606,0.913941621171974,0.7826550936372185,4,(((Per(p=7)+Per(p=60))+Per(p=365))*Per(p=60)),"[np.str_('+'), np.str_('+'), np.str_('*')]"
S2,Seasonal,0.7720395962947942,0.603973093528579,0.0,0.8849923762169087,0.8066327882460245,0.6521430963877469,2,(Per(p=336)+Per(p=14)),[np.str_('+')]
