data,method,cl,hl,mae,mse,wape,smape,inf_time,mae_scl,mse_scl,wape_scl,smape_scl
Etth1,TimesFM,96,96,1.9137,6.8742,29.55,43.52,10.018912553787231,0.2292,0.0986,19.33,23.44
Etth1,TimesFM,96,192,2.4917,11.441,38.47,51.36,9.952334880828857,0.2985,0.1642,25.16,30.41
Etth1,TimesFM,96,336,2.1459,7.8906,33.13,42.85,8.690228700637817,0.257,0.1132,21.67,25.47
Etth1,TimesFM,96,720,2.734,12.5955,42.21,49.73,8.618504285812378,0.3275,0.1807,27.61,32.56
