data,method,cl,hl,ft_method,ft_ratio,rank,alpha,dropout,target_modules,batch_size,lr,epochs,mae,mse,wape,smape,tr_time,inf_time
Etth1,TimesFM,96,192,LoRA,0.7,2,8,0.05,"['qkv_proj', 'out']",32,0.0001,5,2.5706348,12.471597,39.68831,55.348747,194.35978317260742,11.72430944442749
Etth1,TimesFM,96,192,LoRA,0.7,2,8,0.05,"['qkv_proj', 'out']",32,0.0001,5,2.5599113,12.256771,39.522747,55.287216,191.06094431877136,11.627326250076294
Etth1,TimesFM,96,192,LoRA,0.7,2,8,0.05,"['qkv_proj', 'out']",32,0.0001,5,2.566579,12.274034,39.625694,55.42751,188.145925283432,11.172441482543945
Etth1,TimesFM,96,192,LoRA,0.7,2,8,0.05,"['qkv_proj', 'out']",32,0.0001,1,2.6475015,13.526831,40.87506,55.829823,37.75155830383301,10.88947319984436
Etth1,TimesFM,96,192,LoRA,0.7,2,8,0.05,"['qkv_proj', 'out']",32,0.0001,1,2.6689873,13.738713,41.206783,55.993862,38.66611933708191,11.35147476196289
Etth1,TimesFM,96,192,LoRA,0.7,2,8,0.05,"['qkv_proj', 'out']",32,0.0001,1,2.64156,13.494993,40.78333,55.820362,39.060296297073364,11.28550100326538
